accidentDate;accidentTime;accidentDay;settlementType;settlement;district;streetType;streetName;houseNumber;locationComments;accidentType;mainAccidentCause;totalParticipantsAmount;injuryStatusParticipant1;injuryStatusParticipant2;injuryStatusParticipant3;injuryStatusParticipant4;injuryStatusParticipant5;injuryStatusParticipant6;injuryStatusParticipant7;injuryStatusParticipant8;injuryStatusParticipant9;latitude;longitude;injuryStatusParticipant10;injuryStatusParticipant11;injuryStatusParticipant12;injuryStatusParticipant13;injuryStatusParticipant14;injuryStatusParticipant15;injuryStatusParticipant16;injuryStatusParticipant17;injuryStatusParticipant18;injuryStatusParticipant19;injuryStatusParticipant20
2017-02-09;15:35:00;четвер;місто;Львів;Шевченківський;вулиця;Грінченка Б.;;;падіння пасажира;;2;легко травмований;без ушкоджень;;;;;;;;49.870756;24.05508;;;;;;;;;;;
2017-02-18;21:01:00;субота;місто;Львів;Сихівський;вулиця;Кавалерідзе І.;9;;падіння пасажира;;2;без ушкоджень;легко травмований;;;;;;;;49.792479;24.065793;;;;;;;;;;;
2017-02-16;21:45:00;четвер;місто;Львів;Галицький;вулиця;Городоцька;;ТЦ Магнус;наїзд на пішохода - на нерегульованому пішохідному переході;;2;без ушкоджень;легко травмований;;;;;;;;49.844168;24.024675;;;;;;;;;;;
2017-02-07;9:01:00;вівторок;місто;Львів;Сихівський;вулиця;Зелена;;Авторинок;наїзд на пішохода - на нерегульованому пішохідному переході;;2;без ушкоджень;легко травмований;;;;;;;;49.799813;24.06847;;;;;;;;;;;
2017-03-01;19:40:00;середа;місто;Львів;Шевченківський;вулиця;Джерельна;;Перехрестя вул. Джерельна - вул. Грекова О., ген.;наїзд на пішохода - пішохід рухався у попутному напрямку;;2;без ушкоджень;легко травмований;;;;;;;;49.851456;24.019434;;;;;;;;;;;
2017-02-06;12:01:00;понеділок;місто;Львів;Галицький;площа;Ринок, пл.;;Болард;наїзд на інші види перешкод;;2;без ушкоджень;легко травмований;;;;;;;;49.841221;24.030833;;;;;;;;;;;
2017-02-27;14:15:00;понеділок;місто;Львів;Шевченківський;проспект;Чорновола В., просп.;;;падіння пасажира;;2;без ушкоджень;легко травмований;;;;;;;;49.85543;24.022272;;;;;;;;;;;
2017-02-08;14:01:00;середа;місто;Львів;Шевченківський;вулиця;Брюховицька;;;наїзд на пішохода - пішохід переходив дорогу поза межами пішохідного переходу;;2;без ушкоджень;тяжко травмований;;;;;;;;49.871545;23.956461;;;;;;;;;;;
2017-02-28;19:35:00;вівторок;місто;Львів;Галицький;проспект;Свободи, просп.;22;;наїзд на пішохода - пішохід рухався у зустрічному напрямку;;2;без ушкоджень;легко травмований;;;;;;;;49.843317;24.027105;;;;;;;;;;;
2017-03-01;20:41:00;середа;місто;Львів;Шевченківський;вулиця;Єрошенка В.;;;наїзд на пішохода - на нерегульованому пішохідному переході;;2;без ушкоджень;тяжко травмований;;;;;;;;49.855085;24.003046;;;;;;;;;;;
2017-03-02;21:03:00;четвер;місто;Львів;Залізничний;вулиця;Виговського І.;;;наїзд на пішохода - на нерегульованому пішохідному переході;;2;легко травмований;легко травмований;;;;;;;;49.821262;23.968477;;;;;;;;;;;
2017-03-07;19:44:00;вівторок;місто;Львів;Франківський;вулиця;Сахарова А., акад.;;;наїзд на пішохода - пішохід рухався у зустрічному напрямку;;2;без ушкоджень;тяжко травмований;;;;;;;;49.822535;24.01547;;;;;;;;;;;
2017-03-07;22:34:00;вівторок;місто;Львів;Галицький;вулиця;Куліша П.;11;;наїзд на пішохода - пішохід рухався у зустрічному напрямку;;2;без ушкоджень;легко травмований;;;;;;;;49.845832;24.024058;;;;;;;;;;;
2017-03-07;15:17:00;вівторок;місто;Львів;Галицький;вулиця;Городоцька;116А;;наїзд на пішохода - пішохід рухався у зустрічному напрямку;;2;без ушкоджень;тяжко травмований;;;;;;;;49.838079;24.006736;;;;;;;;;;;
2017-03-06;18:01:00;понеділок;місто;Львів;Сихівський;проспект;Червоної Калини, просп.;62;;наїзд на пішохода - пішохід рухався у зустрічному напрямку;;2;без ушкоджень;легко травмований;;;;;;;;49.796413;24.053798;;;;;;;;;;;
2017-03-07;23:15:00;вівторок;місто;Львів;Галицький;вулиця;Під Дубом;;Перехрестя вул. Під Дубом - Чорновола В., просп.;зіткнення бокове;;3;без ушкоджень;без ушкоджень;легко травмований;;;;;;;49.850457;24.024455;;;;;;;;;;;
2017-03-11;20:21:00;субота;місто;Львів;Галицький;вулиця;Зелена;;;наїзд на пішохода - на нерегульованому пішохідному переході;;2;без ушкоджень;тяжко травмований;;;;;;;;49.824584;24.04978;;;;;;;;;;;
2017-03-08;23:45:00;середа;місто;Львів;Шевченківський;вулиця;Тичини П.;;;зіткнення бокове;порушення правил маневрування, порушення правил проїзду перехресть;3;тяжко травмований;тяжко травмований;тяжко травмований;;;;;;;49.867727;24.034352;;;;;;;;;;;
2017-03-07;20:26:00;вівторок;місто;Львів;Залізничний;вулиця;Широка;66;;наїзд на пішохода - пішохід рухався у зустрічному напрямку;перевищення безпечної швидкості, недодержання дистанції;3;без ушкоджень;легко травмований;легко травмований;;;;;;;49.841954;23.968681;;;;;;;;;;;
2017-03-09;17:10:00;четвер;місто;Львів;Шевченківський;вулиця;Липинського В.;44;;наїзд на пішохода - пішохід рухався у зустрічному напрямку;невиконання вимог сигналів регулювання;2;без ушкоджень;легко травмований;;;;;;;;49.86364;24.033585;;;;;;;;;;;
2017-03-07;17:01:00;вівторок;місто;Львів;Залізничний;вулиця;Кульпарківська;;;зіткнення з задньою частиною ТЗ;перевищення безпечної швидкості, недодержання дистанції;2;легко травмований;без ушкоджень;;;;;;;;49.814727;23.983905;;;;;;;;;;;
2017-03-08;19:20:00;середа;місто;Львів;Личаківський;вулиця;Хмельницького Б.;176;;наїзд на пішохода - пішохід рухався у зустрічному напрямку;;1;помер на місці дтп;;;;;;;;;49.861486;24.052194;;;;;;;;;;;
2017-03-13;22:50:00;понеділок;місто;Львів;Франківський;вулиця;Княгині Ольги;5В;;зіткнення з задньою частиною ТЗ;порушення правил проїзду перехресть;3;легко травмований;легко травмований;без ушкоджень;;;;;;;49.822293;24.006608;;;;;;;;;;;
2017-03-15;21:27:00;середа;місто;Львів;Личаківський;вулиця;Кордуби М.;6;;наїзд на інші види перешкод;;5;тяжко травмований;тяжко травмований;легко травмований;легко травмований;тяжко травмований;;;;;49.850882;24.048042;;;;;;;;;;;
2017-03-15;21:23:00;середа;місто;Львів;Сихівський;вулиця;Стрийська;57;;зіткнення з задньою частиною ТЗ;перевищення безпечної швидкості;3;легко травмований;без ушкоджень;легко травмований;;;;;;;49.798487;24.017326;;;;;;;;;;;
2017-03-09;19:01:00;четвер;місто;Львів;Сихівський;вулиця;Сихівська;20А;;наїзд на пішохода - пішохід рухався у зустрічному напрямку;;2;без ушкоджень;легко травмований;;;;;;;;49.794653;24.064688;;;;;;;;;;;
2017-03-13;7:50:00;понеділок;місто;Львів;Франківський;вулиця;Городоцька;132;;зіткнення з задньою частиною ТЗ;;3;без ушкоджень;без ушкоджень;легко травмований;;;;;;;49.833831;23.986142;;;;;;;;;;;
2017-03-16;10:50:00;четвер;місто;Львів;Франківський;вулиця;Кульпарківська;122;;зіткнення бокове;порушення правил маневрування, порушення правил проїзду перехресть;3;без ушкоджень;легко травмований;легко травмований;;;;;;;49.818846;23.987725;;;;;;;;;;;
2017-03-10;12:01:00;п'ятниця;місто;Львів;Сихівський;проспект;Червоної Калини, просп.;;;падіння пасажира;;2;без ушкоджень;легко травмований;;;;;;;;49.79786;24.050961;;;;;;;;;;;
2017-03-14;0:20:00;вівторок;місто;Львів;Шевченківський;вулиця;Липинського В.;;Перехрестя вул. Липинського В., - вул. Замарстинівська;зіткнення з задньою частиною ТЗ;;2;легко травмований;тяжко травмований;;;;;;;;49.860134;24.026939;;;;;;;;;;;
2017-03-15;9:30:00;середа;місто;Львів;Личаківський;вулиця;Глинянський Тракт;96;;зіткнення бокове;недодержання дистанції;2;легко травмований;без ушкоджень;;;;;;;;49.840145;24.08967;;;;;;;;;;;
2017-03-10;18:24:00;п'ятниця;місто;Львів;Сихівський;вулиця;Зелена;278;;наїзд на пішохода - пішохід рухався у зустрічному напрямку;;2;без ушкоджень;легко травмований;;;;;;;;49.797943;24.071823;;;;;;;;;;;
2017-03-12;15:07:00;неділя;місто;Львів;Залізничний;вулиця;Виговського І.;100;;наїзд на пішохода - пішохід рухався у зустрічному напрямку;;2;без ушкоджень;легко травмований;;;;;;;;49.813561;23.976792;;;;;;;;;;;
2017-03-11;8:36:00;субота;місто;Львів;Галицький;вулиця;Торгова;;;наїзд на пішохода - на регульованому пішохідному переході;;2;без ушкоджень;тяжко травмований;;;;;;;;49.844746;24.027223;;;;;;;;;;;
2017-03-10;22:30:00;п'ятниця;місто;Львів;Шевченківський;вулиця;Шолом-Алейхема;1;;наїзд на пішохода - пішохід рухався у зустрічному напрямку;невиконання вимог сигналів регулювання, пішоходи невиконання вимог сигналів регулювання;2;без ушкоджень;легко травмований;;;;;;;;49.843103;24.020807;;;;;;;;;;;
2017-03-13;21:01:00;понеділок;місто;Львів;Галицький;вулиця;Городоцька;92;;наїзд на пішохода - пішохід рухався у зустрічному напрямку;;3;без ушкоджень;легко травмований;легко травмований;;;;;;;49.837747;24.005798;;;;;;;;;;;
2017-03-16;3:59:00;четвер;місто;Львів;Личаківський;вулиця;Пасічна;70;;наїзд на інші види перешкод;перевищення безпечної швидкості;2;легко травмований;легко травмований;;;;;;;;49.82609;24.073126;;;;;;;;;;;
2017-03-17;17:26:00;п'ятниця;місто;Львів;Шевченківський;вулиця;Панча П.;;Перехрестя вул. Панча П., - Чорновола В., просп.;наїзд на пішохода - пішохід рухався у зустрічному напрямку;порушення правил проїзду пішохідних переходів, неочікуваний вихід на проїзну частину;2;без ушкоджень;легко травмований;;;;;;;;49.862112;24.018549;;;;;;;;;;;
2017-03-21;9:01:00;вівторок;місто;Львів;Сихівський;вулиця;Манастирського А.;2;;наїзд на пішохода - пішохід рухався у зустрічному напрямку;;2;без ушкоджень;тяжко травмований;;;;;;;;49.79867;24.061475;;;;;;;;;;;
2017-03-21;17:10:00;вівторок;місто;Львів;Сихівський;вулиця;Хоткевича Г.;30;;наїзд на пішохода - пішохід рухався у зустрічному напрямку;;2;без ушкоджень;легко травмований;;;;;;;;49.798109;24.046192;;;;;;;;;;;
2017-03-17;18:46:00;п'ятниця;місто;Львів;Личаківський;вулиця;Франка І.;;Перехрестя вул. Франка І., - вул. Шухевича В.;наїзд на пішохода - пішохід переходив дорогу поза межами пішохідного переходу;;2;без ушкоджень;помер на місці дтп;;;;;;;;49.837332;24.034921;;;;;;;;;;;
2017-03-18;20:01:00;субота;місто;Львів;Шевченківський;вулиця;Шевченка Т.;350;;наїзд на пішохода - пішохід рухався у зустрічному напрямку;неочікуваний вихід на проїзну частину;2;без ушкоджень;легко травмований;;;;;;;;49.867541;23.954106;;;;;;;;;;;
2017-03-21;20:14:00;вівторок;місто;Львів;Шевченківський;вулиця;Варшавська;;Перехрестя вул. Варшавська - вул. Сеньковича Ф.;наїзд на пішохода - пішохід рухався у зустрічному напрямку;;2;без ушкоджень;легко травмований;;;;;;;;49.861434;24.007879;;;;;;;;;;;
2017-03-19;18:01:00;неділя;місто;Львів;Франківський;вулиця;Кульпарківська;;Перехрестя вул. Кульпарківська - вул. Перфецького Л.;зіткнення бокове;порушення правил маневрування;3;без ушкоджень;легко травмований;тяжко травмований;;;;;;;49.814983;23.985676;;;;;;;;;;;
2017-03-17;16:22:00;п'ятниця;місто;Львів;Сихівський;вулиця;Хуторівка;4Б;;наїзд на пішохода - пішохід рухався у зустрічному напрямку;;2;без ушкоджень;легко травмований;;;;;;;;49.799702;24.026547;;;;;;;;;;;
2017-03-21;21:38:00;вівторок;місто;Львів;Шевченківський;вулиця;Миколайчука І.;38;;наїзд на пішохода - пішохід рухався у зустрічному напрямку;;2;легко травмований;без ушкоджень;;;;;;;;49.880723;24.033821;;;;;;;;;;;
2017-03-18;22:44:00;субота;місто;Львів;Галицький;вулиця;Франка І.;;;падіння пасажира;;2;без ушкоджень;легко травмований;;;;;;;;49.837906;24.035034;;;;;;;;;;;
2017-03-23;3:01:00;четвер;місто;Львів;Сихівський;вулиця;Луганська;;Перехрестя вул. Луганська - вул. Козельницька;зіткнення бокове;порушення правил маневрування;3;без ушкоджень;легко травмований;без ушкоджень;;;;;;;49.811009;24.0249;;;;;;;;;;;
2017-03-21;7:40:00;вівторок;місто;Львів;Франківський;вулиця;Володимира Великого;23;;зіткнення бокове;порушення правил маневрування;4;без ушкоджень;без ушкоджень;без ушкоджень;легко травмований;;;;;;49.809074;24.011301;;;;;;;;;;;
2017-03-24;15:30:00;п'ятниця;місто;Львів;Галицький;проспект;Чорновола В., просп.;;Перехрестя Чорновола В., просп., - вул. Городоцька - Свободи, просп.;наїзд на пішохода - пішохід рухався у зустрічному напрямку;;2;без ушкоджень;легко травмований;;;;;;;;49.844414;24.025608;;;;;;;;;;;
2017-03-24;9:50:00;п'ятниця;місто;Львів;Личаківський;вулиця;Личаківська;175;;наїзд на пішохода - на нерегульованому пішохідному переході;неочікуваний вихід на проїзну частину;2;без ушкоджень;тяжко травмований;;;;;;;;49.836457;24.067006;;;;;;;;;;;
2017-03-27;15:30:00;понеділок;місто;Львів;Франківський;вулиця;Стрийська;76;;наїзд на пішохода - на нерегульованому пішохідному переході;;2;без ушкоджень;тяжко травмований;;;;;;;;49.820189;24.019976;;;;;;;;;;;
2017-03-27;8:45:00;понеділок;місто;Львів;Личаківський;вулиця;Тершаковців;2А;;наїзд на пішохода - пішохід рухався у зустрічному напрямку;невиконання вимог сигналів регулювання;2;без ушкоджень;легко травмований;;;;;;;;49.836353;24.041594;;;;;;;;;;;
2017-03-27;14:04:00;понеділок;місто;Львів;Галицький;вулиця;Руставелі Ш.;18;;зіткнення з задньою частиною ТЗ;керування транспортним засобом у нетверезому стані;2;без ушкоджень;тяжко травмований;;;;;;;;49.831848;24.034696;;;;;;;;;;;
2017-03-27;17:23:00;понеділок;місто;Львів;Шевченківський;вулиця;Нагірна;;;зіткнення бокове;;3;без ушкоджень;легко травмований;легко травмований;;;;;;;49.877878;24.062655;;;;;;;;;;;
2017-03-28;11:01:00;вівторок;місто;Львів;Франківський;вулиця;Сахарова А., акад.;82;;наїзд на пішохода - пішохід рухався у зустрічному напрямку;порушення правил проїзду пішохідних переходів, порушення правил обгону;2;без ушкоджень;легко травмований;;;;;;;;49.820715;24.017631;;;;;;;;;;;
2017-03-24;15:20:00;п'ятниця;місто;Львів;Залізничний;вулиця;Петлюри С.;;Перехрестя вул. Петлюри С., - вул. Любінська;наїзд на пішохода - пішохід рухався у зустрічному напрямку;;2;без ушкоджень;легко травмований;;;;;;;;49.8241;23.977339;;;;;;;;;;;
2017-03-22;18:20:00;середа;місто;Львів;Залізничний;вулиця;Шевченка Т.;136;;наїзд на пішохода - пішохід рухався у зустрічному напрямку;;2;без ушкоджень;тяжко травмований;;;;;;;;49.85155;23.990718;;;;;;;;;;;
2017-03-22;12:01:00;середа;місто;Львів;Франківський;вулиця;Княгині Ольги;95;;наїзд на пішохода - пішохід рухався у зустрічному напрямку;;2;без ушкоджень;легко травмований;;;;;;;;49.816586;24.002482;;;;;;;;;;;
2017-03-31;22:24:00;п'ятниця;місто;Львів;Залізничний;вулиця;Любінська;;Перехрестя вул. Любінська - вул. Виговського І.;наїзд на пішохода - пішохід рухався у зустрічному напрямку;;2;без ушкоджень;легко травмований;;;;;;;;49.82068;23.968928;;;;;;;;;;;
2017-03-29;7:15:00;середа;місто;Львів;Шевченківський;вулиця;Шевченка Т.;315;;зіткнення лобове;порушення правил маневрування;2;легко травмований;без ушкоджень;;;;;;;;49.869895;23.943179;;;;;;;;;;;
2017-03-31;15:20:00;п'ятниця;місто;Львів;Залізничний;вулиця;Городоцька;235;;наїзд на пішохода - пішохід рухався у зустрічному напрямку;порушення правил проїзду пішохідних переходів;2;без ушкоджень;легко травмований;;;;;;;;49.826695;23.946633;;;;;;;;;;;
2017-04-01;16:01:00;субота;місто;Львів;Залізничний;вулиця;Кульпарківська;230;;зіткнення бокове;;2;без ушкоджень;помер у лікарні протягом 30 діб;;;;;;;;49.802822;23.980708;;;;;;;;;;;
2017-03-02;9:01:00;четвер;місто;Львів;Сихівський;вулиця;Антонича Б. - І.;28;;падіння пасажира;;2;без ушкоджень;легко травмований;;;;;;;;49.782542;24.066973;;;;;;;;;;;
2017-03-27;7:42:00;понеділок;місто;Львів;Галицький;площа;Соборна, пл.;;;наїзд на пішохода - пішохід рухався у зустрічному напрямку;;2;без ушкоджень;легко травмований;;;;;;;;49.838896;24.034975;;;;;;;;;;;
2017-04-02;20:01:00;неділя;місто;Львів;Галицький;вулиця;Шпитальна;1;;наїзд на пішохода - пішохід рухався у зустрічному напрямку;;2;без ушкоджень;легко травмований;;;;;;;;49.844213;24.024589;;;;;;;;;;;
2017-03-29;16:43:00;середа;місто;Львів;Франківський;вулиця;Кульпарківська;;Перехрестя вул. Кульпарківська - вул. Трускавецька;зіткнення з задньою частиною ТЗ;перевищення безпечної швидкості, недодержання дистанції;3;без ушкоджень;легко травмований;без ушкоджень;;;;;;;49.801226;23.980397;;;;;;;;;;;
2017-03-07;22:30:00;вівторок;місто;Львів;Залізничний;вулиця;Широка;;;падіння пасажира;порушення техніки безпеки пасажиром;2;без ушкоджень;тяжко травмований;;;;;;;;49.84212;23.971288;;;;;;;;;;;
2017-03-28;20:55:00;вівторок;місто;Львів;Шевченківський;вулиця;Хмельницького Б.;;;наїзд на інші види перешкод;перевищення безпечної швидкості;2;без ушкоджень;легко травмований;;;;;;;;49.8742;24.061003;;;;;;;;;;;
2017-03-31;17:20:00;п'ятниця;місто;Львів;Сихівський;вулиця;Угорська;;Перехрестя вул. Угорська - вул. Стрийська;наїзд на пішохода - пішохід рухався у зустрічному напрямку;недодержання дистанції;2;легко травмований;легко травмований;;;;;;;;49.818548;24.020362;;;;;;;;;;;
2017-04-01;11:16:00;субота;місто;Львів;Франківський;вулиця;Володимира Великого;51;;наїзд на пішохода - пішохід рухався у зустрічному напрямку;;2;без ушкоджень;легко травмований;;;;;;;;49.810185;24.002268;;;;;;;;;;;
2017-04-01;17:01:00;субота;місто;Львів;Залізничний;вулиця;Виговського І.;100;;наїзд на пішохода - пішохід рухався у зустрічному напрямку;невиконання вимог сигналів регулювання;2;без ушкоджень;легко травмований;;;;;;;;49.813481;23.977012;;;;;;;;;;;
2017-03-31;9:42:00;п'ятниця;місто;Львів;Франківський;вулиця;Київська;7;;наїзд на пішохода - пішохід рухався у зустрічному напрямку;;2;без ушкоджень;тяжко травмований;;;;;;;;49.832799;24.010813;;;;;;;;;;;
2017-03-23;9:01:00;четвер;місто;Львів;Залізничний;вулиця;Виговського І.;;;падіння пасажира;порушення правил перевезення пасажирів, порушення правил маневрування;2;без ушкоджень;легко травмований;;;;;;;;49.81625;23.972661;;;;;;;;;;;
2017-03-29;13:35:00;середа;місто;Львів;Залізничний;вулиця;Шевченка Т.;128;;наїзд на пішохода - на регульованому пішохідному переході;перевищення безпечної швидкості;2;без ушкоджень;легко травмований;;;;;;;;49.850076;23.993969;;;;;;;;;;;
2017-04-03;18:20:00;понеділок;місто;Львів;Франківський;вулиця;Симоненка В.;;Перехрестя вул. Симоненка В., - вул. Наукова;зіткнення бокове;порушення правил маневрування;2;без ушкоджень;легко травмований;;;;;;;;49.805214;23.986652;;;;;;;;;;;
2017-03-16;10:10:00;четвер;місто;Львів;Залізничний;вулиця;Городоцька;245;;наїзд на пішохода - на нерегульованому пішохідному переході;;2;без ушкоджень;тяжко травмований;;;;;;;;49.831159;23.971412;;;;;;;;;;;
2017-04-06;22:05:00;четвер;місто;Львів;Галицький;вулиця;Замарстинівська;21;;наїзд на пішохода - пішохід рухався у зустрічному напрямку;;2;без ушкоджень;тяжко травмований;;;;;;;;49.849315;24.027228;;;;;;;;;;;
2017-04-06;18:44:00;четвер;місто;Львів;Личаківський;вулиця;Глинянський Тракт;;Перехрестя вул. Глинянський Тракт - вул. Голинського М.;зіткнення бокове;;4;без ушкоджень;без ушкоджень;легко травмований;легко травмований;;;;;;49.837166;24.075412;;;;;;;;;;;
2017-04-06;12:28:00;четвер;місто;Львів;Шевченківський;вулиця;Промислова;7;;наїзд на пішохода - пішохід рухався у зустрічному напрямку;;2;без ушкоджень;тяжко травмований;;;;;;;;49.854853;24.040908;;;;;;;;;;;
2017-04-06;17:30:00;четвер;місто;Львів;Франківський;вулиця;Наукова;44;;зіткнення з задньою частиною ТЗ;недодержання дистанції;3;без ушкоджень;легко травмований;без ушкоджень;;;;;;;49.805058;23.995782;;;;;;;;;;;
2017-04-04;22:15:00;вівторок;місто;Львів;Франківський;вулиця;Городоцька;179;;наїзд на пішохода - пішохід рухався у зустрічному напрямку;;2;без ушкоджень;помер у лікарні протягом 30 діб;;;;;;;;49.835543;23.995492;;;;;;;;;;;
2017-04-02;15:20:00;неділя;місто;Львів;Галицький;вулиця;Митрополита Андрея;3;;зіткнення з задньою частиною ТЗ;;4;без ушкоджень;без ушкоджень;тяжко травмований;легко травмований;;;;;;49.836453;24.010786;;;;;;;;;;;
2017-03-25;13:43:00;субота;місто;Львів;Галицький;вулиця;Галицька;19;;наїзд на пішохода - на нерегульованому пішохідному переході;;2;без ушкоджень;тяжко травмований;;;;;;;;49.839927;24.031767;;;;;;;;;;;
2017-04-05;12:51:00;середа;місто;Львів;Сихівський;вулиця;Луганська;;;наїзд на пішохода - пішохід рухався у зустрічному напрямку;;2;без ушкоджень;легко травмований;;;;;;;;49.811937;24.021521;;;;;;;;;;;
2017-04-04;18:50:00;вівторок;місто;Львів;Сихівський;вулиця;Луганська;;Перехрестя вул. Луганська - вул. Стрийська;перекидання ТЗ;перевищення безпечної швидкості, недодержання дистанції;1;тяжко травмований;;;;;;;;;49.812442;24.019825;;;;;;;;;;;
2017-04-05;14:26:00;середа;місто;Львів;Личаківський;вулиця;Медової Печери;;Перехрестя вул. Медової Печери - вул. Пасічна;наїзд на пішохода - пішохід рухався у зустрічному напрямку;;2;без ушкоджень;легко травмований;;;;;;;;49.82673;24.072225;;;;;;;;;;;
2017-04-08;10:56:00;субота;місто;Львів;Сихівський;вулиця;Стрийська;;Виїзд з парковки ТЦ Кінг Крос;зіткнення з задньою частиною ТЗ;;2;легко травмований;без ушкоджень;;;;;;;;49.797209;24.016993;;;;;;;;;;;
2017-04-07;16:27:00;п'ятниця;місто;Львів;Сихівський;вулиця;Луганська;17;;наїзд на інші види перешкод;порушення правил маневрування, порушення правил проїзду перехресть;3;тяжко травмований;без ушкоджень;легко травмований;;;;;;;49.80716;24.057602;;;;;;;;;;;
2017-04-12;20:59:00;середа;місто;Львів;Франківський;вулиця;Княгині Ольги;100І;;наїзд на інші види перешкод;;1;помер по дорозі в лікарню;;;;;;;;;49.812311;23.999956;;;;;;;;;;;
2017-04-11;11:42:00;вівторок;місто;Львів;Залізничний;вулиця;Кульпарківська;;Міст вул. Кульпарківська - вул. Садова;падіння пасажира;;2;без ушкоджень;легко травмований;;;;;;;;49.817205;23.986502;;;;;;;;;;;
2017-04-11;15:42:00;вівторок;місто;Львів;Франківський;вулиця;Наукова;51;;наїзд на пішохода - на нерегульованому пішохідному переході;;2;без ушкоджень;тяжко травмований;;;;;;;;49.804155;23.98707;;;;;;;;;;;
2017-04-12;15:43:00;середа;місто;Львів;Франківський;вулиця;Тобілевича І.;8;;наїзд на пішохода - пішохід рухався у зустрічному напрямку;порушення правил маневрування;2;без ушкоджень;легко травмований;;;;;;;;49.836194;24.002981;;;;;;;;;;;
2017-04-11;12:34:00;вівторок;місто;Львів;Франківський;вулиця;Наукова;35А;;падіння пасажира;;2;без ушкоджень;легко травмований;;;;;;;;49.803261;23.996903;;;;;;;;;;;
2017-04-13;14:37:00;четвер;місто;Львів;Шевченківський;вулиця;Липинського В.;36;;зіткнення з задньою частиною ТЗ;перевищення безпечної швидкості, недодержання дистанції;4;без ушкоджень;без ушкоджень;без ушкоджень;легко травмований;;;;;;49.8628;24.031064;;;;;;;;;;;
2017-04-11;14:19:00;вівторок;місто;Львів;Сихівський;проспект;Червоної Калини, просп.;;Перехрестя Червоної Калини, просп., - вул. Коломийська;наїзд на пішохода - на нерегульованому пішохідному переході;;2;без ушкоджень;легко травмований;;;;;;;;49.797777;24.051095;;;;;;;;;;;
2017-04-10;19:26:00;понеділок;місто;Львів;Залізничний;вулиця;Курмановича В., ген.;;З/Д Переїзд;зіткнення бокове;;2;без ушкоджень;легко травмований;;;;;;;;49.830066;23.950539;;;;;;;;;;;
2017-04-06;12:23:00;четвер;місто;Львів;Шевченківський;проспект;Чорновола В., просп.;;Міленіум;наїзд на пішохода - на нерегульованому пішохідному переході;;2;легко травмований;легко травмований;;;;;;;;49.857519;24.020941;;;;;;;;;;;
2017-04-14;9:40:00;п'ятниця;місто;Львів;Шевченківський;проспект;Чорновола В., просп.;103;;падіння пасажира;;2;легко травмований;без ушкоджень;;;;;;;;49.866189;24.015346;;;;;;;;;;;
2017-04-17;7:58:00;понеділок;місто;Львів;Залізничний;вулиця;Городоцька;292;;зіткнення лобове;перевищення безпечної швидкості, порушення правил маневрування;3;без ушкоджень;тяжко травмований;тяжко травмований;;;;;;;49.828879;23.958553;;;;;;;;;;;
2017-04-18;18:30:00;вівторок;місто;Львів;Шевченківський;проспект;Чорновола В., просп.;45;;зіткнення з задньою частиною ТЗ;недодержання дистанції;3;без ушкоджень;без ушкоджень;тяжко травмований;;;;;;;49.8522;24.022272;;;;;;;;;;;
2017-04-18;17:50:00;вівторок;місто;Львів;Залізничний;вулиця;Городоцька;168;;наїзд на пішохода - на нерегульованому пішохідному переході;;2;без ушкоджень;тяжко травмований;;;;;;;;49.833675;23.97014;;;;;;;;;;;
2017-04-14;18:39:00;п'ятниця;місто;Львів;Шевченківський;вулиця;Хімічна;;Перехрестя вул. Хімічна - Чорновола В., просп.;наїзд на пішохода - на нерегульованому пішохідному переході;;2;без ушкоджень;тяжко травмований;;;;;;;;49.85431;24.024267;;;;;;;;;;;
2017-04-18;11:50:00;вівторок;місто;Львів;Шевченківський;вулиця;Базарна;1;;наїзд на інші види перешкод;;2;без ушкоджень;тяжко травмований;;;;;;;;49.84541;24.019981;;;;;;;;;;;
2017-04-18;17:04:00;вівторок;місто;Львів;Залізничний;вулиця;Городоцька;172;;наїзд на пішохода - на нерегульованому пішохідному переході;;2;без ушкоджень;тяжко травмований;;;;;;;;49.831405;23.970736;;;;;;;;;;;
2017-04-23;1:01:00;неділя;місто;Львів;Шевченківський;вулиця;Липинського В.;60А;;наїзд на інші види перешкод;;1;легко травмований;;;;;;;;;49.865058;24.050896;;;;;;;;;;;
2017-04-23;21:23:00;неділя;місто;Львів;Шевченківський;вулиця;Липинського В.;;Перехрестя вул. Липинського В., - вул. Окуневського Т.;наїзд на пішохода - пішохід рухався у зустрічному напрямку;;2;без ушкоджень;легко травмований;;;;;;;;49.856267;24.019804;;;;;;;;;;;
2017-04-24;9:35:00;понеділок;місто;Львів;Франківський;вулиця;Володимира Великого;10;;зіткнення бокове;порушення правил маневрування;2;без ушкоджень;легко травмований;;;;;;;;49.809819;24.008013;;;;;;;;;;;
2017-04-25;17:23:00;вівторок;місто;Львів;Сихівський;проспект;Червоної Калини, просп.;35А;;наїзд на пішохода - пішохід рухався у зустрічному напрямку;;2;без ушкоджень;легко травмований;;;;;;;;49.799629;24.04786;;;;;;;;;;;
2017-04-25;20:30:00;вівторок;місто;Львів;Залізничний;вулиця;Городоцька;124;;падіння пасажира;;5;без ушкоджень;без ушкоджень;легко травмований;легко травмований;легко травмований;;;;;49.834782;23.991625;;;;;;;;;;;
2017-04-21;14:46:00;п'ятниця;місто;Львів;Залізничний;вулиця;Сяйво;21;;зіткнення бокове;порушення правил маневрування;3;без ушкоджень;без ушкоджень;легко травмований;;;;;;;49.84102;23.97845;;;;;;;;;;;
2017-04-30;16:01:00;неділя;місто;Львів;Сихівський;проспект;Червоної Калини, просп.;36;;наїзд на пішохода - пішохід рухався у зустрічному напрямку;невиконання вимог сигналів регулювання;2;без ушкоджень;легко травмований;;;;;;;;49.799706;24.04772;;;;;;;;;;;
2017-04-29;22:53:00;субота;місто;Львів;Сихівський;вулиця;Липова Алея;;;зіткнення лобове;;4;без ушкоджень;без ушкоджень;легко травмований;легко травмований;;;;;;49.817102;24.045575;;;;;;;;;;;