accidentDate;accidentTime;accidentDay;settlementType;settlement;district;streetType;streetName;houseNumber;locationComments;accidentType;mainAccidentCause;totalParticipantsAmount;injuryStatusParticipant1;injuryStatusParticipant2;injuryStatusParticipant3;injuryStatusParticipant4;injuryStatusParticipant5;injuryStatusParticipant6;injuryStatusParticipant7;injuryStatusParticipant8;injuryStatusParticipant9;latitude;longitude;injuryStatusParticipant10;injuryStatusParticipant11;injuryStatusParticipant12;injuryStatusParticipant13;injuryStatusParticipant14;injuryStatusParticipant15;injuryStatusParticipant16;injuryStatusParticipant17;injuryStatusParticipant18;injuryStatusParticipant19;injuryStatusParticipant20
2017-05-01;23:21:00;понеділок;місто;Львів;Шевченківський;вулиця;Липинського В.;;Перехрестя вул. Липинського В., - вул. Замарстинівська;зіткнення лобове;порушення правил маневрування, порушення правил проїзду перехресть;3;без ушкоджень;легко травмований;легко травмований;;;;;;;49.860092;24.026885;;;;;;;;;;;
2017-04-27;11:50:00;четвер;місто;Львів;Галицький;вулиця;Городоцька;31;;наїзд на пішохода - пішохід рухався у зустрічному напрямку;;2;без ушкоджень;легко травмований;;;;;;;;49.843161;24.021875;;;;;;;;;;;
2017-04-28;12:17:00;п'ятниця;місто;Львів;Франківський;вулиця;Винниченка В.;16;;наїзд на пішохода - пішохід рухався у зустрічному напрямку;порушення правил маневрування, недодержання дистанції;2;без ушкоджень;легко травмований;;;;;;;;49.841068;24.036627;;;;;;;;;;;
2017-04-30;11:30:00;неділя;місто;Львів;Франківський;вулиця;Стрийська;;Перехрестя вул. Стрийська - вул. Рубчака І.;зіткнення з задньою частиною ТЗ;перевищення безпечної швидкості, недодержання дистанції;4;без ушкоджень;без ушкоджень;легко травмований;легко травмований;;;;;;49.805311;24.018688;;;;;;;;;;;
2017-04-29;9:30:00;субота;місто;Львів;Личаківський;вулиця;Богданівська;11;;зіткнення з задньою частиною ТЗ;недодержання дистанції;2;легко травмований;без ушкоджень;;;;;;;;49.857678;24.0734;;;;;;;;;;;
2017-04-29;14:15:00;субота;місто;Львів;Шевченківський;вулиця;Липинського В.;54;;наїзд на пішохода - пішохід рухався у зустрічному напрямку;;3;без ушкоджень;легко травмований;легко травмований;;;;;;;49.864871;24.04117;;;;;;;;;;;
2017-04-29;9:33:00;субота;місто;Львів;Шевченківський;вулиця;Миколайчука І.;8;;наїзд на пішохода - пішохід рухався у зустрічному напрямку;;2;без ушкоджень;тяжко травмований;;;;;;;;49.874352;24.041498;;;;;;;;;;;
2017-05-02;14:50:00;вівторок;місто;Львів;Шевченківський;вулиця;Замарстинівська;270А;;зіткнення з задньою частиною ТЗ;перевищення безпечної швидкості, недодержання дистанції;2;легко травмований;легко травмований;;;;;;;;49.864698;24.025614;;;;;;;;;;;
2017-05-06;16:24:00;субота;місто;Львів;Шевченківський;вулиця;Мазепи І., гетьм.;;Перехрестя вул. Мазепи І., гетьм., - вул. Плугова;зіткнення бокове;порушення правил обгону;3;без ушкоджень;без ушкоджень;легко травмований;;;;;;;49.872464;24.044588;;;;;;;;;;;
2017-05-05;17:58:00;п'ятниця;місто;Львів;Франківський;вулиця;Городоцька;229;;зіткнення бокове;порушення правил маневрування, порушення правил проїзду перехресть;3;без ушкоджень;тяжко травмований;легко травмований;;;;;;;49.832069;23.976819;;;;;;;;;;;
2017-05-03;16:20:00;середа;місто;Львів;Шевченківський;вулиця;Мазепи І., гетьм.;23;;наїзд на пішохода - пішохід рухався у зустрічному напрямку;порушення правил проїзду пішохідних переходів;2;без ушкоджень;легко травмований;;;;;;;;49.872744;24.037823;;;;;;;;;;;
2017-05-07;3:16:00;неділя;місто;Львів;Залізничний;вулиця;Городоцька;300;;наїзд на інші види перешкод;;2;тяжко травмований;тяжко травмований;;;;;;;;49.821099;23.916174;;;;;;;;;;;
2017-05-08;11:30:00;понеділок;місто;Львів;Галицький;вулиця;Франка І.;73;;наїзд на пішохода - на нерегульованому пішохідному переході;;2;без ушкоджень;тяжко травмований;;;;;;;;49.829934;24.031037;;;;;;;;;;;
2017-05-06;15:01:00;субота;місто;Львів;Сихівський;вулиця;Зелена;299;;зіткнення лобове;;3;без ушкоджень;без ушкоджень;тяжко травмований;;;;;;;49.798411;24.07127;;;;;;;;;;;
2017-04-28;15:57:00;п'ятниця;місто;Львів;Личаківський;вулиця;Глинянський Тракт;;;падіння пасажира;;2;без ушкоджень;легко травмований;;;;;;;;49.840653;24.094155;;;;;;;;;;;
2017-04-28;12:30:00;п'ятниця;місто;Львів;Галицький;вулиця;Дорошенка П.;42;;наїзд на пішохода - пішохід рухався у зустрічному напрямку;;2;без ушкоджень;легко травмований;;;;;;;;49.837567;24.02269;;;;;;;;;;;
2017-05-06;17:20:00;субота;місто;Львів;Франківський;вулиця;Чупринки Т., ген.;16;;наїзд на пішохода - на регульованому пішохідному переході;;2;без ушкоджень;тяжко травмований;;;;;;;;49.833453;24.014279;;;;;;;;;;;
2017-05-04;19:01:00;четвер;місто;Львів;Сихівський;вулиця;Рахівська;;Перехрестя вул. Рахівська - Червоної Калини, просп.;наїзд на велосипедиста - велосипедист рухався у попутному напрямку;;2;без ушкоджень;тяжко травмований;;;;;;;;49.806059;24.046787;;;;;;;;;;;
2017-05-02;10:01:00;вівторок;місто;Львів;Шевченківський;вулиця;Миколайчука І.;;;падіння пасажира;;2;без ушкоджень;легко травмований;;;;;;;;49.879593;24.03447;;;;;;;;;;;
2017-05-04;14:15:00;четвер;місто;Львів;Галицький;вулиця;Городоцька;76;;наїзд на пішохода - пішохід рухався у зустрічному напрямку;;2;без ушкоджень;легко травмований;;;;;;;;49.838553;24.008024;;;;;;;;;;;
2017-05-10;14:55:00;середа;місто;Львів;Шевченківський;вулиця;Шевченка Т.;316;;зіткнення бокове;;2;без ушкоджень;легко травмований;;;;;;;;49.86418;23.960205;;;;;;;;;;;
2017-05-12;12:40:00;п'ятниця;місто;Львів;Франківський;вулиця;Любінська;50;;наїзд на інші види перешкод;перевищення безпечної швидкості;1;тяжко травмований;;;;;;;;;49.828169;23.984946;;;;;;;;;;;
2017-05-07;17:40:00;неділя;місто;Львів;Шевченківський;вулиця;Миколайчука І.;20;;наїзд на інші види перешкод;керування транспортним засобом у нетверезому стані, перевищення безпечної швидкості;2;без ушкоджень;легко травмований;;;;;;;;49.878137;24.03815;;;;;;;;;;;
2017-05-10;14:35:00;середа;місто;Львів;Шевченківський;вулиця;Липинського В.;54;;наїзд на пішохода - пішохід рухався у зустрічному напрямку;порушення правил проїзду пішохідних переходів;2;без ушкоджень;легко травмований;;;;;;;;49.864837;24.041348;;;;;;;;;;;
2017-05-10;12:13:00;середа;місто;Львів;Шевченківський;вулиця;Хмельницького Б.;113;;зіткнення бокове;порушення правил маневрування, порушення правил проїзду перехресть;2;без ушкоджень;легко травмований;;;;;;;;49.853276;24.036841;;;;;;;;;;;
2017-05-09;11:58:00;вівторок;місто;Львів;Галицький;вулиця;Шевченка Т.;22;;зіткнення бокове;порушення правил маневрування;2;легко травмований;без ушкоджень;;;;;;;;49.842912;24.015486;;;;;;;;;;;
2017-05-10;22:34:00;середа;місто;Львів;Франківський;вулиця;Володимира Великого;50;;наїзд на пішохода - пішохід рухався у зустрічному напрямку;;2;без ушкоджень;тяжко травмований;;;;;;;;49.811262;23.990745;;;;;;;;;;;
2017-05-11;6:01:00;четвер;місто;Львів;Галицький;вулиця;Гонти І.;8;;наїзд на пішохода - пішохід рухався у зустрічному напрямку;;2;без ушкоджень;помер у лікарні протягом 30 діб;;;;;;;;49.844507;24.030764;;;;;;;;;;;
2017-05-15;12:58:00;понеділок;місто;Львів;Личаківський;вулиця;Хмельницького Б.;;;наїзд на пішохода - на нерегульованому пішохідному переході;перевищення безпечної швидкості;2;без ушкоджень;легко травмований;;;;;;;;49.865539;24.053594;;;;;;;;;;;
2017-05-16;14:05:00;вівторок;місто;Львів;Сихівський;вулиця;Скорини Ф.;10;;наїзд на пішохода - на нерегульованому пішохідному переході;;2;без ушкоджень;легко травмований;;;;;;;;49.798708;24.020786;;;;;;;;;;;
2017-05-15;3:01:00;понеділок;місто;Львів;Галицький;вулиця;Городоцька;26;;наїзд на пішохода - пішохід рухався у зустрічному напрямку;;2;без ушкоджень;легко травмований;;;;;;;;49.842784;24.019359;;;;;;;;;;;
2017-05-17;15:40:00;середа;місто;Львів;Шевченківський;вулиця;Хмельницького Б.;64;;наїзд на пішохода - пішохід рухався у зустрічному напрямку;;2;без ушкоджень;тяжко травмований;;;;;;;;49.852518;24.034025;;;;;;;;;;;
2017-05-15;8:10:00;понеділок;місто;Львів;Сихівський;вулиця;Сихівська;61;;наїзд на пішохода - пішохід рухався у зустрічному напрямку;;2;без ушкоджень;легко травмований;;;;;;;;49.796048;24.068359;;;;;;;;;;;
2017-05-16;11:55:00;вівторок;місто;Львів;Франківський;вулиця;Княгині Ольги;71;;наїзд на пішохода - на нерегульованому пішохідному переході;;2;без ушкоджень;тяжко травмований;;;;;;;;49.806398;23.998953;;;;;;;;;;;
2017-04-26;10:58:00;середа;місто;Львів;Галицький;вулиця;Городоцька;87;;наїзд на інші види перешкод;;2;без ушкоджень;легко травмований;;;;;;;;49.839259;24.009912;;;;;;;;;;;
2017-05-13;23:37:00;субота;місто;Львів;Галицький;площа;Старий Ринок, пл.;2;;зіткнення бокове;порушення правил проїзду перехресть;3;без ушкоджень;легко травмований;легко травмований;;;;;;;49.846496;24.029771;;;;;;;;;;;
2017-05-17;19:21:00;середа;місто;Львів;Шевченківський;вулиця;Шевченка Т.;;;наїзд на велосипедиста - поза межами велосипедної доріжки;;2;без ушкоджень;тяжко травмований;;;;;;;;49.85864;23.972919;;;;;;;;;;;
2017-04-14;7:40:00;п'ятниця;місто;Львів;Франківський;вулиця;Кульпарківська;;Перехрестя вул. Кульпарківська - вул. Володимира Великого;наїзд на пішохода - пішохід рухався у зустрічному напрямку;;2;без ушкоджень;тяжко травмований;;;;;;;;49.812138;23.984377;;;;;;;;;;;
2017-05-15;8:25:00;понеділок;місто;Львів;Сихівський;вулиця;Гориня М.;1;;наїзд на пішохода - пішохід рухався у зустрічному напрямку;;2;без ушкоджень;легко травмований;;;;;;;;49.789119;24.057167;;;;;;;;;;;
2017-05-14;1:01:00;неділя;місто;Львів;Шевченківський;вулиця;о. Омеляна Ковча;;;наїзд на інші види перешкод;;2;легко травмований;помер у лікарні протягом 30 діб;;;;;;;;49.853867;23.986266;;;;;;;;;;;
2017-05-13;12:03:00;субота;місто;Львів;Галицький;площа;Данила Галицького, пл.;13;;наїзд на пішохода - пішохід рухався у зустрічному напрямку;;2;без ушкоджень;легко травмований;;;;;;;;49.844096;24.031938;;;;;;;;;;;
2017-04-30;13:20:00;неділя;місто;Львів;Франківський;вулиця;Музики Я.;;Перехрестя вул. Музики Я., - вул. Бойчука М.;наїзд на пішохода - пішохід рухався у зустрічному напрямку;;2;без ушкоджень;легко травмований;;;;;;;;49.815406;23.992735;;;;;;;;;;;
2017-04-06;21:15:00;четвер;місто;Львів;Залізничний;площа;Двірцева, пл.;;;наїзд на пішохода - на нерегульованому пішохідному переході;;2;без ушкоджень;легко травмований;;;;;;;;49.838536;23.995428;;;;;;;;;;;
2017-05-07;2:40:00;неділя;місто;Львів;Франківський;вулиця;Остроградських;2;;падіння пасажира;;1;легко травмований;;;;;;;;;49.827201;24.014831;;;;;;;;;;;
2017-05-16;15:30:00;вівторок;місто;Львів;Шевченківський;вулиця;Під Голоском;4;;наїзд на пішохода - пішохід рухався у зустрічному напрямку;;2;без ушкоджень;тяжко травмований;;;;;;;;49.869847;24.009215;;;;;;;;;;;
2017-04-11;8:45:00;вівторок;місто;Львів;Личаківський;вулиця;Личаківська;;;зіткнення з задньою частиною ТЗ;;3;без ушкоджень;без ушкоджень;тяжко травмований;;;;;;;49.836515;24.063277;;;;;;;;;;;
2017-05-18;12:17:00;четвер;місто;Львів;Галицький;вулиця;Чайковського П.;;Перехрестя вул. Чайковського П., - вул. Ковжуна П.;наїзд на пішохода - пішохід рухався у зустрічному напрямку;;2;без ушкоджень;тяжко травмований;;;;;;;;49.837374;24.029782;;;;;;;;;;;
2017-04-12;23:16:00;середа;місто;Львів;Шевченківський;вулиця;Винниця;;;наїзд на інші види перешкод;;1;легко травмований;;;;;;;;;49.864809;23.973885;;;;;;;;;;;
2017-05-22;7:01:00;понеділок;місто;Львів;Сихівський;вулиця;Стрийська;45;;наїзд на пішохода - на нерегульованому пішохідному переході;перевищення безпечної швидкості;2;без ушкоджень;тяжко травмований;;;;;;;;49.807122;24.020024;;;;;;;;;;;
2017-05-21;20:20:00;неділя;місто;Львів;Галицький;вулиця;Вітовського Д.;41;;наїзд на пішохода - на нерегульованому пішохідному переході;;2;без ушкоджень;тяжко травмований;;;;;;;;49.830052;24.023827;;;;;;;;;;;
2017-05-20;13:49:00;субота;місто;Львів;Залізничний;вулиця;Сяйво;;Перехрестя вул. Сяйво - вул. Широка;наїзд на пішохода - на нерегульованому пішохідному переході;;2;без ушкоджень;тяжко травмований;;;;;;;;49.842349;23.979335;;;;;;;;;;;
2017-05-22;7:35:00;понеділок;місто;Львів;Залізничний;вулиця;Городоцька;;;наїзд на пішохода - на нерегульованому пішохідному переході;порушення правил проїзду пішохідних переходів;2;без ушкоджень;тяжко травмований;;;;;;;;49.83073;23.969486;;;;;;;;;;;
2017-05-19;17:04:00;п'ятниця;місто;Львів;Личаківський;вулиця;Личаківська;227;;наїзд на пішохода - на нерегульованому пішохідному переході;перевищення безпечної швидкості, недодержання дистанції;2;без ушкоджень;тяжко травмований;;;;;;;;49.835758;24.075728;;;;;;;;;;;
2017-05-21;9:19:00;неділя;місто;Львів;Франківський;вулиця;Княгині Ольги;100;;наїзд на пішохода - на нерегульованому пішохідному переході;;2;без ушкоджень;тяжко травмований;;;;;;;;49.816582;24.002219;;;;;;;;;;;
2017-05-23;18:21:00;вівторок;місто;Львів;Сихівський;проспект;Червоної Калини, просп.;105;;наїзд на транспортний засіб, що стоїть - по ходу руху;;2;без ушкоджень;легко травмований;;;;;;;;49.785722;24.059302;;;;;;;;;;;
2017-05-19;17:48:00;п'ятниця;місто;Львів;Франківський;вулиця;Рубчака І.;;;наїзд на пішохода - на нерегульованому пішохідному переході;недодержання дистанції;2;без ушкоджень;тяжко травмований;;;;;;;;49.806142;24.008904;;;;;;;;;;;
2017-05-21;20:07:00;неділя;місто;Львів;Залізничний;вулиця;Білогорща;54;;наїзд на інші види перешкод;перевищення безпечної швидкості;1;тяжко травмований;;;;;;;;;49.844908;23.944868;;;;;;;;;;;
2017-05-20;1:30:00;субота;місто;Львів;Галицький;площа;Святого Теодора, пл.;2;;наїзд на пішохода - на нерегульованому пішохідному переході;;5;без ушкоджень;без ушкоджень;без ушкоджень;тяжко травмований;без ушкоджень;;;;;49.847413;24.026971;;;;;;;;;;;
2017-05-22;12:01:00;понеділок;місто;Львів;Шевченківський;вулиця;Промислова;;;зіткнення з задньою частиною ТЗ;порушення правил проїзду перехресть;2;легко травмований;без ушкоджень;;;;;;;;49.861146;24.044406;;;;;;;;;;;
2017-05-21;15:01:00;неділя;місто;Львів;Залізничний;вулиця;Городоцька;276;;зіткнення з задньою частиною ТЗ;;2;тяжко травмований;без ушкоджень;;;;;;;;49.824404;23.932058;;;;;;;;;;;
2017-05-23;12:46:00;вівторок;місто;Львів;Сихівський;вулиця;Хуторівка;4Б;;наїзд на пішохода - на нерегульованому пішохідному переході;;2;без ушкоджень;тяжко травмований;;;;;;;;49.799709;24.026531;;;;;;;;;;;
2017-05-20;11:42:00;субота;місто;Львів;Залізничний;вулиця;Левандівська;9А;;зіткнення з задньою частиною ТЗ;порушення правил маневрування;4;без ушкоджень;легко травмований;легко травмований;легко травмований;;;;;;49.844224;23.985445;;;;;;;;;;;
2017-05-19;15:26:00;п'ятниця;місто;Львів;Сихівський;вулиця;Чукаріна В.;;Перехрестя вул. Чукаріна В., - вул. Хуторівка;наїзд на пішохода - на регульованому пішохідному переході;порушення правил проїзду пішохідних переходів;2;без ушкоджень;легко травмований;;;;;;;;49.79831;24.042565;;;;;;;;;;;
2017-05-20;16:07:00;субота;місто;Львів;Шевченківський;вулиця;Липинського В.;32;;наїзд на пішохода - на нерегульованому пішохідному переході;;2;без ушкоджень;тяжко травмований;;;;;;;;49.863917;24.034411;;;;;;;;;;;
2017-05-26;12:55:00;п'ятниця;місто;Львів;Шевченківський;вулиця;Шевченка Т.;;Перехрестя вул. Шевченка Т., - вул. Винниця;зіткнення з задньою частиною ТЗ;порушення правил проїзду перехресть;3;без ушкоджень;без ушкоджень;легко травмований;;;;;;;49.85994;23.968177;;;;;;;;;;;
2017-05-26;16:20:00;п'ятниця;місто;Львів;Шевченківський;проспект;Чорновола В., просп.;;;наїзд на інші види перешкод;;2;без ушкоджень;тяжко травмований;;;;;;;;49.858612;24.020448;;;;;;;;;;;
2017-05-27;15:37:00;субота;місто;Львів;Франківський;вулиця;Стрийська;96;;наїзд на велосипедиста - велосипедист рухався у попутному напрямку;;2;без ушкоджень;тяжко травмований;;;;;;;;49.813014;24.019504;;;;;;;;;;;
2017-05-24;14:07:00;середа;місто;Львів;Франківський;вулиця;Кульпарківська;;вул. Кульпарківська - вул. Щирецька;зіткнення з задньою частиною ТЗ;невиконання вимог сигналів регулювання;3;легко травмований;без ушкоджень;без ушкоджень;;;;;;;49.815772;23.986169;;;;;;;;;;;
2017-05-29;22:01:00;понеділок;місто;Львів;Сихівський;проспект;Червоної Калини, просп.;62;;наїзд на пішохода - на нерегульованому пішохідному переході;;2;тяжко травмований;без ушкоджень;;;;;;;;49.796153;24.054168;;;;;;;;;;;
2017-05-28;12:42:00;неділя;місто;Львів;Залізничний;вулиця;Ясна;22А;;наїзд на пішохода - на нерегульованому пішохідному переході;;2;легко травмований;без ушкоджень;;;;;;;;49.843971;23.998153;;;;;;;;;;;
2017-05-29;17:35:00;понеділок;місто;Львів;Франківський;вулиця;Кульпарківська;95;;наїзд на велосипедиста - велосипедист рухався у попутному напрямку;;2;без ушкоджень;тяжко травмований;;;;;;;;49.818233;23.991448;;;;;;;;;;;
2017-05-24;10:27:00;середа;місто;Львів;Галицький;проспект;Чорновола В., просп.;4;;наїзд на пішохода - на нерегульованому пішохідному переході;;2;без ушкоджень;тяжко травмований;;;;;;;;49.84815;24.025936;;;;;;;;;;;
2017-05-29;14:12:00;понеділок;місто;Львів;Галицький;вулиця;Франка І.;;;наїзд на пішохода - на нерегульованому пішохідному переході;порушення правил маневрування, порушення правил проїзду пішохідних переходів;2;без ушкоджень;легко травмований;;;;;;;;49.829457;24.031091;;;;;;;;;;;
2017-05-27;16:37:00;субота;місто;Львів;Сихівський;проспект;Червоної Калини, просп.;61;;зіткнення з задньою частиною ТЗ;перевищення безпечної швидкості, порушення правил проїзду перехресть;3;без ушкоджень;тяжко травмований;тяжко травмований;;;;;;;49.796613;24.054705;;;;;;;;;;;
2017-05-25;21:15:00;четвер;місто;Львів;Галицький;вулиця;Городоцька;;Перехрестя вул. Городоцька - вул. Гоголя М.;наїзд на велосипедиста - поза межами велосипедної доріжки;невиконання вимог сигналів регулювання;2;без ушкоджень;легко травмований;;;;;;;;49.841594;24.015834;;;;;;;;;;;
2017-05-29;16:20:00;понеділок;місто;Львів;Франківський;вулиця;Стрийська;202;;наїзд на пішохода - на нерегульованому пішохідному переході;;3;без ушкоджень;без ушкоджень;тяжко травмований;;;;;;;49.798719;24.0171;;;;;;;;;;;
2017-05-30;6:59:00;вівторок;місто;Львів;Франківський;вулиця;Володимира Великого;;;падіння пасажира;;2;без ушкоджень;легко травмований;;;;;;;;49.810019;24.002531;;;;;;;;;;;
2017-05-28;23:50:00;неділя;місто;Львів;Шевченківський;вулиця;Шевченка Т.;313;;наїзд на пішохода - на нерегульованому пішохідному переході;перевищення безпечної швидкості;2;без ушкоджень;тяжко травмований;;;;;;;;49.869629;23.947695;;;;;;;;;;;
2017-05-24;20:50:00;середа;місто;Львів;Личаківський;вулиця;Пасічна;73;;зіткнення з задньою частиною ТЗ;;3;тяжко травмований;тяжко травмований;тяжко травмований;;;;;;;49.820691;24.076678;;;;;;;;;;;
2017-05-26;11:01:00;п'ятниця;місто;Львів;Галицький;вулиця;Франка І.;88;;наїзд на пішохода - на нерегульованому пішохідному переході;;2;без ушкоджень;тяжко травмований;;;;;;;;49.828879;24.032378;;;;;;;;;;;
2017-05-20;14:44:00;субота;місто;Львів;Залізничний;вулиця;Любінська;;Перехрестя вул. Любінська - вул. Петлюри С.;зіткнення з задньою частиною ТЗ;невиконання вимог сигналів регулювання;3;без ушкоджень;без ушкоджень;легко травмований;;;;;;;49.823899;23.977339;;;;;;;;;;;
2017-05-28;16:05:00;неділя;місто;Львів;Шевченківський;вулиця;Мазепи І., гетьм.;11;;зіткнення з задньою частиною ТЗ;перевищення безпечної швидкості;2;легко травмований;без ушкоджень;;;;;;;;49.870639;24.032271;;;;;;;;;;;
2017-06-01;18:25:00;четвер;місто;Львів;Франківський;вулиця;Тролейбусна;2;;наїзд на пішохода - на нерегульованому пішохідному переході;;2;без ушкоджень;тяжко травмований;;;;;;;;49.80852;24.007729;;;;;;;;;;;
2017-06-01;14:38:00;четвер;місто;Львів;Залізничний;вулиця;Любінська;168;;наїзд на велосипедиста - велосипедист рухався у попутному напрямку;порушення правил маневрування, недодержання дистанції;2;без ушкоджень;тяжко травмований;;;;;;;;49.818199;23.959674;;;;;;;;;;;
2017-06-01;13:40:00;четвер;місто;Львів;Сихівський;вулиця;Зелена;;;зіткнення лобове;порушення правил проїзду перехресть;2;без ушкоджень;легко травмований;;;;;;;;49.810206;24.061089;;;;;;;;;;;
2017-05-30;21:50:00;вівторок;місто;Львів;Личаківський;вулиця;Пасічна;56;;зіткнення лобове;порушення правил маневрування;2;без ушкоджень;тяжко травмований;;;;;;;;49.829429;24.069693;;;;;;;;;;;
2017-05-31;22:01:00;середа;місто;Львів;Франківський;вулиця;Мельника А.;;;наїзд на інші види перешкод;;1;тяжко травмований;;;;;;;;;49.831097;24.003217;;;;;;;;;;;
2017-06-01;10:05:00;четвер;місто;Львів;Шевченківський;вулиця;Мазепи І., гетьм.;;;зіткнення з задньою частиною ТЗ;;5;без ушкоджень;без ушкоджень;легко травмований;легко травмований;тяжко травмований;;;;;49.869837;24.028398;;;;;;;;;;;
2017-05-31;13:24:00;середа;місто;Львів;Франківський;вулиця;Пулюя І.;25;;наїзд на пішохода - пішохід рухався у зустрічному напрямку;;2;без ушкоджень;легко травмований;;;;;;;;49.802174;23.991898;;;;;;;;;;;
2017-05-22;7:30:00;понеділок;місто;Львів;Франківський;вулиця;Городоцька;132;;наїзд на пішохода - пішохід рухався у зустрічному напрямку;;2;без ушкоджень;легко травмований;;;;;;;;49.833716;23.986185;;;;;;;;;;;
2017-05-16;1:03:00;вівторок;місто;Львів;Галицький;вулиця;Дорошенка П.;;;наїзд на пішохода - пішохід рухався у зустрічному напрямку;;2;без ушкоджень;легко травмований;;;;;;;;49.841387;24.033301;;;;;;;;;;;
2017-06-02;8:01:00;п'ятниця;місто;Львів;Шевченківський;вулиця;Липинського В.;54;;зіткнення з задньою частиною ТЗ;;3;без ушкоджень;тяжко травмований;тяжко травмований;;;;;;;49.86438;24.041262;;;;;;;;;;;
2017-06-08;1:30:00;четвер;місто;Львів;Франківський;вулиця;Стрийська;;Перехрестя вул. Стрийська - вул. Сахарова А., акад.;зіткнення з задньою частиною ТЗ;;3;легко травмований;легко травмований;легко травмований;;;;;;;49.81985;24.020298;;;;;;;;;;;
2017-06-04;18:53:00;неділя;місто;Львів;Галицький;вулиця;Друкарська;2;;наїзд на пішохода - на нерегульованому пішохідному переході;;2;без ушкоджень;легко травмований;;;;;;;;49.843251;24.031976;;;;;;;;;;;
2017-06-04;0:01:00;неділя;місто;Львів;Галицький;проспект;Шевченка Т., просп.;8;;наїзд на пішохода - на нерегульованому пішохідному переході;;2;без ушкоджень;тяжко травмований;;;;;;;;49.837481;24.031134;;;;;;;;;;;
2017-06-03;14:25:00;субота;місто;Львів;Шевченківський;вулиця;Грінченка Б.;;Перехрестя вул. Грінченка Б., - вул. Хмельницького Б.;наїзд на велосипедиста - велосипедист рухався у попутному напрямку;;2;без ушкоджень;легко травмований;;;;;;;;49.869857;24.057097;;;;;;;;;;;
2017-06-03;17:01:00;субота;місто;Львів;Шевченківський;вулиця;Чигиринська;31;;наїзд на пішохода - на нерегульованому пішохідному переході;;2;без ушкоджень;легко травмований;;;;;;;;49.867368;24.050333;;;;;;;;;;;
2017-06-04;22:30:00;неділя;місто;Львів;Шевченківський;вулиця;Величковського І.;42;;наїзд на інші види перешкод;;2;без ушкоджень;легко травмований;;;;;;;;49.875762;23.932337;;;;;;;;;;;
2017-06-04;1:20:00;неділя;місто;Львів;Галицький;вулиця;Театральна;7;;наїзд на інші види перешкод;;1;легко травмований;;;;;;;;;49.840985;24.029755;;;;;;;;;;;
2017-06-02;18:51:00;п'ятниця;місто;Львів;Франківський;вулиця;Чупринки Т., ген.;16;;наїзд на пішохода - на регульованому пішохідному переході;порушення правил проїзду пішохідних переходів;2;легко травмований;без ушкоджень;;;;;;;;49.832318;24.013764;;;;;;;;;;;
2017-05-20;12:10:00;субота;місто;Львів;Шевченківський;вулиця;Липинського В.;;;наїзд на пішохода - пішохід рухався у зустрічному напрямку;;2;без ушкоджень;тяжко травмований;;;;;;;;49.862859;24.032464;;;;;;;;;;;
2017-06-02;12:24:00;п'ятниця;місто;Львів;Личаківський;вулиця;Воробкевича С.;2;;зіткнення з задньою частиною ТЗ;порушення правил маневрування;3;без ушкоджень;без ушкоджень;тяжко травмований;;;;;;;49.838951;24.056738;;;;;;;;;;;
2017-06-04;16:23:00;неділя;місто;Львів;Шевченківський;вулиця;Грінченка Б.;;;зіткнення з задньою частиною ТЗ;;4;тяжко травмований;тяжко травмований;без ушкоджень;тяжко травмований;;;;;;49.87142;24.052978;;;;;;;;;;;
2017-06-05;14:01:00;понеділок;місто;Львів;Сихівський;вулиця;Гориня М.;;;наїзд на пішохода - на нерегульованому пішохідному переході;;2;без ушкоджень;легко травмований;;;;;;;;49.786404;24.051797;;;;;;;;;;;
2017-06-04;21:08:00;неділя;місто;Львів;Сихівський;вулиця;Сихівська;;;наїзд на пішохода - на нерегульованому пішохідному переході;;2;без ушкоджень;тяжко травмований;;;;;;;;49.794868;24.066131;;;;;;;;;;;
2017-06-03;0:10:00;субота;місто;Львів;Галицький;вулиця;Замарстинівська;1;;наїзд на пішохода - на нерегульованому пішохідному переході;;2;без ушкоджень;тяжко травмований;;;;;;;;49.84762;24.027953;;;;;;;;;;;
2017-06-04;0:50:00;неділя;місто;Львів;Личаківський;вулиця;Хмельницького Б.;;;зіткнення з задньою частиною ТЗ;перевищення безпечної швидкості, недодержання дистанції;3;тяжко травмований;без ушкоджень;без ушкоджень;;;;;;;49.869854;24.057232;;;;;;;;;;;
2017-05-05;19:50:00;п'ятниця;місто;Львів;Сихівський;вулиця;Зелена;270;;зіткнення бокове;;3;тяжко травмований;легко травмований;легко травмований;;;;;;;49.815766;24.061571;;;;;;;;;;;
2017-06-04;20:55:00;неділя;місто;Львів;Сихівський;вулиця;Стрийська;;Перехрестя вул. Стрийська - вул. Володимира Великого;наїзд на інші види перешкод;;2;без ушкоджень;легко травмований;;;;;;;;49.808039;24.019182;;;;;;;;;;;
2017-05-30;22:01:00;вівторок;місто;Львів;Сихівський;проспект;Червоної Калини, просп.;53;;перекидання ТЗ;;1;легко травмований;;;;;;;;;49.798199;24.050322;;;;;;;;;;;
2017-06-04;2:10:00;неділя;місто;Львів;Залізничний;вулиця;Городоцька;213;;зіткнення з задньою частиною ТЗ;порушення правил маневрування;2;легко травмований;без ушкоджень;;;;;;;;49.829149;23.960345;;;;;;;;;;;
2017-06-12;23:18:00;понеділок;місто;Львів;Личаківський;вулиця;Кривчицька Дорога;83;;наїзд на інші види перешкод;;1;тяжко травмований;;;;;;;;;49.846008;24.079596;;;;;;;;;;;
2017-06-12;23:30:00;понеділок;місто;Львів;Залізничний;вулиця;Чернівецька;11;;зіткнення з задньою частиною ТЗ;порушення правил маневрування;2;без ушкоджень;легко травмований;;;;;;;;49.838934;23.996302;;;;;;;;;;;
2017-06-12;14:31:00;понеділок;місто;Львів;Залізничний;вулиця;Городоцька;;;наїзд на пішохода - на нерегульованому пішохідному переході;;2;без ушкоджень;легко травмований;;;;;;;;49.830786;23.9697;;;;;;;;;;;
2017-06-11;2:28:00;неділя;місто;Львів;Галицький;вулиця;Замарстинівська;16;;зіткнення з задньою частиною ТЗ;;3;без ушкоджень;легко травмований;легко травмований;;;;;;;49.848862;24.027684;;;;;;;;;;;