accidentDate;accidentTime;accidentDay;settlementType;settlement;district;streetType;streetName;houseNumber;locationComments;accidentType;mainAccidentCause;totalParticipantsAmount;injuryStatusParticipant1;injuryStatusParticipant2;injuryStatusParticipant3;injuryStatusParticipant4;injuryStatusParticipant5;injuryStatusParticipant6;injuryStatusParticipant7;injuryStatusParticipant8;injuryStatusParticipant9;latitude;longitude;injuryStatusParticipant10;injuryStatusParticipant11;injuryStatusParticipant12;injuryStatusParticipant13;injuryStatusParticipant14;injuryStatusParticipant15;injuryStatusParticipant16;injuryStatusParticipant17;injuryStatusParticipant18;injuryStatusParticipant19;injuryStatusParticipant20
2017-06-11;14:07:00;неділя;місто;Львів;Галицький;вулиця;Під Дубом;2;;зіткнення з задньою частиною ТЗ;перевищення безпечної швидкості, недодержання дистанції;3;без ушкоджень;без ушкоджень;легко травмований;;;;;;;49.850457;24.025195;;;;;;;;;;;
2017-06-13;15:10:00;вівторок;місто;Львів;Галицький;вулиця;Банківська;;;наїзд на пішохода - на регульованому пішохідному переході;;2;без ушкоджень;легко травмований;;;;;;;;49.839802;24.026579;;;;;;;;;;;
2017-06-09;11:42:00;п'ятниця;місто;Львів;Залізничний;вулиця;Ярослава Мудрого;12;;зіткнення з задньою частиною ТЗ;перевищення безпечної швидкості;2;легко травмований;без ушкоджень;;;;;;;;49.841297;24.01077;;;;;;;;;;;
2017-06-11;1:03:00;неділя;місто;Львів;Франківський;вулиця;Кульпарківська;;Заправка Сокар;зіткнення з задньою частиною ТЗ;;3;без ушкоджень;легко травмований;тяжко травмований;;;;;;;49.816406;23.986475;;;;;;;;;;;
2017-06-09;9:56:00;п'ятниця;місто;Львів;Залізничний;вулиця;Городоцька;245;;наїзд на пішохода - на регульованому пішохідному переході;;2;без ушкоджень;легко травмований;;;;;;;;49.831121;23.971508;;;;;;;;;;;
2017-06-09;16:01:00;п'ятниця;місто;Львів;Сихівський;проспект;Червоної Калини, просп.;57;;зіткнення з задньою частиною ТЗ;перевищення безпечної швидкості, недодержання дистанції;3;без ушкоджень;без ушкоджень;легко травмований;;;;;;;49.798414;24.05198;;;;;;;;;;;
2017-06-09;23:06:00;п'ятниця;місто;Львів;Франківський;вулиця;Княгині Ольги;;Перехрестя вул. Княгині Ольги - вул. Бойчука М.;наїзд на пішохода - на нерегульованому пішохідному переході;керування транспортним засобом у нетверезому стані, порушення правил проїзду пішохідних переходів;2;без ушкоджень;легко травмований;;;;;;;;49.812539;24.000546;;;;;;;;;;;
2017-06-14;20:23:00;середа;місто;Львів;Галицький;вулиця;Театральна;16;;наїзд на пішохода - на нерегульованому пішохідному переході;недодержання дистанції;2;без ушкоджень;легко травмований;;;;;;;;49.842034;24.029471;;;;;;;;;;;
2017-06-13;22:01:00;вівторок;місто;Львів;Франківський;вулиця;Наукова;;Перехрестя вул. Наукова - вул. Симоненка В.;зіткнення лобове;невиконання вимог сигналів регулювання, порушення правил проїзду перехресть;2;без ушкоджень;тяжко травмований;;;;;;;;49.805269;23.986856;;;;;;;;;;;
2017-06-15;19:11:00;четвер;місто;Львів;Шевченківський;вулиця;Грінченка Б.;;Перехрестя вул. Грінченка Б., - вул. Хмельницького Б.;зіткнення з задньою частиною ТЗ;;4;без ушкоджень;без ушкоджень;без ушкоджень;легко травмований;;;;;;49.869913;24.057076;;;;;;;;;;;
2017-06-17;22:49:00;субота;місто;Львів;Франківський;вулиця;Наукова;44;;зіткнення з задньою частиною ТЗ;перевищення безпечної швидкості, порушення правил проїзду перехресть, недодержання дистанції;2;легко травмований;без ушкоджень;;;;;;;;49.804144;23.995916;;;;;;;;;;;
2017-06-17;1:15:00;субота;місто;Львів;Франківський;вулиця;Княгині Ольги;114;;наїзд на пішохода - на нерегульованому пішохідному переході;порушення правил зупинки і стоянки транспортного засобу;2;без ушкоджень;легко травмований;;;;;;;;49.807824;23.998958;;;;;;;;;;;
2017-06-18;11:20:00;неділя;місто;Львів;Галицький;площа;Соборна, пл.;3А;;наїзд на пішохода - пішохід рухався у зустрічному напрямку;;3;без ушкоджень;помер на місці дтп;тяжко травмований;;;;;;;49.839394;24.034674;;;;;;;;;;;
2017-06-16;0:40:00;п'ятниця;місто;Львів;Галицький;вулиця;Друкарська;;;зіткнення з задньою частиною ТЗ;порушення правил маневрування;2;без ушкоджень;легко травмований;;;;;;;;49.844123;24.032067;;;;;;;;;;;
2017-06-18;18:40:00;неділя;місто;Львів;Шевченківський;проспект;Чорновола В., просп.;67;;зіткнення лобове;порушення правил маневрування, порушення правил обгону;2;без ушкоджень;легко травмований;;;;;;;;49.859463;24.018999;;;;;;;;;;;
2017-06-18;23:48:00;неділя;місто;Львів;Сихівський;проспект;Червоної Калини, просп.;68-70;;наїзд на пішохода - пішохід рухався у зустрічному напрямку;;2;без ушкоджень;легко травмований;;;;;;;;49.797874;24.050918;;;;;;;;;;;
2017-06-18;19:20:00;неділя;місто;Львів;Шевченківський;вулиця;Замарстинівська;112;;зіткнення з задньою частиною ТЗ;перевищення безпечної швидкості, недодержання дистанції;2;без ушкоджень;легко травмований;;;;;;;;49.859349;24.026982;;;;;;;;;;;
2017-06-20;23:45:00;вівторок;місто;Львів;Франківський;вулиця;Володимира Великого;14;;зіткнення з задньою частиною ТЗ;порушення правил маневрування, порушення правил проїзду перехресть;2;без ушкоджень;легко травмований;;;;;;;;49.810386;24.004633;;;;;;;;;;;
2017-06-20;18:05:00;вівторок;місто;Львів;Галицький;вулиця;Замарстинівська;;;наїзд на велосипедиста - велосипедист рухався у попутному напрямку;;2;без ушкоджень;легко травмований;;;;;;;;49.850937;24.026736;;;;;;;;;;;
2017-06-15;16:06:00;четвер;місто;Львів;Сихівський;вулиця;Мікльоша К.;11;;наїзд на пішохода - на нерегульованому пішохідному переході;;2;без ушкоджень;тяжко травмований;;;;;;;;49.783227;24.018139;;;;;;;;;;;
2017-06-18;23:36:00;неділя;місто;Львів;Залізничний;вулиця;Левандівська;;Перехрестя вул. Левандівська - вул. Повітряна;зіткнення лобове;порушення правил проїзду перехресть;3;легко травмований;легко травмований;легко травмований;;;;;;;49.84613;23.988642;;;;;;;;;;;
2017-06-17;20:25:00;субота;місто;Львів;Залізничний;вулиця;Любінська;96;;наїзд на пішохода - пішохід рухався у зустрічному напрямку;перехід у невстановленому місці;2;без ушкоджень;тяжко травмований;;;;;;;;49.82355;23.976095;;;;;;;;;;;
2017-05-28;11:05:00;неділя;місто;Львів;Шевченківський;вулиця;Мазепи І., гетьм.;15А;;зіткнення бокове;недодержання дистанції;3;без ушкоджень;без ушкоджень;легко травмований;;;;;;;49.87078;24.033499;;;;;;;;;;;
2017-06-15;15:01:00;четвер;місто;Львів;Залізничний;вулиця;Кульпарківська;141;;наїзд на велосипедиста - велосипедист рухався у попутному напрямку;неочікуваний вихід на проїзну частину;2;без ушкоджень;легко травмований;;;;;;;;49.816794;23.986287;;;;;;;;;;;
2017-06-17;13:30:00;субота;місто;Львів;Шевченківський;проспект;Чорновола В., просп.;;;наїзд на пішохода - пішохід на тротуарі чи велосипедній доріжці;перевищення безпечної швидкості, недодержання дистанції;3;без ушкоджень;без ушкоджень;тяжко травмований;;;;;;;49.858183;24.020598;;;;;;;;;;;
2017-06-18;19:52:00;неділя;місто;Львів;Франківський;вулиця;Наукова;7;;зіткнення з задньою частиною ТЗ;недодержання дистанції;3;легко травмований;без ушкоджень;без ушкоджень;;;;;;;49.803064;24.005647;;;;;;;;;;;
2017-06-17;22:01:00;субота;місто;Львів;Галицький;вулиця;Під Дубом;;Перехрестя вул. Під Дубом - Чорновола В., просп.;зіткнення з задньою частиною ТЗ;перевищення безпечної швидкості, недодержання дистанції;3;без ушкоджень;легко травмований;без ушкоджень;;;;;;;49.850467;24.024643;;;;;;;;;;;
2017-06-22;15:50:00;четвер;місто;Львів;Сихівський;вулиця;Зелена;325;;наїзд на пішохода - на нерегульованому пішохідному переході;;2;легко травмований;легко травмований;;;;;;;;49.796118;24.073743;;;;;;;;;;;
2017-06-21;15:05:00;середа;місто;Львів;Шевченківський;проспект;Чорновола В., просп.;;Перехрестя Чорновола В., просп., - вул. Хімічна;зіткнення з задньою частиною ТЗ;порушення правил маневрування;2;без ушкоджень;тяжко травмований;;;;;;;;49.858225;24.020641;;;;;;;;;;;
2017-06-22;22:40:00;четвер;місто;Львів;Шевченківський;вулиця;Шевченка Т.;;Перехрестя вул. Шевченка Т., - вул. Величковського І.;зіткнення з задньою частиною ТЗ;порушення правил проїзду пішохідних переходів, порушення правил проїзду перехресть;3;легко травмований;легко травмований;легко травмований;;;;;;;49.859719;23.968177;;;;;;;;;;;
2017-06-23;16:19:00;п'ятниця;місто;Львів;Галицький;вулиця;Стуса В.;29;;зіткнення з задньою частиною ТЗ;перевищення безпечної швидкості;2;без ушкоджень;легко травмований;;;;;;;;49.819992;24.040285;;;;;;;;;;;
2017-06-25;20:57:00;неділя;місто;Львів;Шевченківський;вулиця;Замарстинівська;264;;зіткнення лобове;перевищення безпечної швидкості, недодержання дистанції;2;легко травмований;без ушкоджень;;;;;;;;49.875863;24.008673;;;;;;;;;;;
2017-06-18;14:08:00;неділя;місто;Львів;Шевченківський;вулиця;Варшавська;64;;наїзд на інші види перешкод;;2;помер на місці дтп;легко травмований;;;;;;;;49.859819;24.009537;;;;;;;;;;;
2017-06-25;0:25:00;неділя;місто;Львів;Сихівський;вулиця;Мирного Панаса;;Перехрестя вул. Мирного Панаса - вул. Ярославенка Я.;наїзд на пішохода - на нерегульованому пішохідному переході;;2;без ушкоджень;помер на місці дтп;;;;;;;;49.815412;24.032485;;;;;;;;;;;
2017-06-24;4:34:00;субота;місто;Львів;Сихівський;вулиця;Сихівська;10;;наїзд на пішохода - на нерегульованому пішохідному переході;;2;без ушкоджень;легко травмований;;;;;;;;49.796461;24.065149;;;;;;;;;;;
2017-06-16;13:10:00;п'ятниця;місто;Львів;Галицький;вулиця;Куліша П.;44;;зіткнення бокове;недодержання дистанції;2;без ушкоджень;легко травмований;;;;;;;;49.849405;24.024396;;;;;;;;;;;
2017-06-21;21:14:00;середа;місто;Львів;Залізничний;вулиця;Любінська;152;;наїзд на інші види перешкод;перевищення безпечної швидкості, недодержання дистанції;1;легко травмований;;;;;;;;;49.8195;23.965489;;;;;;;;;;;
2017-06-24;20:01:00;субота;місто;Львів;Залізничний;вулиця;Кульпарківська;118;;падіння пасажира;порушення техніки безпеки пасажиром;2;без ушкоджень;легко травмований;;;;;;;;49.819303;23.987837;;;;;;;;;;;
2017-07-20;13:41:00;четвер;місто;Львів;Галицький;проспект;Свободи, просп.;41;;наїзд на пішохода - на нерегульованому пішохідному переході;порушення правил проїзду пішохідних переходів;2;без ушкоджень;легко травмований;;;;;;;;49.843331;24.026016;;;;;;;;;;;
2017-07-05;15:50:00;середа;місто;Львів;Галицький;площа;Соборна, пл.;6;;зіткнення з задньою частиною ТЗ;перевищення безпечної швидкості, недодержання дистанції;3;без ушкоджень;без ушкоджень;легко травмований;;;;;;;49.83864;24.035854;;;;;;;;;;;
2017-07-07;11:31:00;п'ятниця;місто;Львів;Франківський;вулиця;Городоцька;147;;наїзд на пішохода - на нерегульованому пішохідному переході;;2;без ушкоджень;легко травмований;;;;;;;;49.833325;23.983315;;;;;;;;;;;
2017-07-08;10:47:00;субота;місто;Львів;Личаківський;вулиця;Богданівська;;;зіткнення з задньою частиною ТЗ;;2;без ушкоджень;легко травмований;;;;;;;;49.848893;24.083474;;;;;;;;;;;
2017-06-30;13:40:00;п'ятниця;місто;Львів;Шевченківський;проспект;Чорновола В., просп.;59;;наїзд на пішохода - на нерегульованому пішохідному переході;;2;без ушкоджень;легко травмований;;;;;;;;49.857419;24.021091;;;;;;;;;;;
2017-06-02;9:40:00;п'ятниця;місто;Львів;Личаківський;вулиця;Зелена;105;;наїзд на пішохода - на нерегульованому пішохідному переході;;2;без ушкоджень;легко травмований;;;;;;;;49.821276;24.055451;;;;;;;;;;;
2017-08-01;13:55:00;вівторок;місто;Львів;Залізничний;вулиця;Роксоляни;;Перехрестя вул. Роксоляни - вул. Білогорща;зіткнення лобове;перевищення безпечної швидкості;3;без ушкоджень;легко травмований;легко травмований;;;;;;;49.844134;23.958542;;;;;;;;;;;
2017-07-19;8:45:00;середа;місто;Львів;Франківський;вулиця;Кульпарківська;;Перехрестя вул. Кульпарківська - вул. Антоновича В.;зіткнення з задньою частиною ТЗ;;2;легко травмований;легко травмований;;;;;;;;49.816596;23.986588;;;;;;;;;;;
2017-07-31;10:20:00;понеділок;місто;Львів;Сихівський;вулиця;Стрийська;109;;наїзд на пішохода - на регульованому пішохідному переході;;2;без ушкоджень;легко травмований;;;;;;;;49.786809;24.014794;;;;;;;;;;;
2017-06-30;16:45:00;п'ятниця;місто;Львів;Личаківський;вулиця;Китайська;;;наїзд на велосипедиста - поза межами велосипедної доріжки;;2;без ушкоджень;легко травмований;;;;;;;;49.821719;24.07539;;;;;;;;;;;
2017-08-02;1:30:00;середа;місто;Львів;Галицький;вулиця;Дорошенка П.;;Перехрестя вул. Дорошенка П., - Свободи, просп.;зіткнення лобове;;2;легко травмований;без ушкоджень;;;;;;;;49.840525;24.027872;;;;;;;;;;;
2017-08-01;19:10:00;вівторок;місто;Львів;Франківський;вулиця;Володимира Великого;18;;наїзд на пішохода - на нерегульованому пішохідному переході;;3;тяжко травмований;без ушкоджень;тяжко травмований;;;;;;;49.810161;24.002729;;;;;;;;;;;
2017-07-22;2:45:00;субота;місто;Львів;Сихівський;проспект;Червоної Калини, просп.;;;наїзд на інші види перешкод;порушення правил маневрування;2;тяжко травмований;легко травмований;;;;;;;;49.78281;24.059498;;;;;;;;;;;
2017-07-20;19:30:00;четвер;місто;Львів;Шевченківський;вулиця;Шевченка Т.;358Б;;наїзд на пішохода - на нерегульованому пішохідному переході;;2;без ушкоджень;легко травмований;;;;;;;;49.868139;23.952046;;;;;;;;;;;
2017-07-27;18:30:00;четвер;місто;Львів;Сихівський;проспект;Червоної Калини, просп.;77;;наїзд на пішохода - на нерегульованому пішохідному переході;;2;без ушкоджень;легко травмований;;;;;;;;49.796156;24.055767;;;;;;;;;;;
2017-07-21;8:45:00;п'ятниця;місто;Львів;Личаківський;вулиця;Глинянський Тракт;;;наїзд на інші види перешкод;недодержання дистанції;1;легко травмований;;;;;;;;;49.840224;24.090443;;;;;;;;;;;
2017-06-24;12:04:00;субота;місто;Львів;Шевченківський;вулиця;Клепарівська;28А;;зіткнення лобове;перевищення встановленої швидкості, перевищення безпечної швидкості, порушення правил обгону;2;легко травмований;легко травмований;;;;;;;;49.848454;24.015228;;;;;;;;;;;
2017-07-30;18:11:00;неділя;місто;Львів;Шевченківський;вулиця;Хмельницького Б.;199;;зіткнення лобове;;4;без ушкоджень;без ушкоджень;легко травмований;без ушкоджень;;;;;;49.857924;24.047211;;;;;;;;;;;
2017-06-27;13:16:00;вівторок;місто;Львів;Сихівський;вулиця;Угорська;14;;зіткнення лобове;порушення правил проїзду перехресть;2;без ушкоджень;легко травмований;;;;;;;;49.809517;24.046379;;;;;;;;;;;
2017-07-26;8:51:00;середа;місто;Львів;Залізничний;вулиця;Сяйво;16;;зіткнення з задньою частиною ТЗ;;4;без ушкоджень;без ушкоджень;легко травмований;легко травмований;;;;;;49.839353;23.97772;;;;;;;;;;;
2017-07-26;8:43:00;середа;місто;Львів;Галицький;проспект;Чорновола В., просп.;;Перехрестя Чорновола В., просп., - вул. Під Дубом;наїзд на пішохода - на нерегульованому пішохідному переході;невиконання вимог сигналів регулювання;2;без ушкоджень;легко травмований;;;;;;;;49.850457;24.024385;;;;;;;;;;;
2017-07-04;16:30:00;вівторок;місто;Львів;Шевченківський;вулиця;Шевченка Т.;358;;зіткнення з задньою частиною ТЗ;;3;без ушкоджень;без ушкоджень;легко травмований;;;;;;;49.868505;23.95225;;;;;;;;;;;
2017-07-28;13:06:00;п'ятниця;місто;Львів;Франківський;вулиця;Стрийська;302;;наїзд на пішохода - пішохід рухався у зустрічному напрямку;;2;без ушкоджень;легко травмований;;;;;;;;49.787699;24.014676;;;;;;;;;;;
2017-06-28;12:01:00;середа;місто;Львів;Франківський;вулиця;Наукова;;;наїзд на пішохода - пішохід рухався у зустрічному напрямку;;2;без ушкоджень;легко травмований;;;;;;;;49.803234;24.005234;;;;;;;;;;;
2017-07-01;18:04:00;субота;місто;Львів;Галицький;вулиця;Куліша П.;47;;наїзд на пішохода - на нерегульованому пішохідному переході;недодержання дистанції;2;без ушкоджень;тяжко травмований;;;;;;;;49.8489;24.024348;;;;;;;;;;;
2017-07-04;18:10:00;вівторок;місто;Львів;Личаківський;вулиця;Пасічна;42;;наїзд на пішохода - на нерегульованому пішохідному переході;;2;без ушкоджень;помер у лікарні протягом 30 діб;;;;;;;;49.830107;24.069259;;;;;;;;;;;
2017-07-27;9:25:00;четвер;місто;Львів;Галицький;вулиця;Городоцька;44;;наїзд на пішохода - на нерегульованому пішохідному переході;;2;без ушкоджень;помер у лікарні протягом 30 діб;;;;;;;;49.840377;24.012417;;;;;;;;;;;
2017-06-30;15:06:00;п'ятниця;місто;Львів;Шевченківський;проспект;Чорновола В., просп.;;;наїзд на пішохода - на нерегульованому пішохідному переході;;2;без ушкоджень;легко травмований;;;;;;;;49.857021;24.021735;;;;;;;;;;;
2017-08-06;15:04:00;неділя;місто;Львів;Сихівський;вулиця;Стрийська;;Біля ТЦ Ашан;зіткнення бокове;;5;без ушкоджень;без ушкоджень;легко травмований;легко травмований;легко травмований;;;;;49.774128;24.014032;;;;;;;;;;;
2017-07-08;22:35:00;субота;місто;Львів;Франківський;вулиця;Наукова;35А;;зіткнення з задньою частиною ТЗ;невиконання вимог сигналів регулювання;3;без ушкоджень;без ушкоджень;легко травмований;;;;;;;49.80395;23.997043;;;;;;;;;;;
2017-07-28;18:01:00;п'ятниця;місто;Львів;Личаківський;вулиця;Хмельницького Б.;;ЕПІЦЕНТР;наїзд на пішохода - пішохід рухався у зустрічному напрямку;;2;без ушкоджень;легко травмований;;;;;;;;49.864436;24.053793;;;;;;;;;;;
2017-07-04;12:30:00;вівторок;місто;Львів;Личаківський;вулиця;Медової Печери;3;;наїзд на пішохода - на нерегульованому пішохідному переході;;2;без ушкоджень;тяжко травмований;;;;;;;;49.826969;24.074768;;;;;;;;;;;
2017-06-29;17:15:00;четвер;місто;Львів;Шевченківський;проспект;Чорновола В., просп.;45;;наїзд на пішохода - на нерегульованому пішохідному переході;;2;без ушкоджень;тяжко травмований;;;;;;;;49.85265;24.02357;;;;;;;;;;;
2017-07-08;18:46:00;субота;місто;Львів;Залізничний;вулиця;Городоцька;280;;падіння пасажира;;1;тяжко травмований;;;;;;;;;49.823636;23.93024;;;;;;;;;;;
2017-08-04;20:38:00;п'ятниця;місто;Львів;Галицький;вулиця;Стуса В.;25;;наїзд на інші види перешкод;перевищення безпечної швидкості;1;тяжко травмований;;;;;;;;;49.82075;24.039931;;;;;;;;;;;
2017-07-20;15:31:00;четвер;місто;Львів;Залізничний;вулиця;Виговського І.;100;;зіткнення з задньою частиною ТЗ;порушення правил проїзду перехресть;2;без ушкоджень;легко травмований;;;;;;;;49.812197;23.982441;;;;;;;;;;;
2017-07-02;10:11:00;неділя;місто;Львів;Галицький;проспект;Чорновола В., просп.;7;;наїзд на пішохода - на нерегульованому пішохідному переході;;2;без ушкоджень;тяжко травмований;;;;;;;;49.846666;24.02541;;;;;;;;;;;
2017-07-06;11:55:00;четвер;місто;Львів;Сихівський;вулиця;Луганська;;;наїзд на пішохода - на нерегульованому пішохідному переході;порушення правил маневрування;2;тяжко травмований;легко травмований;;;;;;;;49.809078;24.035554;;;;;;;;;;;
2017-07-06;23:01:00;четвер;місто;Львів;Галицький;площа;Старий Ринок, пл.;;;наїзд на пішохода - на нерегульованому пішохідному переході;;2;без ушкоджень;легко травмований;;;;;;;;49.846092;24.02946;;;;;;;;;;;
2017-08-06;1:20:00;неділя;місто;Львів;Залізничний;вулиця;Широка;86;;наїзд на пішохода - пішохід рухався у зустрічному напрямку;;2;без ушкоджень;легко травмований;;;;;;;;49.842743;23.962753;;;;;;;;;;;
2017-07-11;16:35:00;вівторок;місто;Львів;Сихівський;проспект;Червоної Калини, просп.;;Перехрестя Червоної Калини, просп., - вул. Скрипника М.;зіткнення з задньою частиною ТЗ;порушення правил проїзду перехресть;2;без ушкоджень;легко травмований;;;;;;;;49.797908;24.051315;;;;;;;;;;;
2017-06-22;14:33:00;четвер;місто;Львів;Франківський;вулиця;Горбачевського І.;2;;наїзд на пішохода - пішохід рухався у зустрічному напрямку;;2;без ушкоджень;легко травмований;;;;;;;;49.82973;24.008131;;;;;;;;;;;
2017-07-11;13:55:00;вівторок;місто;Львів;Шевченківський;вулиця;Липинського В.;;Перехрестя вул. Липинського В., - вул. Бетховена Л.;наїзд на пішохода - на нерегульованому пішохідному переході;;4;легко травмований;без ушкоджень;без ушкоджень;тяжко травмований;;;;;;49.863509;24.033322;;;;;;;;;;;
2017-07-21;20:14:00;п'ятниця;місто;Львів;Франківський;вулиця;Володимира Великого;;;зіткнення лобове;порушення правил маневрування, порушення правил проїзду перехресть;3;легко травмований;легко травмований;легко травмований;;;;;;;49.810227;24.001586;;;;;;;;;;;
2017-06-29;14:52:00;четвер;місто;Львів;Галицький;вулиця;Під Дубом;7Б;;наїзд на пішохода - на нерегульованому пішохідному переході;;2;без ушкоджень;легко травмований;;;;;;;;49.850125;24.022068;;;;;;;;;;;
2017-07-24;8:50:00;понеділок;місто;Львів;Личаківський;вулиця;Пасічна;93Б;;зіткнення бокове;;2;легко травмований;без ушкоджень;;;;;;;;49.811324;24.079397;;;;;;;;;;;
2017-08-04;8:01:00;п'ятниця;місто;Львів;Залізничний;вулиця;Широка;6;;зіткнення з задньою частиною ТЗ;;2;легко травмований;без ушкоджень;;;;;;;;49.842736;23.978509;;;;;;;;;;;
2017-07-31;7:25:00;понеділок;місто;Львів;Шевченківський;вулиця;Шевченка Т.;418;;наїзд на пішохода - на нерегульованому пішохідному переході;;2;без ушкоджень;помер у лікарні протягом 30 діб;;;;;;;;49.871724;23.942406;;;;;;;;;;;
2017-07-12;19:22:00;середа;місто;Львів;Франківський;вулиця;Наукова;62;;падіння пасажира;порушення правил маневрування;3;без ушкоджень;без ушкоджень;легко травмований;;;;;;;49.80438;23.994634;;;;;;;;;;;
2017-07-15;22:01:00;субота;місто;Львів;Личаківський;вулиця;Старознесенська;;;наїзд на пішохода - пішохід переходив дорогу поза межами пішохідного переходу;;1;легко травмований;;;;;;;;;49.850872;24.057451;;;;;;;;;;;
2017-07-28;0:30:00;п'ятниця;місто;Львів;Шевченківський;вулиця;Шевченка Т.;388;;зіткнення з задньою частиною ТЗ;перевищення безпечної швидкості, недодержання дистанції;4;легко травмований;без ушкоджень;без ушкоджень;легко травмований;;;;;;49.871057;23.944241;;;;;;;;;;;
2017-07-13;11:23:00;четвер;місто;Львів;Франківський;вулиця;Наукова;;Перехрестя вул. Наукова - вул. Княгині Ольги;зіткнення з задньою частиною ТЗ;невиконання вимог сигналів регулювання;2;легко травмований;без ушкоджень;;;;;;;;49.80412;23.997424;;;;;;;;;;;
2017-07-26;13:50:00;середа;місто;Львів;Залізничний;вулиця;Сяйво;16;;зіткнення лобове;порушення правил маневрування;2;без ушкоджень;легко травмований;;;;;;;;49.839705;23.977956;;;;;;;;;;;
2017-08-01;19:20:00;вівторок;місто;Львів;Залізничний;вулиця;Кульпарківська;156А;;зіткнення з задньою частиною ТЗ;недодержання дистанції;2;легко травмований;без ушкоджень;;;;;;;;49.815904;23.985407;;;;;;;;;;;
2017-07-31;14:01:00;понеділок;місто;Львів;Галицький;вулиця;Таманська;1;;наїзд на пішохода - на нерегульованому пішохідному переході;;2;без ушкоджень;легко травмований;;;;;;;;49.845119;24.021016;;;;;;;;;;;
2017-07-25;15:28:00;вівторок;місто;Львів;Залізничний;вулиця;Щирецька;;;падіння пасажира;;2;без ушкоджень;легко травмований;;;;;;;;49.810809;23.968477;;;;;;;;;;;
2017-07-13;8:40:00;четвер;місто;Львів;Шевченківський;вулиця;Шевченка Т.;;Перехрестя вул. Шевченка Т., - вул. Величковського І.;зіткнення бокове;;2;без ушкоджень;легко травмований;;;;;;;;49.860072;23.970366;;;;;;;;;;;
2017-07-13;17:51:00;четвер;місто;Львів;Залізничний;вулиця;Городоцька;;Перехрестя вул. Городоцька - вул. Патона Є.;наїзд на пішохода - на нерегульованому пішохідному переході;;3;без ушкоджень;легко травмований;без ушкоджень;;;;;;;49.83073;23.968949;;;;;;;;;;;
2017-07-29;20:01:00;субота;місто;Львів;Франківський;вулиця;Кульпарківська;;;зіткнення лобове;невиконання вимог сигналів регулювання;4;без ушкоджень;без ушкоджень;легко травмований;легко травмований;;;;;;49.816762;23.986716;;;;;;;;;;;
2017-07-16;22:40:00;неділя;місто;Львів;Галицький;вулиця;Під Дубом;2;;наїзд на велосипедиста - велосипедист рухався у попутному напрямку;невиконання вимог сигналів регулювання;2;тяжко травмований;без ушкоджень;;;;;;;;49.850467;24.025345;;;;;;;;;;;
2017-07-14;16:01:00;п'ятниця;місто;Львів;Сихівський;вулиця;Зелена;251;;наїзд на пішохода - на нерегульованому пішохідному переході;;2;без ушкоджень;легко травмований;;;;;;;;49.80644;24.06236;;;;;;;;;;;
2017-08-01;11:35:00;вівторок;місто;Львів;Шевченківський;вулиця;Хмельницького Б.;231;;наїзд на велосипедиста - поза межами велосипедної доріжки;порушення правил маневрування, порушення правил проїзду пішохідних переходів;2;без ушкоджень;легко травмований;;;;;;;;49.866386;24.054281;;;;;;;;;;;
2017-07-17;19:01:00;понеділок;місто;Львів;Залізничний;вулиця;Городоцька;222;;зіткнення з задньою частиною ТЗ;;1;легко травмований;;;;;;;;;49.828581;23.956987;;;;;;;;;;;
2017-07-20;0:01:00;четвер;місто;Львів;Залізничний;вулиця;Шевченка Т.;315;;наїзд на інші види перешкод;перевищення безпечної швидкості;1;легко травмований;;;;;;;;;49.847005;24.003239;;;;;;;;;;;
2017-08-01;12:16:00;вівторок;місто;Львів;Сихівський;проспект;Червоної Калини, просп.;104;;наїзд на пішохода - на нерегульованому пішохідному переході;;2;без ушкоджень;легко травмований;;;;;;;;49.783727;24.059399;;;;;;;;;;;
2017-06-29;15:05:00;четвер;місто;Львів;Личаківський;вулиця;Богданівська;1;;зіткнення бокове;перевищення безпечної швидкості, виїзд на смугу зустрічного руху;2;легко травмований;без ушкоджень;;;;;;;;49.845583;24.084821;;;;;;;;;;;
2017-07-23;20:12:00;неділя;місто;Львів;Залізничний;вулиця;Городоцька;222;;наїзд на пішохода - на нерегульованому пішохідному переході;;2;без ушкоджень;помер на місці дтп;;;;;;;;49.828581;23.956729;;;;;;;;;;;
2017-08-02;16:50:00;середа;місто;Львів;Галицький;проспект;Чорновола В., просп.;2;;наїзд на пішохода - на нерегульованому пішохідному переході;;2;без ушкоджень;легко травмований;;;;;;;;49.848025;24.025796;;;;;;;;;;;
2017-06-01;17:40:00;четвер;місто;Львів;Галицький;вулиця;Дорошенка П.;2;;падіння пасажира;;2;без ушкоджень;легко травмований;;;;;;;;49.840307;24.027325;;;;;;;;;;;
2017-07-10;16:28:00;понеділок;місто;Львів;Шевченківський;вулиця;Шевченка Т.;360;;наїзд на пішохода - на нерегульованому пішохідному переході;порушення правил маневрування;2;без ушкоджень;легко травмований;;;;;;;;49.869059;23.953242;;;;;;;;;;;
2017-07-23;15:45:00;неділя;місто;Львів;Личаківський;вулиця;Левицького К.;93;;наїзд на інші види перешкод;перевищення безпечної швидкості;1;легко травмований;;;;;;;;;49.830907;24.047586;;;;;;;;;;;
2017-07-12;14:10:00;середа;місто;Львів;Залізничний;вулиця;Низинна;27;;наїзд на пішохода - на нерегульованому пішохідному переході;;2;без ушкоджень;легко травмований;;;;;;;;49.839816;23.971213;;;;;;;;;;;
2017-06-07;16:45:00;середа;місто;Львів;Залізничний;вулиця;Шевченка Т.;107;;падіння пасажира;;2;без ушкоджень;легко травмований;;;;;;;;49.850557;23.99281;;;;;;;;;;;
2017-07-11;8:01:00;вівторок;місто;Львів;Залізничний;вулиця;Кульчицької О.;4;;наїзд на пішохода - на нерегульованому пішохідному переході;;2;легко травмований;тяжко травмований;;;;;;;;49.817465;23.973407;;;;;;;;;;;