accidentDate;accidentTime;accidentDay;settlementType;settlement;district;streetType;streetName;houseNumber;locationComments;accidentType;mainAccidentCause;totalParticipantsAmount;injuryStatusParticipant1;injuryStatusParticipant2;injuryStatusParticipant3;injuryStatusParticipant4;injuryStatusParticipant5;injuryStatusParticipant6;injuryStatusParticipant7;injuryStatusParticipant8;injuryStatusParticipant9;latitude;longitude;injuryStatusParticipant10;injuryStatusParticipant11;injuryStatusParticipant12;injuryStatusParticipant13;injuryStatusParticipant14;injuryStatusParticipant15;injuryStatusParticipant16;injuryStatusParticipant17;injuryStatusParticipant18;injuryStatusParticipant19;injuryStatusParticipant20
2017-07-27;14:17:00;четвер;місто;Львів;Галицький;вулиця;Франка І.;;;наїзд на інші види перешкод;перевищення безпечної швидкості;1;легко травмований;;;;;;;;;49.830121;24.031134;;;;;;;;;;;
2017-07-01;13:26:00;субота;місто;Львів;Личаківський;вулиця;Богданівська;26;;зіткнення з задньою частиною ТЗ;перевищення безпечної швидкості;5;без ушкоджень;без ушкоджень;легко травмований;легко травмований;без ушкоджень;;;;;49.845386;24.084751;;;;;;;;;;;
2017-06-27;6:45:00;вівторок;місто;Львів;Галицький;вулиця;Винниченка В.;12;;наїзд на пішохода - на нерегульованому пішохідному переході;;2;без ушкоджень;помер у лікарні протягом 30 діб;;;;;;;;49.840394;24.036654;;;;;;;;;;;
2017-08-03;23:02:00;четвер;місто;Львів;Франківський;вулиця;Героїв УПА;;Перехрестя вул. Героїв УПА - вул. Кульпарківська;наїзд на пішохода - на нерегульованому пішохідному переході;;2;без ушкоджень;легко травмований;;;;;;;;49.828086;23.990085;;;;;;;;;;;
2017-06-14;1:30:00;середа;місто;Львів;Галицький;проспект;Свободи, просп.;1;;перекидання ТЗ;;1;тяжко травмований;;;;;;;;;49.840162;24.028103;;;;;;;;;;;
2017-07-27;13:14:00;четвер;місто;Львів;Франківський;вулиця;Княгині Ольги;100;;наїзд на пішохода - на нерегульованому пішохідному переході;;2;без ушкоджень;тяжко травмований;;;;;;;;49.819085;24.004151;;;;;;;;;;;
2017-07-15;19:37:00;субота;місто;Львів;Личаківський;вулиця;Зелена;151;;наїзд на інші види перешкод;;1;тяжко травмований;;;;;;;;;49.817749;24.059581;;;;;;;;;;;
2017-07-19;18:15:00;середа;місто;Львів;Франківський;вулиця;Наукова;62;;наїзд на пішохода - на нерегульованому пішохідному переході;;2;без ушкоджень;тяжко травмований;;;;;;;;49.804383;23.994623;;;;;;;;;;;
2017-07-27;13:13:00;четвер;місто;Львів;Шевченківський;вулиця;Липинського В.;60;;наїзд на велосипедиста - поза межами велосипедної доріжки;порушення правил проїзду пішохідних переходів;2;без ушкоджень;тяжко травмований;;;;;;;;49.865072;24.050274;;;;;;;;;;;
2017-06-28;12:30:00;середа;місто;Львів;Залізничний;вулиця;Городоцька;300;;зіткнення з задньою частиною ТЗ;невиконання вимог сигналів регулювання;2;легко травмований;без ушкоджень;;;;;;;;49.821593;23.919215;;;;;;;;;;;
2017-07-04;22:17:00;вівторок;місто;Львів;Галицький;вулиця;Городоцька;117;;наїзд на пішохода - на нерегульованому пішохідному переході;неочікуваний вихід на проїзну частину;2;без ушкоджень;легко травмований;;;;;;;;49.837937;24.006549;;;;;;;;;;;
2017-07-05;23:50:00;середа;місто;Львів;Галицький;вулиця;Городоцька;44;;зіткнення бокове;порушення правил маневрування;2;без ушкоджень;легко травмований;;;;;;;;49.840325;24.012444;;;;;;;;;;;
2017-08-01;9:40:00;вівторок;місто;Львів;Франківський;вулиця;Княгині Ольги;5А;;зіткнення з задньою частиною ТЗ;;4;без ушкоджень;без ушкоджень;тяжко травмований;легко травмований;;;;;;49.822629;24.006806;;;;;;;;;;;
2017-07-11;15:35:00;вівторок;місто;Львів;Сихівський;вулиця;Луганська;42;;зіткнення з задньою частиною ТЗ;перевищення безпечної швидкості, порушення правил маневрування;3;легко травмований;без ушкоджень;без ушкоджень;;;;;;;49.808441;24.039481;;;;;;;;;;;
2017-07-25;23:22:00;вівторок;місто;Львів;Личаківський;вулиця;Погулянка;;Перехрестя вул. Погулянка - вул. Вахнянина А.;наїзд на інші види перешкод;керування транспортним засобом у нетверезому стані, перевищення безпечної швидкості;2;без ушкоджень;легко травмований;;;;;;;;49.827616;24.057494;;;;;;;;;;;
2017-07-02;18:50:00;неділя;місто;Львів;Залізничний;вулиця;Виговського І.;;;зіткнення з задньою частиною ТЗ;порушення правил маневрування, порушення правил проїзду перехресть;3;без ушкоджень;без ушкоджень;легко травмований;;;;;;;49.82068;23.968885;;;;;;;;;;;
2017-07-10;9:39:00;понеділок;місто;Львів;Шевченківський;вулиця;Липинського В.;;Перехрестя вул. Липинського В., - вул. Окуневського Т.;наїзд на пішохода - на нерегульованому пішохідному переході;;2;без ушкоджень;легко травмований;;;;;;;;49.8629;24.031219;;;;;;;;;;;
2017-07-14;7:10:00;п'ятниця;місто;Львів;Галицький;площа;Міцкевича А., пл.;;;наїзд на інші види перешкод;перевищення безпечної швидкості;1;легко травмований;;;;;;;;;49.839422;24.029406;;;;;;;;;;;
2017-07-28;22:20:00;п'ятниця;місто;Львів;Шевченківський;вулиця;Шевченка Т.;388;;наїзд на пішохода - на нерегульованому пішохідному переході;;2;без ушкоджень;легко травмований;;;;;;;;49.871278;23.944477;;;;;;;;;;;
2017-07-11;19:20:00;вівторок;місто;Львів;Личаківський;вулиця;Личаківська;66;;зіткнення лобове;порушення правил проїзду перехресть;3;без ушкоджень;без ушкоджень;легко травмований;;;;;;;49.839595;24.050451;;;;;;;;;;;
2017-07-23;5:55:00;неділя;місто;Львів;Галицький;вулиця;Городоцька;57;;наїзд на пішохода - на нерегульованому пішохідному переході;;2;без ушкоджень;тяжко травмований;;;;;;;;49.842349;24.017519;;;;;;;;;;;
2017-07-19;11:40:00;середа;місто;Львів;Франківський;вулиця;Володимира Великого;51;;наїзд на пішохода - на нерегульованому пішохідному переході;порушення правил проїзду пішохідних переходів;2;без ушкоджень;тяжко травмований;;;;;;;;49.810185;24.002252;;;;;;;;;;;
2017-07-07;11:52:00;п'ятниця;місто;Львів;Шевченківський;вулиця;Липинського В.;;;наїзд на інші види перешкод;;1;легко травмований;;;;;;;;;49.862665;24.030683;;;;;;;;;;;
2017-07-28;11:10:00;п'ятниця;місто;Львів;Сихівський;вулиця;Зубрівська;25;;зіткнення з задньою частиною ТЗ;порушення правил маневрування;2;без ушкоджень;легко травмований;;;;;;;;49.795159;24.05986;;;;;;;;;;;
2017-07-29;17:22:00;субота;місто;Львів;Шевченківський;проспект;Чорновола В., просп.;;Перехрестя Чорновола В., просп., - вул. Хімічна;наїзд на інші види перешкод;порушення правил маневрування;3;без ушкоджень;легко травмований;без ушкоджень;;;;;;;49.853684;24.023135;;;;;;;;;;;
2017-07-28;13:05:00;п'ятниця;місто;Львів;Франківський;вулиця;Стрийська;302;;наїзд на пішохода - на нерегульованому пішохідному переході;;2;без ушкоджень;тяжко травмований;;;;;;;;49.787741;24.014686;;;;;;;;;;;
2017-07-06;13:35:00;четвер;місто;Львів;Франківський;вулиця;Городоцька;139;;зіткнення з задньою частиною ТЗ;;4;без ушкоджень;без ушкоджень;тяжко травмований;тяжко травмований;;;;;;49.833443;23.983943;;;;;;;;;;;
2017-07-28;22:03:00;п'ятниця;місто;Львів;Сихівський;вулиця;Пасічна;127;;наїзд на пішохода - пішохід переходив дорогу поза межами пішохідного переходу;;2;без ушкоджень;тяжко травмований;;;;;;;;49.807305;24.071324;;;;;;;;;;;
2017-07-26;10:07:00;середа;місто;Львів;Галицький;вулиця;Зелена;;Перехрестя вул. Зелена - Петрушевича Є., пл.;зіткнення лобове;перевищення безпечної швидкості;2;легко травмований;без ушкоджень;;;;;;;;49.823546;24.052205;;;;;;;;;;;
2017-04-17;18:01:00;понеділок;місто;Львів;Шевченківський;вулиця;Шевченка Т.;;Перехрестя вул. Шевченка Т., - вул. Січових Стрільців;зіткнення лобове;порушення правил маневрування;2;без ушкоджень;легко травмований;;;;;;;;49.859788;23.968241;;;;;;;;;;;
2017-07-21;21:38:00;п'ятниця;місто;Львів;Галицький;вулиця;Городоцька;119;;наїзд на пішохода - на нерегульованому пішохідному переході;;2;без ушкоджень;легко травмований;;;;;;;;49.837892;24.006388;;;;;;;;;;;
2017-07-28;22:47:00;п'ятниця;місто;Львів;Шевченківський;проспект;Чорновола В., просп.;;Перехрестя Чорновола В., просп., - вул. Під Дубом;зіткнення бокове;порушення правил проїзду перехресть;2;без ушкоджень;легко травмований;;;;;;;;49.857547;24.021209;;;;;;;;;;;
2017-07-04;13:01:00;вівторок;місто;Львів;Галицький;вулиця;Городоцька;9;;падіння пасажира;;2;без ушкоджень;легко травмований;;;;;;;;49.844158;24.024734;;;;;;;;;;;
2017-07-12;20:13:00;середа;місто;Львів;Франківський;вулиця;Кульпарківська;;Перехрестя вул. Кульпарківська - вул. Антоновича В.;зіткнення з задньою частиною ТЗ;;2;легко травмований;без ушкоджень;;;;;;;;49.81715;23.986909;;;;;;;;;;;
2017-07-12;8:09:00;середа;місто;Львів;Сихівський;проспект;Червоної Калини, просп.;70;;наїзд на пішохода - на регульованому пішохідному переході;;2;без ушкоджень;легко травмований;;;;;;;;49.78948;24.058739;;;;;;;;;;;
2017-08-04;12:04:00;п'ятниця;місто;Львів;Франківський;вулиця;Наукова;;Перехрестя вул. Наукова - вул. Симоненка В.;наїзд на пішохода - пішохід рухався у зустрічному напрямку;;2;без ушкоджень;легко травмований;;;;;;;;49.805173;23.986588;;;;;;;;;;;
2017-06-28;0:03:00;середа;місто;Львів;Залізничний;вулиця;Широка;85;;зіткнення з задньою частиною ТЗ;;2;без ушкоджень;легко травмований;;;;;;;;49.841328;23.963842;;;;;;;;;;;
2017-08-18;21:49:00;п'ятниця;місто;Львів;Залізничний;вулиця;Любінська;;Перехрестя вул. Любінська - вул. Петлюри С., - вул. Яворницького Д.;зіткнення з задньою частиною ТЗ;порушення правил проїзду перехресть;2;легко травмований;без ушкоджень;;;;;;;;49.824089;23.977296;;;;;;;;;;;
2017-09-09;18:15:00;субота;місто;Львів;Залізничний;вулиця;Городоцька;;;падіння пасажира;;2;без ушкоджень;легко травмований;;;;;;;;49.830107;23.965473;;;;;;;;;;;
2017-08-25;18:26:00;п'ятниця;місто;Львів;Шевченківський;вулиця;Шевченка Т.;186;;зіткнення з задньою частиною ТЗ;порушення правил маневрування;2;без ушкоджень;легко травмований;;;;;;;;49.856399;23.981432;;;;;;;;;;;
2017-08-28;20:50:00;понеділок;місто;Львів;Сихівський;вулиця;Зелена;266;;наїзд на пішохода - на нерегульованому пішохідному переході;;2;без ушкоджень;легко травмований;;;;;;;;49.801679;24.065804;;;;;;;;;;;
2017-09-01;15:41:00;п'ятниця;місто;Львів;Личаківський;вулиця;Личаківська;234;;зіткнення бокове;недодержання дистанції;6;без ушкоджень;без ушкоджень;без ушкоджень;легко травмований;без ушкоджень;легко травмований;;;;49.832142;24.091907;;;;;;;;;;;
2017-08-15;22:34:00;вівторок;місто;Львів;Залізничний;вулиця;Виговського І.;100;;наїзд на пішохода - пішохід рухався у зустрічному напрямку;;2;без ушкоджень;помер на місці дтп;;;;;;;;49.812166;23.982543;;;;;;;;;;;
2017-09-06;14:10:00;середа;місто;Львів;Залізничний;вулиця;Петлюри С.;;Перехрестя вул. Петлюри С., - вул. Любінська;зіткнення лобове;;9;тяжко травмований;без ушкоджень;тяжко травмований;тяжко травмований;тяжко травмований;легко травмований;легко травмований;тяжко травмований;тяжко травмований;49.824065;23.977318;;;;;;;;;;;
2017-08-25;2:20:00;п'ятниця;місто;Львів;Франківський;вулиця;Багряного І.;53;;наїзд на пішохода - на нерегульованому пішохідному переході;;2;без ушкоджень;легко травмований;;;;;;;;49.827128;23.980317;;;;;;;;;;;
2017-08-10;0:50:00;четвер;місто;Львів;Галицький;проспект;Чорновола В., просп.;;Перехрестя Чорновола В., просп., - вул. Зернова;наїзд на пішохода - пішохід рухався у зустрічному напрямку;;2;без ушкоджень;тяжко травмований;;;;;;;;49.846375;24.025362;;;;;;;;;;;
2017-09-01;20:01:00;п'ятниця;місто;Львів;Сихівський;проспект;Червоної Калини, просп.;7;;наїзд на пішохода - пішохід рухався у зустрічному напрямку;пішохід у нетверезому стані;2;без ушкоджень;помер на місці дтп;;;;;;;;49.81309;24.045601;;;;;;;;;;;
2017-09-07;17:23:00;четвер;місто;Львів;Франківський;вулиця;Стрийська;96;;наїзд на велосипедиста - поза межами велосипедної доріжки;;2;легко травмований;легко травмований;;;;;;;;49.812979;24.019638;;;;;;;;;;;
2017-08-14;12:40:00;понеділок;місто;Львів;Галицький;вулиця;Франка І.;91;;наїзд на пішохода - пішохід рухався у зустрічному напрямку;перевищення безпечної швидкості, порушення правил проїзду пішохідних переходів;2;без ушкоджень;легко травмований;;;;;;;;49.828104;24.033751;;;;;;;;;;;
2017-08-22;20:30:00;вівторок;місто;Львів;Шевченківський;вулиця;Варшавська;;Перехрестя вул. Варшавська - вул. Тунельна;зіткнення лобове;перевищення безпечної швидкості;4;легко травмований;без ушкоджень;легко травмований;легко травмований;;;;;;49.864007;24.006586;;;;;;;;;;;
2017-09-11;20:27:00;понеділок;місто;Львів;Галицький;вулиця;Городоцька;68;;наїзд на пішохода - пішохід рухався у зустрічному напрямку;;2;без ушкоджень;тяжко травмований;;;;;;;;49.839048;24.009113;;;;;;;;;;;
2017-08-29;3:02:00;вівторок;місто;Львів;Шевченківський;вулиця;Хвильового М.;;;наїзд на пішохода - пішохід рухався у зустрічному напрямку;;2;без ушкоджень;легко травмований;;;;;;;;49.869304;24.035618;;;;;;;;;;;
2017-09-03;12:01:00;неділя;місто;Львів;Залізничний;вулиця;Кульпарківська;1;;наїзд на пішохода - на регульованому пішохідному переході;;3;без ушкоджень;легко травмований;легко травмований;;;;;;;49.83463;23.990943;;;;;;;;;;;
2017-08-29;10:50:00;вівторок;місто;Львів;Шевченківський;вулиця;Мазепи І., гетьм.;15А;;наїзд на пішохода - пішохід рухався у зустрічному напрямку;;2;без ушкоджень;тяжко травмований;;;;;;;;49.871282;24.033097;;;;;;;;;;;
2017-09-04;18:11:00;понеділок;місто;Львів;Залізничний;вулиця;Городоцька;355;;зіткнення бокове;порушення правил надання безперешкодного проїзду;2;легко травмований;без ушкоджень;;;;;;;;49.822688;23.925197;;;;;;;;;;;
2017-09-16;16:31:00;субота;місто;Львів;Франківський;вулиця;Княгині Ольги;55;;падіння пасажира;;2;без ушкоджень;тяжко травмований;;;;;;;;49.812955;24.000669;;;;;;;;;;;
2017-08-31;12:30:00;четвер;місто;Львів;Галицький;вулиця;Ангеловича А., митр.;20;;наїзд на пішохода - пішохід рухався у зустрічному напрямку;;2;без ушкоджень;легко травмований;;;;;;;;49.835692;24.008163;;;;;;;;;;;
2017-08-09;9:10:00;середа;місто;Львів;Франківський;вулиця;Наукова;;;падіння пасажира;;2;без ушкоджень;легко травмований;;;;;;;;49.804951;23.986523;;;;;;;;;;;
2017-08-31;13:40:00;четвер;місто;Львів;Сихівський;проспект;Червоної Калини, просп.;113;;наїзд на пішохода - пішохід рухався у зустрічному напрямку;;2;без ушкоджень;легко травмований;;;;;;;;49.783692;24.060246;;;;;;;;;;;
2017-09-17;19:01:00;неділя;місто;Львів;Залізничний;вулиця;Виговського І.;5;;наїзд на пішохода - пішохід рухався у зустрічному напрямку;;2;без ушкоджень;тяжко травмований;;;;;;;;49.82917;23.968102;;;;;;;;;;;
2017-09-11;9:01:00;понеділок;місто;Львів;Галицький;вулиця;Друкарська;;Перехрестя вул. Друкарська - Данила Галицького,пл.;наїзд на пішохода - пішохід рухався у зустрічному напрямку;;2;без ушкоджень;легко травмований;;;;;;;;49.844144;24.03204;;;;;;;;;;;
2017-08-11;10:30:00;п'ятниця;місто;Львів;Личаківський;вулиця;Івасюка В.;18;;наїзд на пішохода - пішохід рухався у зустрічному напрямку;порушення правил проїзду перехресть;3;без ушкоджень;легко травмований;легко травмований;;;;;;;49.829417;24.044676;;;;;;;;;;;
2017-09-04;14:54:00;понеділок;місто;Львів;Залізничний;вулиця;Любінська;94;;зіткнення з задньою частиною ТЗ;;5;без ушкоджень;без ушкоджень;легко травмований;легко травмований;легко травмований;;;;;49.823999;23.977076;;;;;;;;;;;
2017-09-18;9:50:00;понеділок;місто;Львів;Залізничний;вулиця;Виговського І.;;;наїзд на пішохода - пішохід рухався у зустрічному напрямку;;2;без ушкоджень;легко травмований;;;;;;;;49.820729;23.968847;;;;;;;;;;;
2017-09-17;19:30:00;неділя;місто;Львів;Сихівський;вулиця;Зелена;385;;наїзд на пішохода - пішохід рухався у зустрічному напрямку;;2;без ушкоджень;тяжко травмований;;;;;;;;49.790574;24.074264;;;;;;;;;;;
2017-09-06;11:45:00;середа;місто;Львів;Залізничний;вулиця;Городоцька;385;;падіння пасажира;;2;без ушкоджень;легко травмований;;;;;;;;49.821082;23.916104;;;;;;;;;;;
2017-08-23;13:38:00;середа;місто;Львів;Сихівський;вулиця;Навроцького В.;;;наїзд на пішохода - на нерегульованому пішохідному переході;перехід у невстановленому місці, неочікуваний вихід на проїзну частину;2;без ушкоджень;легко травмований;;;;;;;;49.811736;24.045897;;;;;;;;;;;
2017-09-17;20:37:00;неділя;місто;Львів;Залізничний;вулиця;Левандівська;5;;наїзд на пішохода - пішохід рухався у зустрічному напрямку;;2;без ушкоджень;тяжко травмований;;;;;;;;49.846562;23.989677;;;;;;;;;;;
2017-08-11;11:47:00;п'ятниця;місто;Львів;Франківський;вулиця;Мельника А.;16А;;наїзд на пішохода - пішохід рухався у зустрічному напрямку;;2;без ушкоджень;легко травмований;;;;;;;;49.830464;24.004354;;;;;;;;;;;
2017-09-05;13:50:00;вівторок;місто;Львів;Шевченківський;вулиця;Бетховена Л.;;Перехрестя вул. Бетховена Л., - вул. Липинського В.;зіткнення бокове;невиконання вимог сигналів регулювання;2;легко травмований;без ушкоджень;;;;;;;;49.863509;24.03329;;;;;;;;;;;
2017-09-13;8:48:00;середа;місто;Львів;Галицький;вулиця;Франка І.;40;;наїзд на пішохода - пішохід рухався у зустрічному напрямку;;2;без ушкоджень;легко травмований;;;;;;;;49.832803;24.033853;;;;;;;;;;;
2017-08-28;18:01:00;понеділок;місто;Львів;Личаківський;вулиця;Хмельницького Б.;;;наїзд на пішохода - на нерегульованому пішохідному переході;неочікуваний вихід на проїзну частину;2;без ушкоджень;легко травмований;;;;;;;;49.859096;24.048235;;;;;;;;;;;
2017-09-07;8:20:00;четвер;місто;Львів;Франківський;вулиця;Симоненка В.;;Перехрестя вул. Симоненка В., - вул. Наукова;наїзд на пішохода - пішохід рухався у зустрічному напрямку;;5;легко травмований;без ушкоджень;легко травмований;легко травмований;легко травмований;;;;;49.805228;23.986598;;;;;;;;;;;
2017-08-19;9:30:00;субота;місто;Львів;Шевченківський;вулиця;Варшавська;60;;зіткнення з задньою частиною ТЗ;;2;без ушкоджень;тяжко травмований;;;;;;;;49.859377;24.00974;;;;;;;;;;;
2017-09-14;21:04:00;четвер;місто;Львів;Шевченківський;вулиця;Шевченка Т.;148;;наїзд на пішохода - пішохід рухався у зустрічному напрямку;неочікуваний вихід на проїзну частину;2;без ушкоджень;легко травмований;;;;;;;;49.852947;23.987778;;;;;;;;;;;
2017-08-29;11:52:00;вівторок;місто;Львів;Личаківський;вулиця;Личаківська;226;;зіткнення бокове;порушення правил проїзду перехресть;3;без ушкоджень;без ушкоджень;легко травмований;;;;;;;49.834983;24.083313;;;;;;;;;;;
2017-08-30;11:52:00;середа;місто;Львів;Залізничний;вулиця;Шевченка Т.;115;;наїзд на пішохода - на нерегульованому пішохідному переході;перевищення безпечної швидкості;2;без ушкоджень;тяжко травмований;;;;;;;;49.851436;23.990842;;;;;;;;;;;
2017-08-10;9:33:00;четвер;місто;Львів;Сихівський;вулиця;Хуторівка;59;;наїзд на пішохода - пішохід рухався у зустрічному напрямку;порушення правил маневрування;2;без ушкоджень;легко травмований;;;;;;;;49.802115;24.030887;;;;;;;;;;;
2017-09-05;9:01:00;вівторок;місто;Львів;Галицький;вулиця;Стуса В.;;;падіння пасажира;;2;без ушкоджень;легко травмований;;;;;;;;49.823214;24.038322;;;;;;;;;;;
2017-08-16;20:25:00;середа;місто;Львів;Сихівський;проспект;Червоної Калини, просп.;85А;;зіткнення з задньою частиною ТЗ;перевищення безпечної швидкості, недодержання дистанції;3;без ушкоджень;легко травмований;без ушкоджень;;;;;;;49.793535;24.05877;;;;;;;;;;;
2017-09-16;14:37:00;субота;місто;Львів;Сихівський;вулиця;Сихівська;;Перехрестя вул. Сихівська - вул. Морозна;наїзд на пішохода - пішохід рухався у зустрічному напрямку;;2;без ушкоджень;тяжко травмований;;;;;;;;49.795561;24.069157;;;;;;;;;;;
2017-09-08;20:13:00;п'ятниця;місто;Львів;Шевченківський;вулиця;Шевченка Т.;386;;зіткнення бокове;порушення правил маневрування;3;тяжко травмований;без ушкоджень;тяжко травмований;;;;;;;49.870694;23.945126;;;;;;;;;;;
2017-08-31;19:52:00;четвер;місто;Львів;Шевченківський;вулиця;Хмельницького Б.;52;;наїзд на пішохода - на нерегульованому пішохідному переході;порушення правил маневрування;2;без ушкоджень;легко травмований;;;;;;;;49.851965;24.032185;;;;;;;;;;;
2017-09-11;10:01:00;понеділок;місто;Львів;Франківський;вулиця;Кульпарківська;;Перехрестя вул. Кульпарківська - вул. Копистинського Т.;зіткнення лобове;порушення правил маневрування;2;без ушкоджень;тяжко травмований;;;;;;;;49.828821;23.99014;;;;;;;;;;;
2017-05-22;9:30:00;понеділок;місто;Львів;Галицький;вулиця;Дорошенка П.;;;наїзд на велосипедиста - велосипедист рухався у попутному напрямку;порушення правил маневрування;2;без ушкоджень;легко травмований;;;;;;;;49.836571;24.02092;;;;;;;;;;;
2017-09-02;19:34:00;субота;місто;Львів;Франківський;вулиця;Боткіна С.;71;;зіткнення бокове;порушення правил маневрування;3;без ушкоджень;тяжко травмований;тяжко травмований;;;;;;;49.813869;23.992038;;;;;;;;;;;
2017-08-20;14:40:00;неділя;місто;Львів;Франківський;вулиця;Княгині Ольги;5;;зіткнення з задньою частиною ТЗ;;2;без ушкоджень;легко травмований;;;;;;;;49.818649;24.004156;;;;;;;;;;;
2017-09-14;17:55:00;четвер;місто;Львів;Шевченківський;проспект;Чорновола В., просп.;59;;наїзд на пішохода - пішохід рухався у зустрічному напрямку;порушення правил проїзду пішохідних переходів;2;без ушкоджень;легко травмований;;;;;;;;49.857281;24.02115;;;;;;;;;;;
2017-08-10;12:40:00;четвер;місто;Львів;Шевченківський;вулиця;Східна;42;;наїзд на пішохода - пішохід рухався у зустрічному напрямку;;2;без ушкоджень;легко травмований;;;;;;;;49.858664;24.032598;;;;;;;;;;;
2017-08-19;16:20:00;субота;місто;Львів;Франківський;вулиця;Стрийська;;Перехрестя вул. Стрийська - вул. Наукова;зіткнення з задньою частиною ТЗ;перевищення безпечної швидкості, недодержання дистанції;4;легко травмований;без ушкоджень;без ушкоджень;без ушкоджень;;;;;;49.801821;24.017851;;;;;;;;;;;
2017-08-20;12:24:00;неділя;місто;Львів;Франківський;вулиця;Наукова;;;зіткнення з задньою частиною ТЗ;;3;без ушкоджень;без ушкоджень;легко травмований;;;;;;;49.804023;23.99884;;;;;;;;;;;
2017-08-11;20:05:00;п'ятниця;місто;Львів;Франківський;вулиця;Княгині Ольги;31;;наїзд на велосипедиста - велосипедист рухався у попутному напрямку;порушення правил маневрування;2;легко травмований;без ушкоджень;;;;;;;;49.815901;24.002268;;;;;;;;;;;
2017-08-22;20:01:00;вівторок;місто;Львів;Франківський;вулиця;Коновальця Є.;95;;наїзд на пішохода - на нерегульованому пішохідному переході;перехід у невстановленому місці, неочікуваний вихід на проїзну частину;2;без ушкоджень;легко травмований;;;;;;;;49.827076;23.997611;;;;;;;;;;;
2017-08-22;18:35:00;вівторок;місто;Львів;Залізничний;вулиця;Щирецька;;;падіння пасажира;;2;без ушкоджень;легко травмований;;;;;;;;49.810116;23.972962;;;;;;;;;;;
2017-08-17;19:39:00;четвер;місто;Львів;Шевченківський;вулиця;Шевченка Т.;238;;зіткнення бокове;;2;без ушкоджень;легко травмований;;;;;;;;49.86048;23.969411;;;;;;;;;;;
2017-08-10;22:40:00;четвер;місто;Львів;Шевченківський;вулиця;Хімічна;;Перехрестя вул. Хімічна - Чорновола В., просп.;наїзд на пішохода - пішохід рухався у зустрічному напрямку;;2;без ушкоджень;легко травмований;;;;;;;;49.853795;24.023253;;;;;;;;;;;
2017-09-12;11:50:00;вівторок;місто;Львів;Шевченківський;вулиця;Липинського В.;50Б;;зіткнення лобове;;3;без ушкоджень;легко травмований;без ушкоджень;;;;;;;49.864425;24.037421;;;;;;;;;;;
2017-09-16;2:01:00;субота;місто;Львів;Галицький;вулиця;Університетська;1;;зіткнення бокове;невиконання вимог сигналів регулювання;3;легко травмований;без ушкоджень;легко травмований;;;;;;;49.840601;24.021236;;;;;;;;;;;
2017-08-23;10:54:00;середа;місто;Львів;Шевченківський;вулиця;Липинського В.;56;;зіткнення лобове;перевищення безпечної швидкості, недодержання дистанції;4;без ушкоджень;без ушкоджень;легко травмований;легко травмований;;;;;;49.865272;24.047189;;;;;;;;;;;
2017-08-12;2:17:00;субота;місто;Львів;Залізничний;вулиця;Кульпарківська;168;;наїзд на транспортний засіб, що стоїть - по ходу руху;перевищення безпечної швидкості;4;легко травмований;без ушкоджень;без ушкоджень;тяжко травмований;;;;;;49.815077;23.981985;;;;;;;;;;;
2017-09-05;12:40:00;вівторок;місто;Львів;Личаківський;вулиця;Пасічна;39;;наїзд на інші види перешкод;;1;легко травмований;;;;;;;;;49.830754;24.068427;;;;;;;;;;;
2017-09-18;8:30:00;понеділок;місто;Львів;Залізничний;вулиця;Любінська;104;;наїзд на пішохода - пішохід рухався у зустрічному напрямку;перехід у невстановленому місці;2;без ушкоджень;легко травмований;;;;;;;;49.82111;23.970162;;;;;;;;;;;
2017-08-29;19:15:00;вівторок;місто;Львів;Галицький;вулиця;Вороного М.;3;;наїзд на пішохода - пішохід рухався у зустрічному напрямку;недодержання дистанції;3;без ушкоджень;без ушкоджень;легко травмований;;;;;;;49.838474;24.030136;;;;;;;;;;;
2017-08-14;15:39:00;понеділок;місто;Львів;Залізничний;вулиця;Патона Є.;9;;наїзд на пішохода - пішохід рухався у зустрічному напрямку;;2;легко травмований;легко травмований;;;;;;;;49.822684;23.965457;;;;;;;;;;;
2017-09-11;13:30:00;понеділок;місто;Львів;Галицький;проспект;Свободи, просп.;41;;наїзд на пішохода - пішохід рухався у зустрічному напрямку;;2;без ушкоджень;легко травмований;;;;;;;;49.844203;24.025737;;;;;;;;;;;
2017-09-11;19:30:00;понеділок;місто;Львів;Галицький;вулиця;Городоцька;;;наїзд на пішохода - пішохід рухався у зустрічному напрямку;;2;без ушкоджень;легко травмований;;;;;;;;49.844196;24.024659;;;;;;;;;;;
2017-09-11;18:05:00;понеділок;місто;Львів;Галицький;проспект;Чорновола В., просп.;4;;наїзд на пішохода - пішохід рухався у зустрічному напрямку;;3;легко травмований;легко травмований;тяжко травмований;;;;;;;49.848233;24.025818;;;;;;;;;;;
2017-09-15;0:03:00;п'ятниця;місто;Львів;Личаківський;вулиця;Пасічна;;Перехрестя вул. Пасічна - вул. Лисинецька;наїзд на пішохода - пішохід рухався у зустрічному напрямку;;2;легко травмований;легко травмований;;;;;;;;49.81652;24.077423;;;;;;;;;;;
2017-08-10;11:01:00;четвер;місто;Львів;Залізничний;вулиця;Городоцька;112;;падіння пасажира;;2;без ушкоджень;тяжко травмований;;;;;;;;49.835979;23.997209;;;;;;;;;;;
2017-08-10;22:27:00;четвер;місто;Львів;Залізничний;вулиця;Сяйво;117;;наїзд на транспортний засіб, що стоїть - по ходу руху;перевищення безпечної швидкості;3;легко травмований;без ушкоджень;без ушкоджень;;;;;;;49.844424;23.97897;;;;;;;;;;;
2017-08-13;10:01:00;неділя;місто;Львів;Шевченківський;вулиця;Грінченка Б.;;;наїзд на пішохода - пішохід рухався у зустрічному напрямку;;2;без ушкоджень;тяжко травмований;;;;;;;;49.871932;24.052312;;;;;;;;;;;
2017-08-16;17:52:00;середа;місто;Львів;Франківський;вулиця;Княгині Ольги;112;;наїзд на пішохода - пішохід рухався у зустрічному напрямку;;2;без ушкоджень;тяжко травмований;;;;;;;;49.808482;23.996147;;;;;;;;;;;
2017-08-26;18:35:00;субота;місто;Львів;Шевченківський;вулиця;Липинського В.;;Перехрестя вул. Липинського В., - вул. Промислова;зіткнення з задньою частиною ТЗ;порушення правил маневрування;3;без ушкоджень;без ушкоджень;легко травмований;;;;;;;49.86529;24.045601;;;;;;;;;;;