accidentDate;accidentTime;accidentDay;settlementType;settlement;district;streetType;streetName;houseNumber;locationComments;accidentType;mainAccidentCause;totalParticipantsAmount;injuryStatusParticipant1;injuryStatusParticipant2;injuryStatusParticipant3;injuryStatusParticipant4;injuryStatusParticipant5;injuryStatusParticipant6;injuryStatusParticipant7;injuryStatusParticipant8;injuryStatusParticipant9;latitude;longitude;injuryStatusParticipant10;injuryStatusParticipant11;injuryStatusParticipant12;injuryStatusParticipant13;injuryStatusParticipant14;injuryStatusParticipant15;injuryStatusParticipant16;injuryStatusParticipant17;injuryStatusParticipant18;injuryStatusParticipant19;injuryStatusParticipant20
2018-03-03;13:20:00;субота;місто;Львів;Франківський;вулиця;Володимира Великого;3;;зіткнення з задньою частиною тз;недодержання дистанції;5;без ушкоджень;без ушкоджень;легко травмований;легко травмований;легко травмований;;;;;49.808247;24.016982;;;;;;;;;;;
2018-03-09;19:05:00;п'ятниця;місто;Львів;Шевченківський;вулиця;Хмельницького Б.;275;;зіткнення бокове;порушення правил маневрування , перевищення безпечної швидкості;2;без ушкоджень;легко травмований;;;;;;;;49.874182;24.061024;;;;;;;;;;;
2018-03-26;16:06:00;понеділок;місто;Львів;Франківський;вулиця;Сахарова А., акад.;80;;зіткнення лобове;порушення правил маневрування;3;легко травмований;без ушкоджень;без ушкоджень;;;;;;;49.82086;24.017379;;;;;;;;;;;
2018-04-06;20:45:00;п'ятниця;місто;Львів;Галицький;проспект;Свободи, просп.;12;;наїзд на пішохода - на нерегульованому пішохідному переході;порушення правил проїзду перехресть;2;без ушкоджень;тяжко травмований;;;;;;;;49.840799;24.028698;;;;;;;;;;;
2018-03-05;10:40:00;понеділок;місто;Львів;Франківський;вулиця;Городоцька;215;;зіткнення з задньою частиною тз;перевищення безпечної швидкості;3;без ушкоджень;легко травмований;без ушкоджень;;;;;;;49.832927;23.981089;;;;;;;;;;;
2018-03-13;10:50:00;вівторок;місто;Львів;Шевченківський;вулиця;Мазепи І., гетьм.;27;;наїзд на пішохода - на нерегульованому пішохідному переході;перевищення безпечної швидкості;2;без ушкоджень;тяжко травмований;;;;;;;;49.872533;24.043847;;;;;;;;;;;
2018-04-06;14:03:00;п'ятниця;місто;Львів;Личаківський;вулиця;Франка І.;;перехрестя вул. Франка І., - вул. Пекарська;наїзд на пішохода - пішохід переходив дорогу поза межами пішохідного переходу;перевищення безпечної швидкості;2;без ушкоджень;легко травмований;;;;;;;;49.822158;24.075102;;;;;;;;;;;
2018-04-11;10:45:00;середа;місто;Львів;Франківський;вулиця;Княгині Ольги;5Б;;наїзд на пішохода - на нерегульованому пішохідному переході;перевищення безпечної швидкості;2;без ушкоджень;легко травмований;;;;;;;;49.823248;24.007241;;;;;;;;;;;
2018-04-11;12:40:00;середа;місто;Львів;Сихівський;проспект;Червоної Калини, просп.;;перехрестя Червоної Калини, просп., - вул. Угорська;зіткнення лобове;перевищення безпечної швидкості;3;без ушкоджень;без ушкоджень;легко травмований;;;;;;;49.810255;24.046251;;;;;;;;;;;
2018-04-12;20:12:00;четвер;місто;Львів;Галицький;вулиця;Городоцька;47;перехрестя вул. Любінська - вул. Петлюри С.;зіткнення з задньою частиною тз;перевищення безпечної швидкості;3;без ушкоджень;легко травмований;без ушкоджень;;;;;;;49.842805;24.018956;;;;;;;;;;;
2018-04-10;21:01:00;вівторок;місто;Львів;Шевченківський;вулиця;Сотника Панаса;11;;перекидання тз;перевищення безпечної швидкості;3;без ушкоджень;тяжко травмований;без ушкоджень;;;;;;;49.872174;23.93834;;;;;;;;;;;
2018-03-11;20:01:00;неділя;місто;Львів;Франківський;вулиця;Сахарова А., акад.;44;вул. Угорська;наїзд на пішохода - пішохід рухався у попутному напрямку;перехід у невстановленому місці;2;без ушкоджень;легко травмований;;;;;;;;49.820784;24.017621;;;;;;;;;;;
2018-03-27;15:48:00;вівторок;місто;Львів;Галицький;проспект;Чорновола В., просп.;7;перехрестя Червоної Калини, просп., - вул. Угорська;наїзд на пішохода - пішохід переходив дорогу поза межами пішохідного переходу;перевищення безпечної швидкості;2;без ушкоджень;легко травмований;;;;;;;;49.844981;24.025324;;;;;;;;;;;
2018-03-28;17:59:00;середа;місто;Львів;Франківський;вулиця;Наукова;30;;наїзд на пішохода - пішохід на тротуарі чи велосипедній доріжці;порушення правил маневрування;2;без ушкоджень;легко травмований;;;;;;;;49.803923;24.000025;;;;;;;;;;;
2018-04-04;0:55:00;середа;місто;Львів;Франківський;вулиця;Володимира Великого;8;;зіткнення бокове;порушення правил маневрування;2;без ушкоджень;помер на місці дтп;;;;;;;;49.80968;24.008539;;;;;;;;;;;
2018-04-10;20:48:00;вівторок;місто;Львів;Шевченківський;проспект;Чорновола В., просп.;43;;наїзд на пішохода - пішохід рухався у зустрічному напрямку;перевищення безпечної швидкості;2;без ушкоджень;легко травмований;;;;;;;;49.854068;24.022889;;;;;;;;;;;
2018-03-07;8:50:00;середа;місто;Львів;Галицький;вулиця;Дорошенка П.;25;;наїзд на пішохода - на нерегульованому пішохідному переході;перевищення безпечної швидкості;2;без ушкоджень;легко травмований;;;;;;;;49.839159;24.025126;;;;;;;;;;;
2018-03-28;15:20:00;середа;місто;Львів;Залізничний;вулиця;Кульпарківська;214;;зіткнення бокове;порушення правил маневрування;2;без ушкоджень;легко травмований;;;;;;;;49.809195;23.982441;;;;;;;;;;;
2018-03-07;23:59:00;середа;місто;Львів;Сихівський;вулиця;Дністерcька;3;;наїзд на пішохода - пішохід переходив дорогу поза межами пішохідного переходу;перевищення безпечної швидкості;3;без ушкоджень;без ушкоджень;легко травмований;;;;;;;49.817977;24.057103;;;;;;;;;;;
2018-04-01;10:52:00;неділя;місто;Львів;Шевченківський;вулиця;Хмельницького Б.;;перехрестя вул. Хмельницького Б. - вул. Грінченка Б.;зіткнення бокове;порушення правил маневрування;3;легко травмований;легко травмований;легко травмований;;;;;;;49.86985;24.057237;;;;;;;;;;;
2018-03-09;11:30:00;п'ятниця;місто;Львів;Галицький;вулиця;Городоцька;55А;;наїзд на пішохода - на регульованому пішохідному переході;неочікуваний вихід на проїзну частину;2;без ушкоджень;тяжко травмований;;;;;;;;49.842421;24.017669;;;;;;;;;;;
2018-04-11;9:50:00;середа;селище;Брюховичі;Шевченківський;вулиця;Івасюка В.;48;;наїзд на пішохода - стояв на проїздній частині;перевищення безпечної швидкості;2;без ушкоджень;легко травмований;;;;;;;;49.903332;23.929939;;;;;;;;;;;
2018-03-24;12:48:00;субота;місто;Львів;Залізничний;вулиця;Шевченка Т.;77;;падіння пасажира;перевищення безпечної швидкості;2;без ушкоджень;легко травмований;;;;;;;;49.848215;23.999693;;;;;;;;;;;
2018-04-14;19:38:00;субота;місто;Львів;Галицький;вулиця;Нижанківського О.;;;наїзд на пішохода - пішохід на тротуарі чи велосипедній доріжці;перевищення безпечної швидкості;2;без ушкоджень;легко травмований;;;;;;;;49.837889;24.032169;;;;;;;;;;;
2018-03-14;21:01:00;середа;місто;Львів;Галицький;вулиця;Торгова;;перехрестя вул. Торгова - Різні, пл.;наїзд на пішохода - на регульованому пішохідному переході;перевищення безпечної швидкості;2;без ушкоджень;легко травмований;;;;;;;;49.844805;24.026837;;;;;;;;;;;
2018-03-15;10:40:00;четвер;місто;Львів;Шевченківський;вулиця;Варшавська;45;;зіткнення лобове;перевищення безпечної швидкості;2;без ушкоджень;легко травмований;;;;;;;;49.858553;24.010921;;;;;;;;;;;
2018-03-24;12:38:00;субота;місто;Львів;Шевченківський;вулиця;Мазепи І., гетьм.;19;;наїзд на пішохода - пішохід переходив дорогу поза межами пішохідного переходу;перевищення безпечної швидкості;2;без ушкоджень;легко травмований;;;;;;;;49.871195;24.035801;;;;;;;;;;;
2018-03-28;16:01:00;середа;місто;Львів;Залізничний;вулиця;Городоцька;116;;падіння пасажира;порушення правил перевезення пасажирів;2;без ушкоджень;легко травмований;;;;;;;;49.835872;23.996533;;;;;;;;;;;
2018-04-10;8:30:00;вівторок;місто;Львів;Сихівський;вулиця;Зелена;299;;зіткнення з задньою частиною тз;порушення правил перевезення вантажів , недодержання дистанції;2;легко травмований;без ушкоджень;;;;;;;;49.79857;24.070852;;;;;;;;;;;
2018-03-31;12:25:00;субота;місто;Львів;Сихівський;вулиця;Зелена;238;;зіткнення з задньою частиною тз;недодержання дистанції;7;без ушкоджень;без ушкоджень;без ушкоджень;легко травмований;без ушкоджень;легко травмований;легко травмований;;;49.805969;24.062151;;;;;;;;;;;
2018-03-07;21:10:00;середа;місто;Львів;Шевченківський;вулиця;Миколайчука І.;;перехрестя вул. Миколайчука І. - вул. Хвильового М.;зіткнення лобове;порушення правил маневрування , порушення правил проїзду перехресть;2;легко травмований;тяжко травмований;;;;;;;;49.870224;24.04286;;;;;;;;;;;
2018-04-15;10:50:00;неділя;місто;Львів;Галицький;площа;Святого Юра, пл.;;перехрестя Святого Юра, пл., - вул. Митрополита Андрея;наїзд на пішохода - пішохід рухався у попутному напрямку;перевищення безпечної швидкості;2;без ушкоджень;легко травмований;;;;;;;;49.837197;24.012326;;;;;;;;;;;
2018-04-10;20:40:00;вівторок;місто;Львів;Личаківський;вулиця;Зелена;115;;зіткнення з задньою частиною тз;перевищення безпечної швидкості;2;без ушкоджень;легко травмований;;;;;;;;49.821251;24.055418;;;;;;;;;;;
2018-03-20;8:01:00;вівторок;місто;Львів;Личаківський;вулиця;Пекарська;54;;наїзд на пішохода - пішохід переходив дорогу поза межами пішохідного переходу;перевищення безпечної швидкості;3;легко травмований;без ушкоджень;без ушкоджень;;;;;;;49.834657;24.049711;;;;;;;;;;;
2018-04-13;15:37:00;п'ятниця;місто;Львів;Галицький;вулиця;Бандери С.;3;;наїзд на велосипедиста - поза межами велосипедної доріжки;порушення правил маневрування , порушення правил надання безперешкодного проїзду , управління несправним транспортним засобом;2;без ушкоджень;легко травмований;;;;;;;;49.834744;24.018415;;;;;;;;;;;
2018-03-30;21:05:00;п'ятниця;місто;Львів;Франківський;вулиця;Городоцька;167;;наїзд на пішохода - пішохід переходив дорогу поза межами пішохідного переходу;перевищення безпечної швидкості;2;без ушкоджень;тяжко травмований;;;;;;;;49.835806;23.997418;;;;;;;;;;;
2018-04-09;18:30:00;понеділок;місто;Львів;Сихівський;вулиця;Драгана М.;26;;наїзд на інші види перешкод;перевищення безпечної швидкості;1;легко травмований;;;;;;;;;49.784911;24.054024;;;;;;;;;;;
2018-04-09;8:45:00;понеділок;місто;Львів;Личаківський;вулиця;Некрасова М.;57;;наїзд на пішохода - на нерегульованому пішохідному переході;перевищення безпечної швидкості , порушення правил маневрування;2;без ушкоджень;легко травмований;;;;;;;;49.8371;24.057253;;;;;;;;;;;
2018-04-14;9:30:00;субота;місто;Львів;Шевченківський;вулиця;Єрошенка В.;20;;наїзд на пішохода - пішохід рухався у попутному напрямку;порушення правил зупинки і стоянки транспортного засобу;1;помер на місці дтп;;;;;;;;;49.850512;24.002525;;;;;;;;;;;
2018-03-09;13:01:00;п'ятниця;місто;Львів;Сихівський;вулиця;Вернадського В.;;;падіння пасажира;порушення правил маневрування;2;без ушкоджень;легко травмований;;;;;;;;49.786764;24.02416;;;;;;;;;;;
2018-03-02;9:30:00;п'ятниця;місто;Львів;Личаківський;вулиця;Пасічна;123;;зіткнення з задньою частиною тз;перевищення безпечної швидкості , недодержання дистанції;3;без ушкоджень;без ушкоджень;легко травмований;;;;;;;49.810843;24.079585;;;;;;;;;;;
2018-03-26;20:45:00;понеділок;місто;Львів;Шевченківський;вулиця;Грінченка Б.;13;;наїзд на пішохода - на регульованому пішохідному переході;порушення правил маневрування;2;без ушкоджень;легко травмований;;;;;;;;49.871939;24.051363;;;;;;;;;;;
2018-03-24;8:01:00;субота;місто;Львів;Залізничний;вулиця;Любінська;;перехрестя вул. Любінська - вул. Петлюри С.;зіткнення лобове;порушення правил проїзду перехресть;4;легко травмований;без ушкоджень;без ушкоджень;без ушкоджень;;;;;;49.824086;23.977253;;;;;;;;;;;
2018-03-13;16:20:00;вівторок;місто;Львів;Шевченківський;проспект;Чорновола В., просп.;67;;зіткнення з задньою частиною тз;перевищення безпечної швидкості;3;без ушкоджень;легко травмований;без ушкоджень;;;;;;;49.860265;24.019547;;;;;;;;;;;
2018-03-09;1:10:00;п'ятниця;місто;Львів;Сихівський;проспект;Червоної Калини, просп.;94А;;наїзд на пішохода - пішохід переходив дорогу поза межами пішохідного переходу;перехід у невстановленому місці;2;без ушкоджень;легко травмований;;;;;;;;49.785514;24.058911;;;;;;;;;;;
2018-03-12;10:10:00;понеділок;місто;Львів;Франківський;вулиця;Городоцька;209;;зіткнення з задньою частиною тз;недодержання дистанції;2;без ушкоджень;легко травмований;;;;;;;;49.833322;23.983267;;;;;;;;;;;
2018-04-06;7:50:00;п'ятниця;місто;Львів;Галицький;проспект;Чорновола В., просп.;23;;зіткнення з задньою частиною тз;перевищення безпечної швидкості;2;легко травмований;без ушкоджень;;;;;;;;49.847579;24.025549;;;;;;;;;;;
2018-03-15;9:05:00;четвер;місто;Львів;Сихівський;вулиця;Стрийська;109;;наїзд на пішохода - пішохід переходив дорогу поза межами пішохідного переходу;перевищення безпечної швидкості;2;без ушкоджень;легко травмований;;;;;;;;49.786969;24.014804;;;;;;;;;;;
2018-03-18;18:01:00;неділя;місто;Львів;Личаківський;вулиця;Хмельницького Б.;289;;наїзд на пішохода - пішохід переходив дорогу поза межами пішохідного переходу;перехід у невстановленому місці;3;без ушкоджень;без ушкоджень;тяжко травмований;;;;;;;49.874732;24.061453;;;;;;;;;;;
2018-03-30;21:34:00;п'ятниця;місто;Львів;Галицький;вулиця;Фурманська;9;;наїзд на пішохода - пішохід рухався у попутному напрямку;порушення правил маневрування;2;без ушкоджень;легко травмований;;;;;;;;49.843445;24.024187;;;;;;;;;;;
2018-04-15;13:56:00;неділя;місто;Львів;Личаківський;вулиця;Заньковецької М.;1;вул. Личаківська;зіткнення бокове;порушення правил маневрування;2;без ушкоджень;легко травмований;;;;;;;;49.840743;24.046471;;;;;;;;;;;
2018-04-11;23:25:00;середа;місто;Львів;Залізничний;вулиця;Суботівська;10;;падіння пасажира;перевищення безпечної швидкості;3;без ушкоджень;без ушкоджень;тяжко травмований;;;;;;;49.846977;23.966267;;;;;;;;;;;
2018-03-19;15:01:00;понеділок;місто;Львів;Сихівський;вулиця;Липова Алея;;;наїзд на дерево;перевищення безпечної швидкості;2;без ушкоджень;легко травмований;;;;;;;;49.816762;24.04845;;;;;;;;;;;
2018-03-07;20:05:00;середа;місто;Львів;Шевченківський;проспект;Чорновола В., просп.;99;;наїзд на пішохода - на нерегульованому пішохідному переході;перевищення безпечної швидкості;2;без ушкоджень;тяжко травмований;;;;;;;;49.864491;24.017326;;;;;;;;;;;
2018-04-11;7:45:00;середа;місто;Львів;Личаківський;вулиця;Лисенка М.;46;;зіткнення бокове;перевищення безпечної швидкості;4;легко травмований;без ушкоджень;без ушкоджень;без ушкоджень;;;;;;49.842366;24.04867;;;;;;;;;;;
2018-04-03;11:50:00;вівторок;місто;Львів;Галицький;площа;Кропивницького М., пл.;1;;наїзд на пішохода - пішохід рухався у попутному напрямку;пішоходи невиконання вимог сигналів регулювання;2;без ушкоджень;легко травмований;;;;;;;;49.837128;24.005513;;;;;;;;;;;
2018-04-17;20:52:00;вівторок;місто;Львів;Франківський;вулиця;Кульпарківська;95;;зіткнення бокове;порушення правил маневрування;3;без ушкоджень;без ушкоджень;тяжко травмований;;;;;;;49.818181;23.987446;;;;;;;;;;;
2018-03-09;10:30:00;п'ятниця;місто;Львів;Галицький;вулиця;Дорошенка П.;;перехрестя вул. Дорошенка П., - вул. Словацького Ю.;наїзд на пішохода - на нерегульованому пішохідному переході;перевищення безпечної швидкості;2;без ушкоджень;тяжко травмований;;;;;;;;49.838193;24.023463;;;;;;;;;;;
2018-03-06;10:30:00;вівторок;місто;Львів;Франківський;вулиця;Стрийська;338;;наїзд на пішохода - лежав на дорозі;порушення правил маневрування;1;легко травмований;;;;;;;;;49.783794;24.013459;;;;;;;;;;;
2018-03-15;14:01:00;четвер;місто;Львів;Галицький;вулиця;Листопадового Чину;;;наїзд на пішохода - пішохід рухався у зустрічному напрямку;перевищення безпечної швидкості;2;без ушкоджень;легко травмований;;;;;;;;49.839207;24.018227;;;;;;;;;;;
2018-04-04;20:50:00;середа;місто;Львів;Сихівський;вулиця;Хоткевича Г.;20;;наїзд на пішохода - пішохід на тротуарі чи велосипедній доріжці;порушення правил маневрування;2;без ушкоджень;легко травмований;;;;;;;;49.796752;24.04771;;;;;;;;;;;
2018-03-06;14:30:00;вівторок;місто;Львів;Сихівський;вулиця;Стуса В.;24;;зіткнення лобове;порушення правил проїзду перехресть;2;без ушкоджень;легко травмований;;;;;;;;49.817039;24.044856;;;;;;;;;;;
2018-03-12;19:20:00;понеділок;місто;Львів;Шевченківський;вулиця;Мазепи І., гетьм.;3;;наїзд на пішохода - пішохід переходив дорогу поза межами пішохідного переходу;перевищення безпечної швидкості;2;без ушкоджень;легко травмований;;;;;;;;49.870006;24.028527;;;;;;;;;;;
2018-03-07;4:15:00;середа;місто;Львів;Франківський;вулиця;Стрийська;202;;зіткнення з задньою частиною тз;перевищення безпечної швидкості;4;без ушкоджень;без ушкоджень;легко травмований;легко травмований;;;;;;49.79937;24.017272;;;;;;;;;;;
2018-03-08;20:18:00;четвер;місто;Львів;Залізничний;вулиця;Городоцька;80;;наїзд на пішохода - пішохід переходив дорогу поза межами пішохідного переходу;неочікуваний вихід на проїзну частину;2;без ушкоджень;тяжко травмований;;;;;;;;49.838325;24.00731;;;;;;;;;;;
2018-04-06;23:27:00;п'ятниця;місто;Львів;Шевченківський;проспект;Чорновола В., просп.;;перехрестя Чорновола В., просп. - вул. Хімічна;наїзд на пішохода - пішохід переходив дорогу поза межами пішохідного переходу;перевищення безпечної швидкості;2;без ушкоджень;тяжко травмований;;;;;;;;49.853674;24.023173;;;;;;;;;;;
2018-03-12;20:09:00;понеділок;місто;Львів;Сихівський;вулиця;Стрийська;57;;наїзд на пішохода - пішохід переходив дорогу поза межами пішохідного переходу;перевищення безпечної швидкості;2;тяжко травмований;без ушкоджень;;;;;;;;49.798286;24.01871;;;;;;;;;;;
2018-04-07;13:01:00;субота;місто;Львів;Сихівський;проспект;Червоної Калини, просп.;62;;наїзд на пішохода - на регульованому пішохідному переході;пішоходи невиконання вимог сигналів регулювання;2;без ушкоджень;легко травмований;;;;;;;;49.792035;24.058353;;;;;;;;;;;
2018-04-11;15:01:00;середа;місто;Львів;Залізничний;вулиця;Кульпарківська;;перехрестя вул. Кульпарківська - вул. Виговського І.;наїзд на велосипедиста - велосипедист рухався у попутному напрямку;перевищення безпечної швидкості;2;без ушкоджень;легко травмований;;;;;;;;49.812145;23.982639;;;;;;;;;;;
2018-03-16;9:27:00;п'ятниця;місто;Львів;Сихівський;вулиця;Луганська;;;зіткнення з задньою частиною тз;перевищення безпечної швидкості;3;без ушкоджень;без ушкоджень;легко травмований;;;;;;;49.810656;24.026563;;;;;;;;;;;
2018-03-09;11:15:00;п'ятниця;місто;Львів;Залізничний;вулиця;Любінська;;перехрестя вул. Любінська - вул. Петлюри С.;зіткнення лобове;перевищення безпечної швидкості;2;без ушкоджень;легко травмований;;;;;;;;49.824117;23.977248;;;;;;;;;;;
2018-03-19;11:46:00;понеділок;місто;Львів;Залізничний;вулиця;Апостола Д.;1;;наїзд на пішохода - пішохід переходив дорогу поза межами пішохідного переходу;перевищення безпечної швидкості;2;без ушкоджень;легко травмований;;;;;;;;49.830599;23.950099;;;;;;;;;;;
2018-04-05;17:45:00;четвер;місто;Львів;Залізничний;вулиця;Широка;75;;наїзд на пішохода - на нерегульованому пішохідному переході;перевищення безпечної швидкості , порушення правил проїзду пішохідних переходів;2;без ушкоджень;легко травмований;;;;;;;;49.841899;23.969695;;;;;;;;;;;
2018-03-09;2:30:00;п'ятниця;місто;Львів;Шевченківський;вулиця;Липинського В.;;перехрестя вул. Липинського В. - вул. Чорновола В., просп.;зіткнення з задньою частиною тз;перевищення безпечної швидкості;3;без ушкоджень;без ушкоджень;легко травмований;;;;;;;49.856648;24.021928;;;;;;;;;;;
2018-03-15;19:01:00;четвер;місто;Львів;Личаківський;вулиця;Хмельницького Б.;173;;наїзд на пішохода - на нерегульованому пішохідному переході;перевищення безпечної швидкості;2;без ушкоджень;тяжко травмований;;;;;;;;49.855496;24.04514;;;;;;;;;;;
2018-04-11;0:26:00;середа;село;Сокільники;;вулиця;Стрийська;352;;наїзд на інші види перешкод;перевищення безпечної швидкості;2;легко травмований;легко травмований;;;;;;;;49.776823;24.013978;;;;;;;;;;;
2018-04-03;9:11:00;вівторок;місто;Львів;Шевченківський;вулиця;Миколайчука І.;1;;зіткнення бокове;недодержання дистанції;3;легко травмований;легко травмований;без ушкоджень;;;;;;;49.868374;24.043477;;;;;;;;;;;
2018-04-14;9:20:00;субота;місто;Львів;Залізничний;вулиця;Виговського І.;77;;зіткнення з задньою частиною тз;перевищення безпечної швидкості , недодержання дистанції;4;без ушкоджень;без ушкоджень;легко травмований;легко травмований;;;;;;49.812875;23.978482;;;;;;;;;;;
2018-04-05;8:02:00;четвер;місто;Львів;Галицький;вулиця;Городоцька;7;;наїзд на пішохода - на нерегульованому пішохідному переході;порушення правил проїзду пішохідних переходів;2;без ушкоджень;легко травмований;;;;;;;;49.844158;24.024605;;;;;;;;;;;
2018-04-05;20:19:00;четвер;місто;Львів;Галицький;вулиця;Стрийська;48А;;зіткнення лобове;перевищення безпечної швидкості;5;легко травмований;без ушкоджень;легко травмований;легко травмований;легко травмований;;;;;49.824972;24.024643;;;;;;;;;;;
2018-04-13;15:54:00;п'ятниця;місто;Львів;Галицький;вулиця;Під Дубом;;перехрестя вул. Під Дубом - Чорновола В., просп;наїзд на пішохода - на регульованому пішохідному переході;перевищення безпечної швидкості , пішоходи невиконання вимог сигналів регулювання;2;без ушкоджень;легко травмований;;;;;;;;49.850503;24.024661;;;;;;;;;;;
2018-04-17;4:50:00;вівторок;місто;Львів;Шевченківський;вулиця;Шевченка Т.;360;;наїзд на інші види перешкод;перевищення безпечної швидкості;2;легко травмований;легко травмований;;;;;;;;49.868903;23.953559;;;;;;;;;;;
2018-03-26;23:40:00;понеділок;місто;Львів;Шевченківський;вулиця;Хмельницького Б.;95;;наїзд на дорожний знак, бордюрний камінь;перевищення безпечної швидкості;1;легко травмований;;;;;;;;;49.85266;24.034116;;;;;;;;;;;
2018-04-06;20:30:00;п'ятниця;місто;Львів;Сихівський;вулиця;Зелена;385;;зіткнення з задньою частиною тз;перевищення безпечної швидкості;7;без ушкоджень;без ушкоджень;без ушкоджень;легко травмований;без ушкоджень;без ушкоджень;легко травмований;;;49.789812;24.074489;;;;;;;;;;;
2018-04-18;18:50:00;середа;місто;Львів;Шевченківський;вулиця;Джерельна;55А;;зіткнення з задньою частиною тз;перевищення безпечної швидкості;2;без ушкоджень;легко травмований;;;;;;;;49.850561;24.020045;;;;;;;;;;;
2018-04-27;11:32:00;п'ятниця;місто;Львів;Сихівський;вулиця;Зубрівська;38;;наїзд на пішохода - пішохід рухався у зустрічному напрямку;перевищення безпечної швидкості;2;без ушкоджень;легко травмований;;;;;;;;49.796111;24.059823;;;;;;;;;;;
2018-04-17;14:10:00;вівторок;місто;Львів;Франківський;вулиця;Липнева;6;;наїзд на пішохода - пішохід рухався у зустрічному напрямку;порушення правил маневрування;2;без ушкоджень;легко травмований;;;;;;;;49.834194;24.002541;;;;;;;;;;;
2018-05-17;8:50:00;четвер;місто;Львів;Франківський;вулиця;Стрийська;179;;зіткнення бокове;порушення правил маневрування;4;легко травмований;без ушкоджень;тяжко травмований;тяжко травмований;;;;;;49.788368;24.014159;;;;;;;;;;;
2018-05-27;19:10:00;неділя;місто;Львів;Франківський;вулиця;Боткіна С.;;перехрестя вул. Боткіна С., - вул. Володимира Великого;зіткнення бокове;порушення правил маневрування;2;без ушкоджень;легко травмований;;;;;;;;49.8113;23.991179;;;;;;;;;;;
2018-05-10;21:39:00;четвер;місто;Львів;Шевченківський;проспект;Чорновола В., просп.;93;;наїзд на пішохода - пішохід рухався у попутному напрямку;порушення правил маневрування;3;без ушкоджень;легко травмований;легко травмований;;;;;;;49.862741;24.018227;;;;;;;;;;;
2018-04-29;14:24:00;неділя;місто;Львів;Галицький;вулиця;Лепкого Б.;16;;наїзд на пішохода - пішохід рухався у зустрічному напрямку;перевищення безпечної швидкості;2;без ушкоджень;легко травмований;;;;;;;;49.841383;24.020458;;;;;;;;;;;
2018-05-03;18:55:00;четвер;місто;Львів;Личаківський;вулиця;Личаківська;62;;наїзд на пішохода - пішохід рухався у зустрічному напрямку;перевищення безпечної швидкості;2;без ушкоджень;тяжко травмований;;;;;;;;49.839792;24.049984;;;;;;;;;;;
2018-05-11;23:54:00;п'ятниця;місто;Львів;Шевченківський;вулиця;Липинського В.;;перехрестя вул. Липинського В. - вул. Замарстинівська;зіткнення бокове;перевищення безпечної швидкості , порушення правил маневрування;2;без ушкоджень;легко травмований;;;;;;;;49.860258;24.026885;;;;;;;;;;;
2018-05-05;0:06:00;субота;місто;Львів;Залізничний;вулиця;Роксоляни;26;;наїзд на пішохода - пішохід рухався у зустрічному напрямку;порушення правил маневрування;2;без ушкоджень;тяжко травмований;;;;;;;;49.84724;23.963097;;;;;;;;;;;
2018-05-13;16:12:00;неділя;місто;Львів;Галицький;вулиця;Стуса В.;5;;наїзд на транспортний засіб, що стоїть - по ходу руху;перевищення безпечної швидкості;2;без ушкоджень;тяжко травмований;;;;;;;;49.823961;24.037946;;;;;;;;;;;
2018-05-08;10:56:00;вівторок;місто;Львів;Личаківський;вулиця;Зелена;54;;наїзд на пішохода - пішохід рухався у попутному напрямку;порушення правил маневрування , перевищення безпечної швидкості;2;без ушкоджень;легко травмований;;;;;;;;49.830699;24.043386;;;;;;;;;;;
2018-05-31;15:09:00;четвер;місто;Львів;Сихівський;вулиця;Стрийська;109;;наїзд на пішохода - пішохід рухався у попутному напрямку;перехід у невстановленому місці;2;без ушкоджень;легко травмований;;;;;;;;49.788233;24.015105;;;;;;;;;;;
2018-05-31;22:09:00;четвер;місто;Львів;Галицький;вулиця;Городоцька;33;;зіткнення бокове;недодержання дистанції;3;без ушкоджень;без ушкоджень;легко травмований;;;;;;;49.843085;24.021242;;;;;;;;;;;
2018-05-24;1:50:00;четвер;місто;Львів;Сихівський;вулиця;Зелена;;перехрестя вул. Зелена - вул. Дністерська;зіткнення бокове;порушення правил маневрування;3;без ушкоджень;легко травмований;легко травмований;;;;;;;49.818271;24.058599;;;;;;;;;;;
2018-04-29;19:30:00;неділя;місто;Львів;Личаківський;вулиця;Зелена;95;;наїзд на інші види перешкод;перевищення безпечної швидкості;2;помер на місці дтп;легко травмований;;;;;;;;49.825429;24.047323;;;;;;;;;;;
2018-05-01;20:36:00;вівторок;місто;Львів;Залізничний;вулиця;Городоцька;291;;зіткнення бокове;порушення правил маневрування;4;без ушкоджень;легко травмований;легко травмований;легко травмований;;;;;;49.829125;23.960136;;;;;;;;;;;
2018-06-02;22:57:00;субота;місто;Львів;Франківський;вулиця;Наукова;96;;зіткнення бокове;порушення правил маневрування;4;без ушкоджень;без ушкоджень;легко травмований;легко травмований;;;;;;49.804968;23.988814;;;;;;;;;;;
2018-05-09;14:55:00;середа;місто;Львів;Сихівський;вулиця;Морозна;39;;наїзд на пішохода - пішохід рухався у попутному напрямку;порушення правил маневрування;2;без ушкоджень;легко травмований;;;;;;;;49.795976;24.068953;;;;;;;;;;;