accidentDate;accidentTime;accidentDay;settlementType;settlement;district;streetType;streetName;houseNumber;locationComments;accidentType;mainAccidentCause;totalParticipantsAmount;injuryStatusParticipant1;injuryStatusParticipant2;injuryStatusParticipant3;injuryStatusParticipant4;injuryStatusParticipant5;injuryStatusParticipant6;injuryStatusParticipant7;injuryStatusParticipant8;injuryStatusParticipant9;latitude;longitude;injuryStatusParticipant10;injuryStatusParticipant11;injuryStatusParticipant12;injuryStatusParticipant13;injuryStatusParticipant14;injuryStatusParticipant15;injuryStatusParticipant16;injuryStatusParticipant17;injuryStatusParticipant18;injuryStatusParticipant19;injuryStatusParticipant20
2018-06-08;20:58:00;п'ятниця;місто;Львів;Галицький;вулиця;Князя Романа;12;;зіткнення бокове;порушення правил маневрування;5;без ушкоджень;без ушкоджень;без ушкоджень;легко травмований;легко травмований;;;;;49.838543;24.032507;;;;;;;;;;;
2018-06-18;13:01:00;понеділок;місто;Львів;Галицький;вулиця;Свободи, просп.;22;;наїзд на пішохода - пішохід рухався у попутному напрямку;порушення правил проїзду пішохідних переходів;2;легко травмований;легко травмований;;;;;;;;49.843341;24.027046;;;;;;;;;;;
2018-06-15;13:15:00;п'ятниця;місто;Львів;Сихівський;вулиця;Луганська;10А;;зіткнення бокове;порушення правил маневрування;2;без ушкоджень;легко травмований;;;;;;;;49.808582;24.047077;;;;;;;;;;;
2018-07-06;20:37:00;п'ятниця;місто;Львів;Сихівський;вулиця;Зелена;147;;наїзд на пішохода - пішохід рухався у попутному напрямку;порушення правил маневрування;2;без ушкоджень;легко травмований;;;;;;;;49.814344;24.063435;;;;;;;;;;;
2018-07-06;11:50:00;п'ятниця;місто;Львів;Галицький;вулиця;Вірменська;28;;наїзд на пішохода - пішохід рухався у попутному напрямку;порушення правил маневрування;2;без ушкоджень;легко травмований;;;;;;;;49.843245;24.032561;;;;;;;;;;;
2018-07-11;11:49:00;середа;місто;Львів;Франківський;вулиця;Княгині Ольги;5Б;;зіткнення лобове;недодержання дистанції;2;без ушкоджень;легко травмований;;;;;;;;49.822304;24.006586;;;;;;;;;;;
2018-07-05;17:57:00;четвер;місто;Львів;Залізничний;вулиця;Городоцька;174;;наїзд на пішохода - пішохід рухався у зустрічному напрямку;пішоходи невиконання вимог сигналів регулювання;2;без ушкоджень;тяжко травмований;;;;;;;;49.830779;23.968949;;;;;;;;;;;
2018-07-12;21:40:00;четвер;місто;Львів;Шевченківський;вулиця;Жовківська;1;;наїзд на пішохода - пішохід рухався у попутному напрямку;порушення правил маневрування;2;без ушкоджень;легко травмований;;;;;;;;49.852148;24.03226;;;;;;;;;;;
2018-06-02;8:01:00;субота;місто;Львів;Галицький;вулиця;Зернова;1;;наїзд на пішохода - стояв на проїздній частині;перехід у невстановленому місці;2;без ушкоджень;легко травмований;;;;;;;;49.846406;24.024289;;;;;;;;;;;
2018-06-22;8:46:00;п'ятниця;місто;Львів;Сихівський;вулиця;Стуса В.;4;;наїзд на пішохода - пішохід рухався у попутному напрямку;перевищення безпечної швидкості , порушення правил проїзду пішохідних переходів;2;без ушкоджень;легко травмований;;;;;;;;49.822134;24.038998;;;;;;;;;;;
2018-06-11;19:06:00;понеділок;місто;Львів;Залізничний;вулиця;Кульпарківська;226А;;наїзд на інші види перешкод;порушення правил маневрування;1;легко травмований;;;;;;;;;49.807007;23.978257;;;;;;;;;;;
2018-06-27;16:30:00;середа;місто;Львів;Залізничний;вулиця;Виговського І.;19;;зіткнення бокове;перевищення безпечної швидкості , недодержання дистанції;2;легко травмований;без ушкоджень;;;;;;;;49.825841;23.967742;;;;;;;;;;;
2018-07-13;18:01:00;п'ятниця;місто;Львів;Галицький;вулиця;Городоцька;94;;наїзд на пішохода - пішохід рухався у попутному напрямку;порушення правил маневрування;3;без ушкоджень;без ушкоджень;тяжко травмований;;;;;;;49.839114;24.00937;;;;;;;;;;;
2018-07-16;23:11:00;понеділок;місто;Львів;Залізничний;вулиця;Любінська;94;;наїзд на пішохода - пішохід рухався у попутному напрямку;порушення правил маневрування , недодержання дистанції;2;без ушкоджень;тяжко травмований;;;;;;;;49.823948;23.976996;;;;;;;;;;;
2018-06-05;15:30:00;вівторок;місто;Львів;Галицький;вулиця;Січових Стрільців;10;;наїзд на пішохода - на регульованому пішохідному переході;порушення правил маневрування;2;без ушкоджень;легко травмований;;;;;;;;49.839754;24.023387;;;;;;;;;;;
2018-06-19;0:21:00;вівторок;місто;Львів;Залізничний;вулиця;Шевченка Т.;111;;наїзд на пішохода - пішохід рухався у попутному напрямку;порушення правил маневрування;2;без ушкоджень;легко травмований;;;;;;;;49.850858;23.992183;;;;;;;;;;;
2018-07-04;21:13:00;середа;місто;Львів;Франківський;вулиця;Городоцька;;;наїзд на пішохода - на регульованому пішохідному переході;перевищення безпечної швидкості;2;без ушкоджень;легко травмований;;;;;;;;49.836695;24.002423;;;;;;;;;;;
2018-07-03;16:50:00;вівторок;місто;Львів;Сихівський;вулиця;Угорська;;перехрестя вул. Угорська - Червоної Калини, просп.;зіткнення бокове;перевищення безпечної швидкості , перевищення встановленої швидкості;2;без ушкоджень;легко травмований;;;;;;;;49.810324;24.04624;;;;;;;;;;;
2018-06-27;17:35:00;середа;місто;Львів;Личаківський;вулиця;Керченська;;перехрестя вул. Керченська - вул. Зелена;зіткнення бокове;порушення правил проїзду перехресть , перевищення безпечної швидкості , порушення правил обгону;3;без ушкоджень;без ушкоджень;легко травмований;;;;;;;49.823098;24.053276;;;;;;;;;;;
2018-06-24;14:45:00;неділя;місто;Львів;Сихівський;вулиця;Хуторівка;59;;зіткнення лобове;порушення правил маневрування;3;без ушкоджень;без ушкоджень;легко травмований;;;;;;;49.802188;24.030581;;;;;;;;;;;
2018-07-18;18:37:00;середа;місто;Львів;Сихівський;вулиця;Стрийська;303;;наїзд на пішохода - пішохід рухався у попутному напрямку;порушення правил маневрування;2;без ушкоджень;тяжко травмований;;;;;;;;49.773837;24.014268;;;;;;;;;;;
2018-06-08;14:13:00;п'ятниця;місто;Львів;Франківський;вулиця;Липнева;10;;наїзд на пішохода - пішохід рухався у попутному напрямку;порушення правил маневрування;2;без ушкоджень;легко травмований;;;;;;;;49.834626;24.002026;;;;;;;;;;;
2018-06-22;0:27:00;п'ятниця;місто;Львів;Франківський;вулиця;Княгині Ольги; 59А;;наїзд на пішохода - стояв на проїздній частині;перевищення безпечної швидкості;2;без ушкоджень;легко травмований;;;;;;;;49.812591;24.000471;;;;;;;;;;;
2018-06-07;14:20:00;четвер;місто;Львів;Галицький;проспект;Свободи, просп.;;вул. Беринди П.;зіткнення бокове;порушення правил проїзду перехресть;4;без ушкоджень;без ушкоджень;легко травмований;легко травмований;;;;;;49.84129;24.027293;;;;;;;;;;;
2018-07-02;22:17:00;понеділок;місто;Львів;Шевченківський;вулиця;Миколайчука І.;;перехрестя вул. Миколайчука І. - вул. Орлика П.;наїзд на пішохода - пішохід рухався у попутному напрямку;порушення правил проїзду пішохідних переходів;2;без ушкоджень;легко травмований;;;;;;;;49.876537;24.040618;;;;;;;;;;;
2018-07-14;12:55:00;субота;місто;Львів;Франківський;вулиця;Княгині Ольги;;перехрестя вул. Княгині Ольги - вул. Сахарова А., акад.;зіткнення бокове;недодержання дистанції;3;без ушкоджень;без ушкоджень;легко травмований;;;;;;;49.826464;24.010328;;;;;;;;;;;
2018-06-12;14:51:00;вівторок;місто;Львів;Франківський;вулиця;Городоцька;169;;наїзд на пішохода - стояв на проїздній частині;порушення правил маневрування;2;без ушкоджень;легко травмований;;;;;;;;49.83574;23.996994;;;;;;;;;;;
2018-06-16;19:58:00;субота;місто;Львів;Галицький;вулиця;Дорошенка П.;;перехрестя вул. Дорошенка П., - вул. Словацького Ю.;наїзд на велосипедиста - велосипедист рухався у попутному напрямку;порушення правил маневрування;2;без ушкоджень;легко травмований;;;;;;;;49.838135;24.023505;;;;;;;;;;;
2018-07-05;23:30:00;четвер;місто;Львів;Залізничний;вулиця;Широка;;;наїзд на пішохода - лежав на дорозі;порушення правил маневрування;2;без ушкоджень;легко травмований;;;;;;;;49.842099;23.972035;;;;;;;;;;;
2018-07-04;20:45:00;середа;місто;Львів;Залізничний;вулиця;Городоцька;355;;наїзд на пішохода - стояв на проїздній частині;перевищення безпечної швидкості;2;без ушкоджень;помер на місці дтп;;;;;;;;49.822227;23.925519;;;;;;;;;;;
2018-07-01;22:35:00;неділя;селище;Рудне;Залізничний;вулиця;Шевченка Т.;128;;наїзд на пішохода - пішохід рухався у попутному напрямку;порушення правил маневрування;2;без ушкоджень;легко травмований;;;;;;;;49.841937;23.862224;;;;;;;;;;;
2018-06-16;0:23:00;субота;місто;Львів;Сихівський;вулиця;Стрийська;;перехрестя вул. Стрийська - вул. Рубчака І.;зіткнення бокове;порушення правил маневрування;4;легко травмований;легко травмований;легко травмований;тяжко травмований;;;;;;49.805866;24.018734;;;;;;;;;;;
2018-06-17;6:06:00;неділя;місто;Львів;Залізничний;вулиця;Виговського І.;;перехрестя вул. Виговського І., - вул. Любінська;зіткнення лобове;порушення правил маневрування;3;без ушкоджень;без ушкоджень;легко травмований;;;;;;;49.820667;23.968885;;;;;;;;;;;
2018-06-06;22:06:00;середа;місто;Львів;Залізничний;вулиця;Городоцька;210;;наїзд на пішохода - пішохід рухався у попутному напрямку;порушення правил маневрування;2;без ушкоджень;легко травмований;;;;;;;;49.829568;23.962147;;;;;;;;;;;
2018-06-19;18:28:00;вівторок;місто;Львів;Залізничний;вулиця;Полтави П.;36;;наїзд на пішохода - пішохід рухався у попутному напрямку;порушення правил маневрування;2;без ушкоджень;легко травмований;;;;;;;;49.823346;23.963611;;;;;;;;;;;
2018-07-02;0:33:00;понеділок;місто;Львів;Сихівський;вулиця;Луганська;1;;наїзд на інші види перешкод;перевищення безпечної швидкості;1;легко травмований;;;;;;;;;49.806464;24.056985;;;;;;;;;;;
2018-06-18;20:36:00;понеділок;місто;Львів;Сихівський;проспект;Червоної Калини, просп.;5;;зіткнення лобове;порушення правил маневрування;2;без ушкоджень;тяжко травмований;;;;;;;;49.812415;24.045746;;;;;;;;;;;
2018-07-03;9:25:00;вівторок;місто;Винники;Личаківський;вулиця;Миколайчука І.;9;;наїзд на пішохода - пішохід рухався у попутному напрямку;порушення правил маневрування;2;без ушкоджень;легко травмований;;;;;;;;49.818455;24.136056;;;;;;;;;;;
2018-07-16;15:14:00;понеділок;місто;Львів;Залізничний;вулиця;Роксоляни;57;;наїзд на велосипедиста - велосипедист рухався у попутному напрямку;порушення правил маневрування;2;без ушкоджень;тяжко травмований;;;;;;;;49.848499;23.961718;;;;;;;;;;;
2018-07-19;23:41:00;четвер;місто;Львів;Франківський;вулиця;Наукова;;перехрестя вул. Наукова - вул. Княгині Ольги;зіткнення лобове;перевищення безпечної швидкості;3;без ушкоджень;тяжко травмований;легко травмований;;;;;;;49.803871;23.997746;;;;;;;;;;;
2018-06-19;22:30:00;вівторок;місто;Львів;Сихівський;вулиця;Сихівська;;перехрестя вул. Сихівська - вул. Зелена;наїзд на велосипедиста - велосипедист рухався у попутному напрямку;порушення правил маневрування;2;без ушкоджень;легко травмований;;;;;;;;49.798511;24.070873;;;;;;;;;;;
2018-06-20;15:15:00;середа;місто;Львів;Личаківський;вулиця;Зелена;89;;наїзд на велосипедиста - велосипедист рухався у попутному напрямку;порушення правил маневрування;2;без ушкоджень;легко травмований;;;;;;;;49.8279;24.045703;;;;;;;;;;;
2018-06-04;14:05:00;понеділок;місто;Львів;Шевченківський;проспект;Чорновола В., просп.;;Форум;наїзд на пішохода - на регульованому пішохідному переході;порушення правил маневрування;2;без ушкоджень;легко травмований;;;;;;;;49.856219;24.021606;;;;;;;;;;;
2018-06-07;16:15:00;четвер;місто;Львів;Сихівський;вулиця;Морозна;14;вул. Угорська;наїзд на пішохода - пішохід рухався у попутному напрямку;порушення правил маневрування;2;без ушкоджень;тяжко травмований;;;;;;;;49.796887;24.068213;;;;;;;;;;;
2018-07-12;13:08:00;четвер;місто;Львів;Сихівський;проспект;Червоної Калини, просп.;29А;перехрестя Червоної Калини, просп., - вул. Угорська;зіткнення лобове;порушення правил маневрування;2;без ушкоджень;легко травмований;;;;;;;;49.805017;24.045559;;;;;;;;;;;
2018-06-19;4:10:00;вівторок;місто;Львів;Галицький;вулиця;Городоцька;74;;наїзд на пішохода - пішохід рухався у попутному напрямку;порушення правил маневрування;2;без ушкоджень;тяжко травмований;;;;;;;;49.838741;24.008395;;;;;;;;;;;
2018-07-03;22:30:00;вівторок;місто;Львів;Сихівський;вулиця;Стрийська;199;;наїзд на пішохода - пішохід рухався у попутному напрямку;порушення правил маневрування;3;легко травмований;легко травмований;легко травмований;;;;;;;49.7762;24.0247;;;;;;;;;;;
2018-07-14;9:37:00;субота;місто;Львів;Шевченківський;вулиця;Шевченка Т.;307;;зіткнення лобове;порушення правил маневрування;3;без ушкоджень;без ушкоджень;легко травмований;;;;;;;49.86781;23.95314;;;;;;;;;;;
2018-07-08;21:06:00;неділя;місто;Львів;Шевченківський;вулиця;Шевченка Т.;132А;;наїзд на пішохода - пішохід рухався у попутному напрямку;порушення правил проїзду пішохідних переходів;2;без ушкоджень;легко травмований;;;;;;;;49.851124;23.991598;;;;;;;;;;;
2018-06-09;20:01:00;субота;місто;Львів;Личаківський;вулиця;Левицького К.;47;;наїзд на велосипедиста - велосипедист рухався у попутному напрямку;порушення правил маневрування;2;без ушкоджень;легко травмований;;;;;;;;49.833401;24.041637;;;;;;;;;;;
2018-06-25;16:31:00;понеділок;місто;Львів;Залізничний;вулиця;Городоцька;359;;наїзд на пішохода - пішоходний перехід, тз здійснював поворот вліво (вправо);недодержання дистанції;2;без ушкоджень;помер на місці дтп;;;;;;;;49.821556;23.92186;;;;;;;;;;;
2018-06-26;15:15:00;вівторок;місто;Львів;Шевченківський;вулиця;Хмельницького Б.;;;наїзд на велосипедиста - велосипедист рухався у попутному напрямку;порушення правил маневрування;2;без ушкоджень;легко травмований;;;;;;;;49.866054;24.053947;;;;;;;;;;;
2018-07-21;12:35:00;субота;місто;Львів;Франківський;вулиця;Кульпарківська;;Навпроти Ашану;зіткнення лобове;порушення правил маневрування;4;тяжко травмований;тяжко травмований;помер по дорозі в лікарню;легко травмований;;;;;;49.81319;23.984678;;;;;;;;;;;
2018-07-01;15:50:00;неділя;місто;Львів;Шевченківський;вулиця;Промислова;29;;зіткнення бокове;порушення правил маневрування;3;без ушкоджень;без ушкоджень;легко травмований;;;;;;;49.859819;24.043493;;;;;;;;;;;
2018-06-24;12:40:00;неділя;місто;Львів;Сихівський;проспект;Червоної Калини, просп.;57;;зіткнення з задньою частиною тз;перевищення безпечної швидкості , недодержання дистанції;3;без ушкоджень;без ушкоджень;легко травмований;;;;;;;49.797884;24.051481;;;;;;;;;;;
2018-06-23;15:22:00;субота;місто;Львів;Сихівський;проспект;Червоної Калини, просп.;;вул. Угорська;зіткнення бокове;порушення правил маневрування;3;легко травмований;без ушкоджень;легко травмований;;;;;;;49.81031;24.046154;;;;;;;;;;;
2018-06-24;8:01:00;неділя;місто;Львів;Личаківський;вулиця;Пасічна;38;;наїзд на інші види перешкод;перевищення безпечної швидкості;4;без ушкоджень;легко травмований;легко травмований;без ушкоджень;;;;;;49.830927;24.06803;;;;;;;;;;;
2018-07-07;17:02:00;субота;місто;Львів;Личаківський;вулиця;Погулянка;;;наїзд на пішохода - пішохід рухався у попутному напрямку;порушення правил маневрування;2;без ушкоджень;легко травмований;;;;;;;;49.828081;24.056889;;;;;;;;;;;
2018-06-27;11:40:00;середа;місто;Львів;Личаківський;вулиця;Личаківська;11;;зіткнення бокове;порушення правил проїзду перехресть;3;без ушкоджень;без ушкоджень;легко травмований;;;;;;;49.839792;24.039321;;;;;;;;;;;
2018-06-28;19:28:00;четвер;місто;Львів;Галицький;проспект;Чорновола В., просп.;;перехрестя Чорновола В., просп., - вул. Під Дубом;наїзд на пішохода - пішохід рухався у зустрічному напрямку;невиконання вимог сигналів регулювання;2;легко травмований;легко травмований;;;;;;;;49.850478;24.024546;;;;;;;;;;;
2018-06-05;23:25:00;вівторок;місто;Львів;Залізничний;вулиця;Виговського І.;100;;зіткнення бокове;порушення правил маневрування;2;без ушкоджень;тяжко травмований;;;;;;;;49.812401;23.980612;;;;;;;;;;;
2018-07-14;10:30:00;субота;місто;Львів;Шевченківський;вулиця;Чорновола В., просп.;69;;наїзд на пішохода - пішохід переходив дорогу поза межами пішохідного переходу;пішоходи невиконання вимог сигналів регулювання;2;без ушкоджень;тяжко травмований;;;;;;;;49.861492;24.017121;;;;;;;;;;;
2018-06-30;13:01:00;субота;місто;Львів;Галицький;вулиця;Волоська;1;;наїзд на пішохода - пішохід рухався у зустрічному напрямку;порушення правил проїзду пішохідних переходів;2;без ушкоджень;легко травмований;;;;;;;;49.829606;24.032475;;;;;;;;;;;
2018-07-16;9:29:00;понеділок;місто;Львів;Шевченківський;вулиця;Замарстинівська;;перехрестя вул. Замарстинівська - вул. Липинського В.;зіткнення лобове;порушення правил проїзду перехресть;2;легко травмований;без ушкоджень;;;;;;;;49.860355;24.026885;;;;;;;;;;;
2018-06-19;0:44:00;вівторок;місто;Львів;Шевченківський;вулиця;Шевченка Т.;154Б;;наїзд на пішохода - стояв на проїздній частині;порушення правил маневрування;1;легко травмований;;;;;;;;;49.854531;23.984334;;;;;;;;;;;
2018-06-20;22:35:00;середа;місто;Львів;Франківський;вулиця;Городоцька;153;;наїзд на пішохода - пішохід рухався у попутному напрямку;порушення правил маневрування;2;без ушкоджень;легко травмований;;;;;;;;49.836398;24.000846;;;;;;;;;;;
2018-06-06;8:26:00;середа;місто;Львів;Галицький;вулиця;Городоцька;43;;наїзд на велосипедиста - велосипедист рухався у попутному напрямку;порушення правил маневрування;2;без ушкоджень;легко травмований;;;;;;;;49.842888;24.019836;;;;;;;;;;;
2018-06-21;15:18:00;четвер;місто;Львів;Франківський;вулиця;Княгині Ольги;71;;наїзд на пішохода - пішохід рухався у попутному напрямку;порушення правил маневрування;2;без ушкоджень;тяжко травмований;;;;;;;;49.80644;23.998931;;;;;;;;;;;
2018-07-04;21:07:00;середа;місто;Львів;Личаківський;вулиця;Глинянський Тракт;;перехрестя вул. Тракт Глинянський - вул. Ромоданівська;зіткнення бокове;перевищення безпечної швидкості;2;легко травмований;легко травмований;;;;;;;;49.836889;24.073888;;;;;;;;;;;
2018-07-05;15:30:00;четвер;місто;Львів;Сихівський;вулиця;Дністерcька;1;;наїзд на велосипедиста - велосипедист рухався у попутному напрямку;порушення правил маневрування;2;без ушкоджень;легко травмований;;;;;;;;49.818047;24.057612;;;;;;;;;;;
2018-06-10;21:23:00;неділя;місто;Львів;Шевченківський;вулиця;Хімічна;;перехрестя вул. Хімічна - Чорновола В., просп.;наїзд на пішохода - пішохід переходив дорогу поза межами пішохідного переходу;перехід у невстановленому місці;2;без ушкоджень;легко травмований;;;;;;;;49.853826;24.023302;;;;;;;;;;;
2018-07-17;8:47:00;вівторок;місто;Львів;Залізничний;вулиця;Ряшівська;;перехрестя вул. Городоцька - вул. Ряшівська;зіткнення бокове;невиконання вимог сигналів регулювання;2;легко травмований;без ушкоджень;;;;;;;;49.827865;23.953822;;;;;;;;;;;
2018-06-07;19:32:00;четвер;місто;Львів;Шевченківський;проспект;Чорновола В., просп.;101;;зіткнення бокове;порушення правил маневрування;3;без ушкоджень;легко травмований;тяжко травмований;;;;;;;49.866411;24.016338;;;;;;;;;;;
2018-07-11;23:55:00;середа;місто;Львів;Шевченківський;вулиця;Липинського В.;;перехрестя вул. Липинського В. - вул. Хмельницького Б.;наїзд на інші види перешкод;порушення правил маневрування;1;легко травмований;;;;;;;;;49.865003;24.052849;;;;;;;;;;;
2018-06-14;20:25:00;четвер;місто;Львів;Галицький;вулиця;Вітовського Д.;41;;наїзд на інші види перешкод;недодержання дистанції;2;без ушкоджень;легко травмований;;;;;;;;49.830276;24.023619;;;;;;;;;;;
2018-06-06;12:50:00;середа;місто;Львів;Галицький;вулиця;Князя Романа;5;;зіткнення бокове;перевищення безпечної швидкості , недодержання дистанції;4;тяжко травмований;без ушкоджень;без ушкоджень;без ушкоджень;;;;;;49.837415;24.033177;;;;;;;;;;;
2018-06-17;16:57:00;неділя;місто;Львів;Шевченківський;вулиця;Шевченка Т.;358;;зіткнення бокове;порушення правил маневрування;5;без ушкоджень;без ушкоджень;легко травмований;легко травмований;легко травмований;;;;;49.868097;23.952207;;;;;;;;;;;
2018-06-25;22:25:00;понеділок;місто;Львів;Шевченківський;вулиця;Винниця;;;наїзд на опори ( леп, телефонних та телеграфних ліній, рекламоносіїв, щогли антен моб. зв'язку, тощо );порушення правил маневрування;2;тяжко травмований;легко травмований;;;;;;;;49.866095;23.969443;;;;;;;;;;;
2018-07-15;21:15:00;неділя;місто;Львів;Сихівський;вулиця;Хуторівка;59;;наїзд на пішохода - пішохід рухався у попутному напрямку;порушення правил маневрування;2;без ушкоджень;легко травмований;;;;;;;;49.802247;24.03034;;;;;;;;;;;
2018-07-14;16:55:00;субота;місто;Львів;Шевченківський;проспект;Чорновола В., просп.;46;;зіткнення лобове;порушення правил маневрування;3;без ушкоджень;без ушкоджень;легко травмований;;;;;;;49.855081;24.022395;;;;;;;;;;;
2018-06-09;7:08:00;субота;місто;Львів;Сихівський;вулиця;Стрийська;75;;зіткнення бокове;порушення правил маневрування;2;тяжко травмований;без ушкоджень;;;;;;;;49.791402;24.01577;;;;;;;;;;;
2018-07-15;17:10:00;неділя;місто;Львів;Личаківський;вулиця;Хмельницького Б.;210;;наїзд на інші види перешкод;порушення правил маневрування;1;легко травмований;;;;;;;;;49.868723;24.056148;;;;;;;;;;;
2018-06-04;9:59:00;понеділок;місто;Львів;Франківський;вулиця;Сахарова А., акад.;12;;наїзд на велосипедиста - велосипедист рухався у зустрічному напрямку;порушення правил маневрування;2;без ушкоджень;легко травмований;;;;;;;;49.83118;24.015979;;;;;;;;;;;
2018-06-15;18:40:00;п'ятниця;місто;Львів;Залізничний;вулиця;Ряшівська;1;;наїзд на пішохода - пішохід рухався у попутному напрямку;порушення правил маневрування;2;без ушкоджень;легко травмований;;;;;;;;49.827128;23.955667;;;;;;;;;;;
2018-07-14;12:54:00;субота;місто;Львів;Сихівський;вулиця;Стрийська;35;;зіткнення лобове;порушення правил маневрування;5;без ушкоджень;без ушкоджень;без ушкоджень;без ушкоджень;легко травмований;;;;;49.815849;24.021719;;;;;;;;;;;
2018-06-11;22:22:00;понеділок;місто;Львів;Сихівський;вулиця;Чмоли І.;;перехрестя вул. Чмоли І., - вул. Стрийська;зіткнення бокове;порушення правил маневрування , порушення правил проїзду перехресть , перевищення безпечної швидкості;2;тяжко травмований;без ушкоджень;;;;;;;;49.814672;24.019825;;;;;;;;;;;
2018-07-10;18:40:00;вівторок;місто;Львів;Залізничний;вулиця;Городоцька;357;;наїзд на пішохода - пішохід рухався у попутному напрямку;порушення правил маневрування;2;без ушкоджень;легко травмований;;;;;;;;49.821802;23.9231;;;;;;;;;;;
2018-06-07;1:55:00;четвер;місто;Львів;Залізничний;вулиця;Городоцька;80;;наїзд на пішохода - пішохід рухався у попутному напрямку;порушення правил маневрування;2;без ушкоджень;легко травмований;;;;;;;;49.838284;24.007317;;;;;;;;;;;
2018-06-18;17:01:00;понеділок;місто;Львів;Франківський;вулиця;Княгині Ольги;3;;наїзд на пішохода - пішохід рухався у попутному напрямку;порушення правил проїзду пішохідних переходів;2;без ушкоджень;легко травмований;;;;;;;;49.823837;24.007643;;;;;;;;;;;
2018-06-09;16:34:00;субота;місто;Львів;Личаківський;вулиця;Пасічна;55;;наїзд на пішохода - пішохід рухався у попутному напрямку;порушення правил маневрування;2;без ушкоджень;легко травмований;;;;;;;;49.827332;24.072971;;;;;;;;;;;
2018-07-01;13:50:00;неділя;місто;Львів;Галицький;площа;Князя Ярослава Осмомисла, пл.;;перехрестя вул. Замарстинівська - Князя Ярослава Осмомисла, пл.;зіткнення лобове;порушення правил маневрування;3;без ушкоджень;легко травмований;легко травмований;;;;;;;49.844819;24.029245;;;;;;;;;;;
2018-07-07;23:30:00;субота;місто;Львів;Личаківський;вулиця;Кукурудзяна;2;;зіткнення лобове;перевищення безпечної швидкості;4;легко травмований;без ушкоджень;легко травмований;легко травмований;;;;;;49.862741;24.056625;;;;;;;;;;;
2018-06-19;9:28:00;вівторок;місто;Львів;Сихівський;проспект;Червоної Калини, просп.;;перехрестя Червоної Калини, просп., - вул. Угорська;зіткнення лобове;порушення правил маневрування;3;помер у лікарні протягом 30 діб;легко травмований;без ушкоджень;;;;;;;49.810214;24.046522;;;;;;;;;;;
2018-06-22;20:01:00;п'ятниця;місто;Львів;Залізничний;вулиця;Городоцька;274;;зіткнення бокове;перевищення безпечної швидкості , недодержання дистанції;2;без ушкоджень;легко травмований;;;;;;;;49.824179;23.9329;;;;;;;;;;;
2018-06-29;17:49:00;п'ятниця;місто;Львів;Залізничний;вулиця;Левандівська;30;;зіткнення бокове;порушення правил маневрування;2;без ушкоджень;легко травмований;;;;;;;;49.843397;23.981121;;;;;;;;;;;
2018-07-10;9:20:00;вівторок;місто;Львів;Франківський;вулиця;Наукова;2;;зіткнення лобове;порушення правил маневрування;2;без ушкоджень;легко травмований;;;;;;;;49.803005;24.007627;;;;;;;;;;;
2018-06-06;14:55:00;середа;місто;Львів;Залізничний;вулиця;Кульпарківська;230;;зіткнення бокове;порушення правил маневрування , перевищення безпечної швидкості;2;без ушкоджень;легко травмований;;;;;;;;49.803241;23.980751;;;;;;;;;;;
2018-06-20;23:09:00;середа;місто;Львів;Франківський;вулиця;Сахарова А., акад.;25;;наїзд на пішохода - пішохід рухався у попутному напрямку;перехід у невстановленому місці;2;без ушкоджень;легко травмований;;;;;;;;49.823435;24.012766;;;;;;;;;;;
2018-07-13;17:35:00;п'ятниця;місто;Львів;Залізничний;вулиця;Любінська;191Б;;зіткнення бокове;порушення правил маневрування;3;без ушкоджень;без ушкоджень;легко травмований;;;;;;;49.816501;23.957462;;;;;;;;;;;
2018-08-30;19:01:00;четвер;місто;Львів;Личаківський;вулиця;Зелена;20;;наїзд на пішохода - пішохід переходив дорогу поза межами пішохідного переходу;перевищення безпечної швидкості;2;без ушкоджень;легко травмований;;;;;;;;49.833411;24.03868;;;;;;;;;;;
2018-07-31;18:15:00;вівторок;місто;Львів;Франківський;вулиця;Наукова;16;;зіткнення бокове;порушення правил маневрування , недодержання дистанції;2;легко травмований;без ушкоджень;;;;;;;;49.803444;24.002538;;;;;;;;;;;
2018-08-23;20:45:00;четвер;місто;Львів;Сихівський;вулиця;Мирного Панаса;;вул. Литовська;наїзд на велосипедиста - поза межами велосипедної доріжки;недодержання дистанції;2;без ушкоджень;легко травмований;;;;;;;;49.814755;24.03343;;;;;;;;;;;
2018-07-26;4:15:00;четвер;місто;Львів;Франківський;вулиця;Трускавецька;50;;наїзд на пішохода - пішохід рухався у попутному напрямку;перевищення безпечної швидкості;2;без ушкоджень;легко травмований;;;;;;;;49.800318;23.984683;;;;;;;;;;;
2018-07-07;14:45:00;субота;місто;Львів;Сихівський;вулиця;Зелена;303;;зіткнення з задньою частиною тз;порушення правил маневрування;3;легко травмований;легко травмований;без ушкоджень;;;;;;;49.798033;24.071753;;;;;;;;;;;
2018-08-02;18:01:00;четвер;місто;Львів;Франківський;вулиця;Наукова;112;;падіння пасажира;порушення правил перевезення пасажирів;2;без ушкоджень;легко травмований;;;;;;;;49.805508;23.985263;;;;;;;;;;;