accidentDate;accidentTime;accidentDay;settlementType;settlement;district;streetType;streetName;houseNumber;locationComments;accidentType;mainAccidentCause;totalParticipantsAmount;injuryStatusParticipant1;injuryStatusParticipant2;injuryStatusParticipant3;injuryStatusParticipant4;injuryStatusParticipant5;injuryStatusParticipant6;injuryStatusParticipant7;injuryStatusParticipant8;injuryStatusParticipant9;latitude;longitude;injuryStatusParticipant10;injuryStatusParticipant11;injuryStatusParticipant12;injuryStatusParticipant13;injuryStatusParticipant14;injuryStatusParticipant15;injuryStatusParticipant16;injuryStatusParticipant17;injuryStatusParticipant18;injuryStatusParticipant19;injuryStatusParticipant20
2018-12-27;15:25:00;четвер;місто;Львів;Залізничний;вулиця;Ряшівська;;перехрестя вул. Ряшівська - вул. Городоцька;зіткнення лобове;перевищення безпечної швидкості , недодержання дистанції;2;легко травмований;легко травмований;;;;;;;;49.82800601593354;23.95373715326456;;;;;;;;;;;
2018-11-30;13:30:00;п'ятниця;місто;Львів;Франківський;вулиця;Кульпарківська;35;;наїзд на пішохода - пішохід рухався у попутному напрямку;порушення правил маневрування;2;без ушкоджень;легко травмований;;;;;;;;49.831055;23.990648;;;;;;;;;;;
2018-12-26;22:07:00;середа;місто;Львів;Залізничний;вулиця;Петлюри С.;25;;зіткнення лобове;порушення правил маневрування;3;без ушкоджень;без ушкоджень;легко травмований;;;;;;;49.82093;23.980097;;;;;;;;;;;
2018-12-27;19:01:00;четвер;місто;Львів;Шевченківський;вулиця;Липинського В.;60;;наїзд на пішохода - пішохід рухався у попутному напрямку;порушення правил проїзду пішохідних переходів;2;без ушкоджень;легко травмований;;;;;;;;49.865124;24.050016;;;;;;;;;;;
2018-12-28;21:37:00;п'ятниця;місто;Львів;Шевченківський;вулиця;Замарстинівська;270;;наїзд на пішохода - пішохід рухався у попутному напрямку;перехід у невстановленому місці;2;без ушкоджень;легко травмований;;;;;;;;49.876406;24.007984;;;;;;;;;;;
2018-11-30;9:50:00;п'ятниця;місто;Львів;Шевченківський;вулиця;О. Омеляна Ковча;1;;наїзд на дорожний знак, бордюрний камінь;порушення правил маневрування;1;легко травмований;;;;;;;;;49.860798;23.988883;;;;;;;;;;;
2018-12-18;12:45:00;вівторок;місто;Львів;Шевченківський;вулиця;Липинського В.;54;;наїзд на пішохода - пішохід рухався у попутному напрямку;порушення правил маневрування;2;без ушкоджень;легко травмований;;;;;;;;49.864394;24.041279;;;;;;;;;;;
2018-12-08;11:57:00;субота;місто;Львів;Сихівський;проспект;Червоної Калини, просп.;107;;наїзд на пішохода - пішохід рухався у попутному напрямку;порушення правил проїзду пішохідних переходів;2;без ушкоджень;легко травмований;;;;;;;;49.785909;24.061373;;;;;;;;;;;
2018-11-30;18:51:00;п'ятниця;місто;Львів;Залізничний;вулиця;Любінська;102;;наїзд на пішохода - пішохід рухався у попутному напрямку;порушення правил маневрування;2;без ушкоджень;легко травмований;;;;;;;;49.82184;23.972195;;;;;;;;;;;
2018-12-01;8:50:00;субота;місто;Львів;Личаківський;вулиця;Кукурудзяна;;Торпедо;наїзд на пішохода - на регульованому пішохідному переході;порушення правил маневрування;2;без ушкоджень;тяжко травмований;;;;;;;;49.864615;24.055274;;;;;;;;;;;
2018-12-21;17:01:00;п'ятниця;місто;Львів;Сихівський;вулиця;Стуса В.;22А;;наїзд на пішохода - пішохід рухався у попутному напрямку;порушення правил проїзду пішохідних переходів;2;без ушкоджень;легко травмований;;;;;;;;49.818306;24.043563;;;;;;;;;;;
2018-12-20;23:15:00;четвер;місто;Львів;Личаківський;вулиця;Кривчицька Дорога;38;;наїзд на інші види перешкод;перевищення безпечної швидкості , керування транспортним засобом у нетверезому стані;1;легко травмований;;;;;;;;;49.843646;24.072515;;;;;;;;;;;
2018-12-24;7:30:00;понеділок;місто;Львів;Франківський;вулиця;Кондукторська;;перехрестя вул. Кондукторська - вул. Городоцька;наїзд на пішохода - пішохід рухався у попутному напрямку;порушення правил маневрування;2;без ушкоджень;легко травмований;;;;;;;;49.832654;23.979914;;;;;;;;;;;
2018-12-14;14:01:00;п'ятниця;місто;Львів;Шевченківський;вулиця;Хмельницького Б.;87;;наїзд на пішохода - пішохід рухався у попутному напрямку;порушення правил проїзду пішохідних переходів;2;без ушкоджень;легко травмований;;;;;;;;49.85229;24.033108;;;;;;;;;;;
2018-12-17;3:30:00;понеділок;місто;Львів;Франківський;вулиця;Городоцька;191;;зіткнення лобове;порушення правил маневрування;3;без ушкоджень;без ушкоджень;легко травмований;;;;;;;49.834446;23.989844;;;;;;;;;;;
2018-12-16;15:38:00;неділя;місто;Львів;Сихівський;вулиця;Луганська;10;;зіткнення лобове;порушення правил маневрування;3;без ушкоджень;без ушкоджень;легко травмований;;;;;;;49.80797;24.050966;;;;;;;;;;;
2018-12-16;16:54:00;неділя;місто;Львів;Сихівський;проспект;Червоної Калини, просп.;;перехрестя Червоної Калини, просп., - вул. Угорська;наїзд на пішохода - пішохід рухався у попутному напрямку;порушення правил маневрування;2;без ушкоджень;легко травмований;;;;;;;;49.810199;24.046497;;;;;;;;;;;
2018-11-23;15:26:00;п'ятниця;місто;Львів;Франківський;вулиця;Володимира Великого;24;;наїзд на пішохода - пішохід переходив дорогу поза межами пішохідного переходу;неочікуваний вихід на проїзну частину;2;без ушкоджень;легко травмований;;;;;;;;49.810632;23.998089;;;;;;;;;;;
2018-12-15;22:28:00;субота;місто;Львів;Залізничний;вулиця;Повітряна;59;;наїзд на пішохода - пішохід рухався у попутному напрямку;порушення правил маневрування;2;без ушкоджень;тяжко травмований;;;;;;;;49.844475;23.973335;;;;;;;;;;;
2018-12-27;17:54:00;четвер;місто;Львів;Сихівський;проспект;Червоної Калини, просп.;7;;наїзд на пішохода - пішохід рухався у попутному напрямку;порушення правил маневрування;2;без ушкоджень;легко травмований;;;;;;;;49.813052;24.04624;;;;;;;;;;;
2018-12-04;8:50:00;вівторок;місто;Львів;Личаківський;вулиця;Мечникова І.;;перехрестя вул. Мечникова І., - вул. Пекарська;наїзд на пішохода - пішохід рухався у попутному напрямку;порушення правил маневрування;3;легко травмований;без ушкоджень;легко травмований;;;;;;;49.833471;24.05154;;;;;;;;;;;
2018-12-17;8:52:00;понеділок;місто;Львів;Шевченківський;вулиця;Тунельна;1;;наїзд на пішохода - пішохід рухався у попутному напрямку;перевищення безпечної швидкості;2;без ушкоджень;легко травмований;;;;;;;;49.862008;24.002767;;;;;;;;;;;
2018-12-27;21:01:00;четвер;місто;Львів;Личаківський;вулиця;Пасічна;98;;наїзд на пішохода - пішохід рухався у попутному напрямку;перехід у невстановленому місці;2;без ушкоджень;легко травмований;;;;;;;;49.816385;24.076506;;;;;;;;;;;
2018-12-06;18:08:00;четвер;місто;Львів;Шевченківський;вулиця;Під Голоском;1;;падіння пасажира;порушення правил маневрування;2;без ушкоджень;легко травмований;;;;;;;;49.867249301567206;24.01431110255429;;;;;;;;;;;
2018-12-20;23:15:00;четвер;місто;Львів;Личаківський;вулиця;Кривчицька Дорога;32;;зіткнення лобове;перевищення безпечної швидкості;2;легко травмований;без ушкоджень;;;;;;;;49.843241;24.071538;;;;;;;;;;;
2018-12-29;8:01:00;субота;місто;Львів;Сихівський;проспект;Червоної Калини, просп.;35;;наїзд на дорожне огородження;перевищення безпечної швидкості;2;без ушкоджень;легко травмований;;;;;;;;49.799564;24.047989;;;;;;;;;;;
2018-12-24;16:16:00;понеділок;місто;Львів;Франківський;вулиця;Любінська;6;;наїзд на пішохода - пішохід рухався у попутному напрямку;порушення правил маневрування;2;без ушкоджень;легко травмований;;;;;;;;49.832813;23.99009;;;;;;;;;;;
2018-12-26;11:55:00;середа;місто;Львів;Шевченківський;вулиця;Шевченка Т.;319;;зіткнення бокове;перевищення безпечної швидкості , недодержання дистанції;2;без ушкоджень;легко травмований;;;;;;;;49.869653;23.935513;;;;;;;;;;;
2018-12-18;21:09:00;вівторок;місто;Львів;Франківський;вулиця;Городоцька;179;;наїзд на пішохода - пішохід рухався у попутному напрямку;перевищення безпечної швидкості , порушення правил проїзду пішохідних переходів;2;без ушкоджень;легко травмований;;;;;;;;49.835377;23.995047;;;;;;;;;;;
2018-12-24;17:29:00;понеділок;місто;Львів;Личаківський;вулиця;Хмельницького Б.;212;;наїзд на пішохода - пішохід рухався у попутному напрямку;порушення правил маневрування , порушення правил проїзду пішохідних переходів;2;без ушкоджень;легко травмований;;;;;;;;49.86858;24.057543;;;;;;;;;;;
2018-12-29;8:56:00;субота;місто;Львів;Личаківський;вулиця;Івасюка В.; 4А;;наїзд на пішохода - пішохід рухався у попутному напрямку;порушення правил маневрування;2;без ушкоджень;легко травмований;;;;;;;;49.830709;24.046487;;;;;;;;;;;
2018-12-30;6:55:00;неділя;місто;Львів;Галицький;вулиця;Франка І.;68;;наїзд на пішохода - пішохід на зупинці громадського транспорту;перевищення безпечної швидкості;2;без ушкоджень;помер на місці дтп;;;;;;;;49.830118;24.031359;;;;;;;;;;;
2018-12-10;8:02:00;понеділок;місто;Львів;Шевченківський;вулиця;Замарстинівська;266;;наїзд на пішохода - пішохід переходив дорогу поза межами пішохідного переходу;порушення правил маневрування;2;без ушкоджень;помер у лікарні протягом 30 діб;;;;;;;;49.875935;24.008356;;;;;;;;;;;
2018-12-30;14:19:00;неділя;місто;Львів;Сихівський;вулиця;Хуторівка;4Б;;наїзд на пішохода - на регульованому пішохідному переході;порушення правил маневрування;2;без ушкоджень;легко травмований;;;;;;;;49.799705;24.026868;;;;;;;;;;;
2018-12-08;23:02:00;субота;місто;Львів;Залізничний;вулиця;Городоцька;210;;наїзд на пішохода - пішохід рухався у попутному напрямку;порушення правил маневрування;2;без ушкоджень;легко травмований;;;;;;;;49.829592;23.962174;;;;;;;;;;;
2018-12-29;19:33:00;субота;місто;Львів;Залізничний;вулиця;Повітряна;66;;наїзд на пішохода - пішохід рухався у попутному напрямку;перевищення безпечної швидкості;2;без ушкоджень;легко травмований;;;;;;;;49.844469;23.971363;;;;;;;;;;;
2018-12-26;19:30:00;середа;місто;Львів;Галицький;проспект;Свободи, просп.;;перехрестя Свободи, просп., - вул. Гнатюка В., акад.;наїзд на пішохода - пішохід рухався у попутному напрямку;порушення правил маневрування;3;легко травмований;без ушкоджень;легко травмований;;;;;;;49.841264;24.027353;;;;;;;;;;;
2018-12-30;5:07:00;неділя;місто;Львів;Залізничний;вулиця;Городоцька;126;;зіткнення бокове;перевищення безпечної швидкості;3;без ушкоджень;легко травмований;легко травмований;;;;;;;49.834727;23.991137;;;;;;;;;;;
2018-12-09;0:35:00;неділя;місто;Львів;Залізничний;вулиця;Городоцька;190;;наїзд на пішохода - пішохід рухався у попутному напрямку;порушення правил маневрування;2;без ушкоджень;легко травмований;;;;;;;;49.829831;23.963521;;;;;;;;;;;
2018-12-11;12:26:00;вівторок;місто;Львів;Залізничний;вулиця;Шевченка Т.;58;;зіткнення лобове;порушення правил маневрування;2;без ушкоджень;легко травмований;;;;;;;;49.844837;24.00996;;;;;;;;;;;
2018-12-21;21:10:00;п'ятниця;місто;Львів;Личаківський;вулиця;Вашингтона Дж.;3;;наїзд на пішохода - пішохід рухався у попутному напрямку;порушення правил маневрування;2;без ушкоджень;легко травмований;;;;;;;;49.815949;24.062344;;;;;;;;;;;
2018-12-27;18:40:00;четвер;місто;Львів;Личаківський;вулиця;Богданівська;11;;наїзд на пішохода - пішохід рухався у попутному напрямку;порушення правил проїзду пішохідних переходів;2;без ушкоджень;легко травмований;;;;;;;;49.857665;24.072676;;;;;;;;;;;
2018-12-10;17:01:00;понеділок;місто;Львів;Сихівський;вулиця;Зелена;;перехрестя вул. Зелена - вул. Пасічна;наїзд на пішохода - пішохід рухався у попутному напрямку;порушення правил маневрування;2;без ушкоджень;легко травмований;;;;;;;;49.806862;24.062269;;;;;;;;;;;
2018-11-26;13:01:00;понеділок;місто;Львів;Сихівський;проспект;Червоної Калини, просп.;50;;падіння пасажира;порушення правил маневрування;2;без ушкоджень;легко травмований;;;;;;;;49.797763;24.050381;;;;;;;;;;;
2018-12-13;12:18:00;четвер;місто;Львів;Франківський;вулиця;Наукова;35А;;зіткнення лобове;порушення правил маневрування;2;без ушкоджень;легко травмований;;;;;;;;49.803746;23.996903;;;;;;;;;;;
2018-11-13;17:01:00;вівторок;місто;Львів;Галицький;вулиця;Університетська;1;;падіння пасажира;порушення правил маневрування;2;без ушкоджень;легко травмований;;;;;;;;49.840221;24.021757;;;;;;;;;;;
2018-11-24;9:50:00;субота;місто;Львів;Шевченківський;вулиця;Липинського В.;;перехрестя вул. Липинського В. - вул. Замарстинівська;зіткнення бокове;порушення правил проїзду перехресть;2;легко травмований;без ушкоджень;;;;;;;;49.86012;24.026928;;;;;;;;;;;
2018-12-12;7:50:00;середа;місто;Львів;Личаківський;вулиця;Некрасова М.;45;;зіткнення бокове;перевищення безпечної швидкості , недодержання дистанції , керування транспортним засобом у нетверезому стані;2;легко травмований;без ушкоджень;;;;;;;;49.836889;24.055313;;;;;;;;;;;
2018-12-21;22:19:00;п'ятниця;місто;Львів;Залізничний;вулиця;Городоцька;168;;наїзд на пішохода - пішохід рухався у попутному напрямку;порушення правил маневрування;2;без ушкоджень;помер у лікарні протягом 30 діб;;;;;;;;49.833637;23.969995;;;;;;;;;;;
2018-12-15;12:47:00;субота;місто;Львів;Личаківський;вулиця;Глинянський Тракт;108;;падіння пасажира;порушення правил маневрування;2;без ушкоджень;легко травмований;;;;;;;;49.840653;24.092218;;;;;;;;;;;
2018-12-28;6:27:00;п'ятниця;місто;Львів;Галицький;проспект;Свободи, просп.;18;;наїзд на пішохода - пішохід рухався у попутному напрямку;порушення правил маневрування;2;без ушкоджень;легко травмований;;;;;;;;49.842535;24.028226;;;;;;;;;;;
2018-12-24;8:17:00;понеділок;місто;Львів;Личаківський;вулиця;Студентська;2;;наїзд на пішохода - пішохід рухався у попутному напрямку;порушення правил проїзду пішохідних переходів;2;без ушкоджень;легко травмований;;;;;;;;49.829308;24.045687;;;;;;;;;;;
2018-11-22;13:47:00;четвер;місто;Львів;Шевченківський;вулиця;Яцкова М.;18;;наїзд на пішохода - пішохід рухався у попутному напрямку;порушення правил маневрування;2;без ушкоджень;легко травмований;;;;;;;;49.84826;24.005363;;;;;;;;;;;
2018-12-10;15:33:00;понеділок;село;Лисиничі;Личаківський;вулиця;Шевченка Т.;313;;наїзд на пішохода - пішохід рухався у попутному напрямку;порушення правил проїзду пішохідних переходів;2;без ушкоджень;легко травмований;;;;;;;;49.835581;24.121331;;;;;;;;;;;
2018-11-24;9:20:00;субота;місто;Львів;Залізничний;площа;Двірцева, пл.;1;;наїзд на пішохода - пішохід рухався у попутному напрямку;порушення правил маневрування;2;без ушкоджень;тяжко травмований;;;;;;;;49.839602;23.994752;;;;;;;;;;;
2018-12-12;18:30:00;середа;місто;Львів;Галицький;вулиця;Дорошенка П.;22;;наїзд на пішохода - на регульованому пішохідному переході;порушення правил маневрування;2;без ушкоджень;легко травмований;;;;;;;;49.838968;24.024981;;;;;;;;;;;
2018-12-05;21:45:00;середа;місто;Львів;Залізничний;вулиця;Виговського І.;83;;наїзд на пішохода - пішохід рухався у попутному напрямку;порушення правил маневрування;2;без ушкоджень;легко травмований;;;;;;;;49.812332;23.981035;;;;;;;;;;;
2018-12-25;10:21:00;вівторок;місто;Львів;Сихівський;вулиця;Стрийська;100;;зіткнення лобове;порушення правил маневрування;3;без ушкоджень;легко травмований;легко травмований;;;;;;;49.787478;24.014906;;;;;;;;;;;
2018-12-09;9:50:00;неділя;місто;Львів;Сихівський;проспект;Червоної Калини, просп.;35;;наїзд на інші види перешкод;перевищення безпечної швидкості , недодержання дистанції;1;легко травмований;;;;;;;;;49.799854;24.048729;;;;;;;;;;;
2018-12-08;15:01:00;субота;місто;Львів;Шевченківський;проспект;Чорновола В., просп.;43;;наїзд на пішохода - пішохід рухався у попутному напрямку;порушення правил маневрування;2;без ушкоджень;легко травмований;;;;;;;;49.854082;24.02291;;;;;;;;;;;
2018-12-01;19:45:00;субота;місто;Львів;Франківський;вулиця;Городоцька;227;;наїзд на пішохода - пішохід рухався у попутному напрямку;порушення правил маневрування;2;без ушкоджень;легко травмований;;;;;;;;49.832301;23.977763;;;;;;;;;;;
2018-12-12;20:01:00;середа;місто;Львів;Франківський;вулиця;Городоцька;;;наїзд на пішохода - на нерегульованому пішохідному переході;порушення правил маневрування;2;без ушкоджень;легко травмований;;;;;;;;49.835377;23.995879;;;;;;;;;;;
2018-12-13;17:25:00;четвер;місто;Львів;Личаківський;вулиця;Личаківська;28;;зіткнення бокове;недодержання дистанції;3;легко травмований;без ушкоджень;без ушкоджень;;;;;;;49.840176;24.042984;;;;;;;;;;;
2018-11-23;10:30:00;п'ятниця;місто;Львів;Шевченківський;вулиця;Шевченка Т.;35;;наїзд на пішохода - пішохід переходив дорогу поза межами пішохідного переходу;неочікуваний вихід на проїзну частину;2;без ушкоджень;легко травмований;;;;;;;;49.843587;24.013608;;;;;;;;;;;
2018-12-01;12:37:00;субота;місто;Львів;Личаківський;вулиця;Мечникова І.;103;;зіткнення лобове;порушення правил маневрування;4;тяжко травмований;без ушкоджень;легко травмований;легко травмований;;;;;;49.830914;24.048905;;;;;;;;;;;
2018-12-19;9:50:00;середа;місто;Львів;Сихівський;вулиця;Гориня М.;1;;наїзд на пішохода - пішохід рухався у попутному напрямку;недодержання дистанції;2;без ушкоджень;легко травмований;;;;;;;;49.789196;24.057516;;;;;;;;;;;
2018-11-26;12:55:00;понеділок;місто;Львів;Франківський;вулиця;Городоцька;179;;наїзд на пішохода - пішохід рухався у попутному напрямку;порушення правил проїзду пішохідних переходів;2;без ушкоджень;легко травмований;;;;;;;;49.835419;23.995133;;;;;;;;;;;
2018-11-22;16:18:00;четвер;місто;Львів;Личаківський;вулиця;Чехова А.;14;;наїзд на пішохода - пішохід рухався у попутному напрямку;неочікуваний вихід на проїзну частину;2;без ушкоджень;легко травмований;;;;;;;;49.839045;24.042163;;;;;;;;;;;
2018-11-28;1:01:00;середа;місто;Львів;Личаківський;вулиця;Пасічна;148;;зіткнення лобове;перевищення безпечної швидкості;3;легко травмований;без ушкоджень;легко травмований;;;;;;;49.811722;24.079215;;;;;;;;;;;
2018-12-07;15:49:00;п'ятниця;місто;Львів;Личаківський;вулиця;Зелена;53;;наїзд на пішохода - пішохід рухався у попутному напрямку;порушення правил маневрування;2;без ушкоджень;легко травмований;;;;;;;;49.831817;24.042023;;;;;;;;;;;
2018-12-26;17:20:00;середа;місто;Львів;Франківський;вулиця;Кондукторська;;вул. Городоцька;наїзд на пішохода - пішоходний перехід, тз здійснював поворот вліво (вправо);порушення правил маневрування;2;без ушкоджень;легко травмований;;;;;;;;49.832668;23.979914;;;;;;;;;;;
2018-12-30;17:01:00;неділя;місто;Львів;Франківський;вулиця;Стрийська;;;зіткнення бокове;порушення правил маневрування;2;без ушкоджень;легко травмований;;;;;;;;49.789175;24.015062;;;;;;;;;;;
2018-12-30;3:29:00;неділя;місто;Львів;Галицький;вулиця;Бандери С.;1;;наїзд на пішохода - пішохід рухався у попутному напрямку;порушення правил маневрування;2;легко травмований;без ушкоджень;;;;;;;;49.834623;24.019568;;;;;;;;;;;
2018-12-31;17:20:00;понеділок;місто;Львів;Сихівський;вулиця;Угорська;12;;наїзд на пішохода - пішохід рухався у попутному напрямку;порушення правил маневрування;2;без ушкоджень;легко травмований;;;;;;;;49.810577;24.045027;;;;;;;;;;;
2018-12-31;20:10:00;понеділок;місто;Львів;Франківський;вулиця;Горбачевського І.;4;;наїзд на пішохода - пішохід рухався у попутному напрямку;порушення правил маневрування;2;без ушкоджень;легко травмований;;;;;;;;49.829585;24.008061;;;;;;;;;;;
2019-01-16;10:20:00;середа;місто;Львів;Франківський;вулиця;Кульпарківська;52;;зіткнення бокове;перевищення безпечної швидкості;3;без ушкоджень;легко травмований;без ушкоджень;;;;;;;49.829059;23.990197;;;;;;;;;;;
2019-01-22;14:04:00;вівторок;місто;Львів;Личаківський;вулиця;Мечникова І.;11;;наїзд на транспортний засіб, що стоїть - по ходу руху;порушення правил маневрування;2;легко травмований;без ушкоджень;;;;;;;;49.837498;24.054598;;;;;;;;;;;
2019-01-22;20:50:00;вівторок;місто;Львів;Шевченківський;проспект;Чорновола В., просп.;45;;наїзд на пішохода - пішохід рухався у попутному напрямку;порушення правил маневрування;2;без ушкоджень;легко травмований;;;;;;;;49.852639;24.023564;;;;;;;;;;;
2019-02-01;12:56:00;п'ятниця;місто;Львів;Шевченківський;вулиця;Шевченка Т.;418;;зіткнення з задньою частиною тз;порушення правил проїзду перехресть;3;без ушкоджень;легко травмований;легко травмований;;;;;;;49.871503;23.941998;;;;;;;;;;;
2019-01-10;10:37:00;четвер;місто;Львів;Личаківський;вулиця;Зелена;135;;наїзд на пішохода - пішохід рухався у попутному напрямку;порушення правил маневрування;2;без ушкоджень;тяжко травмований;;;;;;;;49.817333;24.060273;;;;;;;;;;;
2019-02-12;23:19:00;вівторок;місто;Львів;Франківський;вулиця;Чупринки Т., ген.;42;;наїзд на пішохода - пішохід рухався у попутному напрямку;перехід у невстановленому місці;2;без ушкоджень;помер у лікарні протягом 30 діб;;;;;;;;49.83208;24.011495;;;;;;;;;;;
2019-01-18;15:50:00;п'ятниця;місто;Львів;Залізничний;вулиця;Городоцька;142;;зіткнення лобове;перевищення безпечної швидкості, недодержання дистанції;2;легко травмований;без ушкоджень;;;;;;;;49.833599;23.983068;;;;;;;;;;;
2019-01-08;9:01:00;вівторок;місто;Львів;Галицький;вулиця;Франка І.;;Стрийський ринок;наїзд на пішохода - пішохід рухався у попутному напрямку;порушення правил маневрування;2;без ушкоджень;легко травмований;;;;;;;;49.829872;24.031262;;;;;;;;;;;
2019-01-27;13:01:00;неділя;місто;Львів;Личаківський;вулиця;Хмельницького Б.;267;;зіткнення бокове;керування транспортним засобом у нетверезому стані, перевищення безпечної швидкості;3;легко травмований;легко травмований;легко травмований;;;;;;;49.871188;24.05831;;;;;;;;;;;
2019-01-09;23:50:00;середа;місто;Львів;Залізничний;вулиця;Виговського І.;100;;зіткнення бокове;порушення правил маневрування;2;легко травмований;без ушкоджень;;;;;;;;49.813059;23.978205;;;;;;;;;;;
2019-01-01;17:47:00;вівторок;місто;Львів;Сихівський;проспект;Червоної Калини, просп.;79;;наїзд на пішохода - пішохід рухався у попутному напрямку;порушення правил маневрування;2;без ушкоджень;легко травмований;;;;;;;;49.795405;24.056132;;;;;;;;;;;
2019-01-22;16:45:00;вівторок;місто;Львів;Галицький;вулиця;Саксаганського П.;12;;наїзд на пішохода - пішохід рухався у попутному напрямку;порушення правил маневрування;2;без ушкоджень;легко травмований;;;;;;;;49.834491;24.032882;;;;;;;;;;;
2019-01-24;19:49:00;четвер;місто;Львів;Шевченківський;вулиця;Шевченка Т.;358;;зіткнення лобове;порушення правил маневрування;3;без ушкоджень;легко травмований;легко травмований;;;;;;;49.86818;23.951982;;;;;;;;;;;
2019-02-02;13:01:00;субота;місто;Львів;Франківський;вулиця;Городоцька;209;;зіткнення з задньою частиною тз;перевищення безпечної швидкості, недодержання дистанції;3;без ушкоджень;без ушкоджень;легко травмований;;;;;;;49.833343;23.983541;;;;;;;;;;;
2019-01-04;20:11:00;п'ятниця;місто;Львів;Сихівський;вулиця;Морозна;21;;зіткнення лобове;порушення правил маневрування;2;без ушкоджень;легко травмований;;;;;;;;49.795741;24.067789;;;;;;;;;;;
2019-01-03;14:01:00;четвер;місто;Львів;Залізничний;вулиця;Городоцька;282А;;зіткнення лобове;перевищення безпечної швидкості, порушення правил обгону;3;легко травмований;легко травмований;без ушкоджень;;;;;;;49.824145;23.927842;;;;;;;;;;;
2019-02-05;16:01:00;вівторок;місто;Львів;Франківський;вулиця;Володимира Великого;35;;зіткнення лобове;перевищення безпечної швидкості, недодержання дистанції;3;без ушкоджень;без ушкоджень;легко травмований;;;;;;;49.80994;24.006886;;;;;;;;;;;
2019-01-15;9:55:00;вівторок;місто;Львів;Сихівський;вулиця;Антонича Б. - І.;24;;зіткнення лобове;перевищення безпечної швидкості, невиконання вимог сигналів регулювання;3;без ушкоджень;без ушкоджень;легко травмований;;;;;;;49.783294;24.068127;;;;;;;;;;;
2019-01-01;12:05:00;вівторок;місто;Львів;Залізничний;вулиця;Городоцька;231;;наїзд на інші види перешкод;перевищення безпечної швидкості;5;легко травмований;легко травмований;легко травмований;без ушкоджень;легко травмований;;;;;49.83199;23.975966;;;;;;;;;;;
2019-01-16;15:43:00;середа;місто;Львів;Сихівський;вулиця;Стрийська;51;;наїзд на пішохода - пішохід рухався у попутному напрямку;порушення правил маневрування;2;без ушкоджень;легко травмований;;;;;;;;49.800498;24.017782;;;;;;;;;;;
2019-01-18;14:55:00;п'ятниця;місто;Львів;Галицький;вулиця;Франка І.;69;;наїзд на пішохода - пішохід рухався у попутному напрямку;порушення правил проїзду пішохідних переходів;2;без ушкоджень;легко травмований;;;;;;;;49.8304;24.032347;;;;;;;;;;;
2019-01-03;17:30:00;четвер;місто;Львів;Сихівський;вулиця;Хоткевича Г.;24;;падіння пасажира;порушення правил маневрування;2;без ушкоджень;легко травмований;;;;;;;;49.79519;24.046739;;;;;;;;;;;
2019-01-19;21:20:00;субота;місто;Львів;Личаківський;вулиця;Личаківська;109;;наїзд на пішохода - пішохід рухався у попутному напрямку;порушення правил проїзду пішохідних переходів;2;без ушкоджень;легко травмований;;;;;;;;49.838432;24.055043;;;;;;;;;;;
2019-01-28;11:54:00;понеділок;місто;Львів;Сихівський;вулиця;Морозна;;;наїзд на пішохода - на нерегульованому пішохідному переході;порушення правил проїзду пішохідних переходів;2;без ушкоджень;легко травмований;;;;;;;;49.795338;24.068371;;;;;;;;;;;
2019-01-05;13:49:00;субота;місто;Львів;Галицький;вулиця;Городоцька;85;;зіткнення лобове;порушення правил маневрування, недодержання дистанції, перевищення безпечної швидкості;3;без ушкоджень;без ушкоджень;легко травмований;;;;;;;49.839615;24.010625;;;;;;;;;;;
2019-01-29;17:01:00;вівторок;місто;Львів;Галицький;вулиця;Городоцька;;;наїзд на пішохода - на нерегульованому пішохідному переході;порушення правил проїзду пішохідних переходів;2;без ушкоджень;легко травмований;;;;;;;;49.842397;24.017358;;;;;;;;;;;
2019-01-26;0:54:00;субота;місто;Львів;Залізничний;вулиця;Городоцька;;Скнилівський міст;зіткнення лобове;порушення правил маневрування;3;без ушкоджень;тяжко травмований;тяжко травмований;;;;;;;49.825105;23.937796;;;;;;;;;;;
2019-01-02;0:42:00;середа;місто;Львів;Франківський;вулиця;Чупринки Т., ген.;;Перехрестя вул. Чупринки Т., ген. - вул.  Горбачевського І.;зіткнення лобове;порушення правил маневрування;2;легко травмований;без ушкоджень;;;;;;;;49.830156;24.007734;;;;;;;;;;;
2019-01-10;17:03:00;четвер;місто;Львів;Франківський;вулиця;Городоцька;160;;наїзд на пішохода - пішохід рухався у попутному напрямку;порушення правил проїзду пішохідних переходів;2;без ушкоджень;легко травмований;;;;;;;;49.831893;23.975478;;;;;;;;;;;
2019-01-14;11:01:00;понеділок;місто;Львів;Личаківський;вулиця;Зелена;33;;падіння пасажира;порушення правил маневрування;5;без ушкоджень;без ушкоджень;легко травмований;легко травмований;легко травмований;;;;;49.830083;24.038778;;;;;;;;;;;
2019-01-10;23:10:00;четвер;місто;Львів;Залізничний;вулиця;Городоцька;239;;наїзд на інші види перешкод;перевищення безпечної швидкості;1;легко травмований;;;;;;;;;49.831633;23.973933;;;;;;;;;;;