accidentDate;accidentTime;accidentDay;settlementType;settlement;district;streetType;streetName;houseNumber;locationComments;accidentType;mainAccidentCause;totalParticipantsAmount;injuryStatusParticipant1;injuryStatusParticipant2;injuryStatusParticipant3;injuryStatusParticipant4;injuryStatusParticipant5;injuryStatusParticipant6;injuryStatusParticipant7;injuryStatusParticipant8;injuryStatusParticipant9;latitude;longitude;injuryStatusParticipant10;injuryStatusParticipant11;injuryStatusParticipant12;injuryStatusParticipant13;injuryStatusParticipant14;injuryStatusParticipant15;injuryStatusParticipant16;injuryStatusParticipant17;injuryStatusParticipant18;injuryStatusParticipant19;injuryStatusParticipant20
2019-01-02;14:07:00;середа;місто;Львів;Галицький;вулиця;Дорошенка П.;13;;наїзд на пішохода - пішохід рухався у попутному напрямку;порушення правил проїзду пішохідних переходів;2;без ушкоджень;легко травмований;;;;;;;;49.839817;24.026823;;;;;;;;;;;
2019-01-29;15:30:00;вівторок;місто;Винники;Личаківський;вулиця;Галицька;;;наїзд на пішохода - стояв на проїздній частині;порушення правил маневрування;2;без ушкоджень;легко травмований;;;;;;;;49.817469;24.145959;;;;;;;;;;;
2019-01-12;22:20:00;субота;місто;Львів;Залізничний;вулиця;Кульпарківська;230;;наїзд на пішохода - пішохід рухався у попутному напрямку;порушення правил проїзду пішохідних переходів;2;без ушкоджень;легко травмований;;;;;;;;49.802465;23.980601;;;;;;;;;;;
2019-01-17;15:20:00;четвер;місто;Львів;Личаківський;вулиця;Левицького К.;26;;наїзд на пішохода - пішохід рухався у попутному напрямку;порушення правил маневрування;2;без ушкоджень;легко травмований;;;;;;;;49.835024;24.038837;;;;;;;;;;;
2019-01-02;23:50:00;середа;місто;Львів;Шевченківський;вулиця;Промислова;;Перехрестя вул. Промислова - вул. Липинського В.;зіткнення бокове;порушення правил маневрування;2;без ушкоджень;легко травмований;;;;;;;;49.865202;24.044433;;;;;;;;;;;
2019-02-11;21:20:00;понеділок;місто;Львів;Личаківський;вулиця;Личаківська;71А;;наїзд на пішохода - пішохід рухався у попутному напрямку;порушення правил проїзду пішохідних переходів;2;без ушкоджень;легко травмований;;;;;;;;49.83983;24.049882;;;;;;;;;;;
2019-01-16;12:01:00;середа;місто;Львів;Залізничний;вулиця;Городоцька;300;;зіткнення бокове;порушення правил маневрування;3;без ушкоджень;без ушкоджень;легко травмований;;;;;;;49.821577;23.918336;;;;;;;;;;;
2019-01-02;10:20:00;середа;місто;Львів;Личаківський;вулиця;Богданівська;44;;наїзд на пішохода - пішохід рухався у попутному напрямку;порушення правил проїзду пішохідних переходів;2;без ушкоджень;тяжко травмований;;;;;;;;49.855534;24.075449;;;;;;;;;;;
2019-01-27;13:45:00;неділя;місто;Львів;Франківський;вулиця;Городоцька;160;;наїзд на пішохода - на регульованому пішохідному переході;порушення правил проїзду пішохідних переходів;2;без ушкоджень;легко травмований;;;;;;;;49.831934;23.975419;;;;;;;;;;;
2019-02-11;2:05:00;понеділок;місто;Львів;Залізничний;вулиця;Ярослава Мудрого;16;;наїзд на інші види перешкод;порушення правил маневрування;3;легко травмований;легко травмований;без ушкоджень;;;;;;;49.841567;24.010609;;;;;;;;;;;
2019-02-12;17:30:00;вівторок;місто;Львів;Залізничний;вулиця;Кульпарківська;226А;;зіткнення лобове;порушення правил проїзду перехресть;3;без ушкоджень;без ушкоджень;легко травмований;;;;;;;49.806897;23.979512;;;;;;;;;;;
2019-01-06;11:05:00;неділя;місто;Львів;Сихівський;проспект;Червоної Калини, просп.;85А;;наїзд на пішохода - пішохід рухався у попутному напрямку;перехід у невстановленому місці;2;без ушкоджень;тяжко травмований;;;;;;;;49.793428;24.059334;;;;;;;;;;;
2019-01-23;3:20:00;середа;місто;Львів;Франківський;вулиця;Городоцька;106;;наїзд на пішохода - пішохід рухався у попутному напрямку;порушення правил маневрування;2;без ушкоджень;тяжко травмований;;;;;;;;49.837052;24.003732;;;;;;;;;;;
2019-01-08;13:01:00;вівторок;місто;Львів;Галицький;вулиця;Шевченка Т.;;Пам'ятник Грушевському М.;наїзд на пішохода - пішохід рухався у попутному напрямку;порушення правил маневрування;2;без ушкоджень;легко травмований;;;;;;;;49.837249;24.031413;;;;;;;;;;;
2019-02-05;18:26:00;вівторок;місто;Львів;Шевченківський;проспект;Чорновола В., просп.;;;наїзд на пішохода - на нерегульованому пішохідному переході;порушення правил проїзду пішохідних переходів;2;без ушкоджень;легко травмований;;;;;;;;49.857402;24.022894;;;;;;;;;;;
2019-01-12;1:01:00;субота;місто;Львів;Личаківський;площа;Петрушевича Є., пл.;3;;наїзд на пішохода - пішохід переходив дорогу поза межами пішохідного переходу;перевищення безпечної швидкості;3;без ушкоджень;без ушкоджень;легко травмований;;;;;;;49.832536;24.035479;;;;;;;;;;;
2019-01-02;7:36:00;середа;місто;Львів;Франківський;вулиця;Антоновича В.;102;;наїзд на пішохода - пішохід рухався у попутному напрямку;порушення правил маневрування;2;без ушкоджень;помер у лікарні протягом 30 діб;;;;;;;;49.82874;23.996125;;;;;;;;;;;
2019-01-02;17:47:00;середа;місто;Львів;Личаківський;вулиця;Зелена;109;;падіння пасажира;порушення правил маневрування;2;без ушкоджень;легко травмований;;;;;;;;49.821293;24.055365;;;;;;;;;;;
2019-01-17;22:10:00;четвер;місто;Львів;Сихівський;вулиця;Зелена;202;;наїзд на пішохода - пішохід рухався у попутному напрямку;порушення правил маневрування;2;без ушкоджень;легко травмований;;;;;;;;49.811775;24.060909;;;;;;;;;;;
2019-01-08;19:59:00;вівторок;місто;Львів;Франківський;вулиця;Наукова;44;;зіткнення лобове;недодержання дистанції;4;без ушкоджень;легко травмований;без ушкоджень;легко травмований;;;;;;49.805083;23.99582;;;;;;;;;;;
2019-02-05;18:10:00;вівторок;місто;Львів;Шевченківський;вулиця;Промислова;50;;наїзд на пішохода - пішохід рухався у попутному напрямку;порушення правил маневрування;2;без ушкоджень;легко травмований;;;;;;;;49.861406;24.043804;;;;;;;;;;;
2019-02-23;9:55:00;субота;місто;Львів;Сихівський;вулиця;Луганська;;Перехрестя вул. Луганська - вул. Буйка П., проф.;зіткнення лобове;перевищення безпечної швидкості;3;легко травмований;без ушкоджень;без ушкоджень;;;;;;;49.809812;24.031177;;;;;;;;;;;
2019-02-21;10:45:00;четвер;місто;Львів;Франківський;вулиця;Володимира Великого;22;;падіння пасажира;порушення правил маневрування;2;без ушкоджень;легко травмований;;;;;;;;49.812185;23.997576;;;;;;;;;;;
2019-03-15;13:54:00;п'ятниця;місто;Львів;Залізничний;вулиця;Городоцька;116;;наїзд на пішохода - на регульованому пішохідному переході;порушення правил проїзду пішохідних переходів;2;без ушкоджень;легко травмований;;;;;;;;49.830689;23.968735;;;;;;;;;;;
2019-03-16;17:55:00;субота;місто;Львів;Франківський;вулиця;Стрийська;;Перехрестя вул. Стрийська -вул. Наукова;наїзд на велосипедиста - велосипедист рухався у попутному напрямку;порушення правил маневрування;2;без ушкоджень;легко травмований;;;;;;;;49.80189;24.017937;;;;;;;;;;;
2019-03-26;16:50:00;вівторок;місто;Львів;Франківський;вулиця;Наукова;25;;наїзд на пішохода - пішохід рухався у попутному напрямку;порушення правил маневрування;3;без ушкоджень;легко травмований;легко травмований;;;;;;;49.802452;23.992032;;;;;;;;;;;
2019-03-02;18:01:00;субота;місто;Львів;Шевченківський;вулиця;Миколайчука І.;9;;падіння пасажира;порушення правил маневрування;2;без ушкоджень;помер у лікарні протягом 30 діб;;;;;;;;49.874428;24.041455;;;;;;;;;;;
2019-03-05;19:02:00;вівторок;місто;Львів;Шевченківський;вулиця;Шевченка Т.;358;;наїзд на пішохода - пішохід рухався у попутному напрямку;порушення правил маневрування;2;без ушкоджень;легко травмований;;;;;;;;49.868142;23.952089;;;;;;;;;;;
2019-02-16;10:56:00;субота;місто;Львів;Личаківський;вулиця;Хмельницького Б.;179;;наїзд на пішохода - пішохід рухався у попутному напрямку;порушення правил маневрування;2;без ушкоджень;легко травмований;;;;;;;;49.856157;24.045698;;;;;;;;;;;
2019-03-31;21:10:00;неділя;місто;Львів;Личаківський;вулиця;Пасічна;;Перехрестя вул. Пасічна - вул. Личаківська;наїзд на пішохода - пішохід рухався у попутному напрямку;перехід у невстановленому місці;2;без ушкоджень;легко травмований;;;;;;;;49.836017;24.068406;;;;;;;;;;;
2019-03-12;17:01:00;вівторок;місто;Львів;Сихівський;вулиця;Угорська;12;;наїзд на пішохода - пішохід рухався у попутному напрямку;порушення правил маневрування;3;без ушкоджень;легко травмований;легко травмований;;;;;;;49.810563;24.045119;;;;;;;;;;;
2019-02-27;10:52:00;середа;місто;Львів;Личаківський;вулиця;Мечникова І.;33;;наїзд на пішохода - пішохід рухався у попутному напрямку;порушення правил маневрування;2;без ушкоджень;тяжко травмований;;;;;;;;49.831938;24.049544;;;;;;;;;;;
2019-03-09;17:14:00;субота;місто;Львів;Галицький;проспект;Чорновола В., просп.;;Перехрестя Чорновола В.,просп. - вул. Під Дубом;наїзд на велосипедиста - велосипедист рухався у попутному напрямку;порушення правил маневрування;2;без ушкоджень;легко травмований;;;;;;;;49.850553;24.024431;;;;;;;;;;;
2019-03-25;1:35:00;понеділок;місто;Львів;Франківський;вулиця;Городоцька;153;;зіткнення бокове;недодержання дистанції, керування транспортним засобом у нетверезому стані;2;легко травмований;без ушкоджень;;;;;;;;49.836332;24.000202;;;;;;;;;;;
2019-03-09;21:40:00;субота;місто;Львів;Франківський;вулиця;Володимира Великого;;Перехрестя вул. Володимира Великого - вул. Янева В.;зіткнення лобове;перевищення безпечної швидкості;5;легко травмований;без ушкоджень;без ушкоджень;легко травмований;легко травмований;;;;;49.808953;24.011714;;;;;;;;;;;
2019-02-07;11:30:00;четвер;місто;Львів;Сихівський;проспект;Червоної Калини, просп.;;;падіння пасажира;порушення правил маневрування;2;без ушкоджень;легко травмований;;;;;;;;49.795616;24.054608;;;;;;;;;;;
2019-02-01;9:15:00;п'ятниця;місто;Львів;Сихівський;вулиця;Стрийська;;;падіння пасажира;порушення правил маневрування;2;без ушкоджень;легко травмований;;;;;;;;49.775472;24.014204;;;;;;;;;;;
2019-02-13;12:01:00;середа;місто;Львів;Франківський;вулиця;Стрийська;;вул. Стрийська - вул. Наукова;падіння пасажира;порушення правил маневрування;1;легко травмований;;;;;;;;;49.802098;24.01783;;;;;;;;;;;
2019-03-31;20:25:00;неділя;місто;Львів;Галицький;вулиця;Під Дубом;13;;наїзд на пішохода - пішохід рухався у попутному напрямку;порушення правил маневрування;2;без ушкоджень;легко травмований;;;;;;;;49.850523;24.021515;;;;;;;;;;;
2019-03-30;19:30:00;субота;місто;Львів;Залізничний;вулиця;Широка;77;;наїзд на пішохода - пішохід рухався у попутному напрямку;порушення правил маневрування;3;без ушкоджень;легко травмований;легко травмований;;;;;;;49.841785;23.964738;;;;;;;;;;;
2019-03-22;14:03:00;п'ятниця;місто;Львів;Личаківський;вулиця;Хмельницького Б.;144;;падіння пасажира;порушення правил маневрування;2;без ушкоджень;легко травмований;;;;;;;;49.857177;24.046578;;;;;;;;;;;
2019-02-18;15:22:00;понеділок;місто;Львів;Залізничний;вулиця;Виговського І.;100;;наїзд на пішохода - пішохід рухався у попутному напрямку;порушення правил проїзду пішохідних переходів;2;без ушкоджень;легко травмований;;;;;;;;49.813055;23.977919;;;;;;;;;;;
2019-03-16;18:33:00;субота;місто;Львів;Франківський;вулиця;Кульпарківська;147;;наїзд на пішохода - пішохід рухався у попутному напрямку;порушення правил проїзду пішохідних переходів;2;без ушкоджень;легко травмований;;;;;;;;49.816544;23.986545;;;;;;;;;;;
2019-03-05;19:35:00;вівторок;місто;Львів;Шевченківський;вулиця;Винниця;22;;наїзд на пішохода - пішохід рухався у попутному напрямку;порушення правил маневрування;2;без ушкоджень;помер у лікарні протягом 30 діб;;;;;;;;49.862153;23.997805;;;;;;;;;;;
2019-03-11;12:49:00;понеділок;місто;Львів;Личаківський;вулиця;Зелена;;вул. Зелена - вул. Франка І.;падіння пасажира;порушення правил маневрування;2;без ушкоджень;легко травмований;;;;;;;;49.834578;24.034953;;;;;;;;;;;
2019-02-14;11:20:00;четвер;місто;Львів;Личаківський;вулиця;Богданівська;135;;зіткнення бокове;порушення правил обгону;2;без ушкоджень;легко травмований;;;;;;;;49.850824;24.079721;;;;;;;;;;;
2019-03-23;22:15:00;субота;місто;Львів;Галицький;вулиця;Тарнавського М., ген.;109;;зіткнення лобове;перевищення безпечної швидкості;2;без ушкоджень;легко травмований;;;;;;;;49.826875;24.042517;;;;;;;;;;;
2019-02-21;8:19:00;четвер;місто;Львів;Галицький;вулиця;Устияновича М.;14;;наїзд на велосипедиста - велосипедист рухався у попутному напрямку;порушення правил маневрування;2;без ушкоджень;легко травмований;;;;;;;;49.836225;24.016151;;;;;;;;;;;
2019-03-31;21:05:00;неділя;місто;Львів;Галицький;вулиця;Торгова;2;;наїзд на пішохода - пішохід рухався у попутному напрямку;невиконання вимог сигналів регулювання;2;без ушкоджень;легко травмований;;;;;;;;49.844682;24.027062;;;;;;;;;;;
2019-02-22;8:45:00;п'ятниця;місто;Львів;Сихівський;вулиця;Кавалерідзе І.;9;;наїзд на пішохода - пішохід рухався у попутному напрямку;порушення правил маневрування;3;без ушкоджень;без ушкоджень;легко травмований;;;;;;;49.792488;24.065789;;;;;;;;;;;
2019-03-28;14:28:00;четвер;місто;Львів;Шевченківський;вулиця;Шевченка Т.;384;;наїзд на пішохода - пішохід рухався у попутному напрямку;невиконання вимог сигналів регулювання;2;без ушкоджень;легко травмований;;;;;;;;49.870632;23.94607;;;;;;;;;;;
2019-03-29;14:53:00;п'ятниця;місто;Львів;Личаківський;вулиця;Кукурудзяна;4;;зіткнення бокове;перевищення безпечної швидкості, недодержання дистанції;2;без ушкоджень;легко травмований;;;;;;;;49.862596;24.058653;;;;;;;;;;;
2019-03-16;20:40:00;субота;місто;Львів;Шевченківський;вулиця;Бетховена Л.;;Перехрестя вул. Бетховена Л. - вул. Липинського В.;наїзд на пішохода - пішохід рухався у попутному напрямку;порушення правил проїзду пішохідних переходів;2;легко травмований;тяжко травмований;;;;;;;;49.863571;24.033269;;;;;;;;;;;
2019-03-11;14:20:00;понеділок;місто;Львів;Галицький;проспект;Свободи, просп.;49;;наїзд на пішохода - пішохід рухався у попутному напрямку;порушення правил маневрування;2;без ушкоджень;помер у лікарні протягом 30 діб;;;;;;;;49.844099;24.025732;;;;;;;;;;;
2019-03-19;10:35:00;вівторок;місто;Львів;Шевченківський;вулиця;Мазепи І., гетьм.;1Б;;падіння пасажира;порушення правил маневрування;2;без ушкоджень;легко травмований;;;;;;;;49.871164;24.035811;;;;;;;;;;;
2019-03-19;21:30:00;вівторок;місто;Львів;Франківський;вулиця;Княгині Ольги;100Г;;зіткнення лобове;порушення правил проїзду перехресть;2;без ушкоджень;легко травмований;;;;;;;;49.811494;23.999838;;;;;;;;;;;
2019-03-08;19:15:00;п'ятниця;місто;Львів;Франківський;вулиця;Кульпарківська;20;;зіткнення лобове;порушення правил маневрування;4;без ушкоджень;легко травмований;легко травмований;без ушкоджень;;;;;;49.832599;23.99075;;;;;;;;;;;
2019-02-25;12:01:00;понеділок;місто;Львів;Шевченківський;вулиця;Шевченка Т.;180-200;;наїзд на інші види перешкод;перевищення безпечної швидкості, недодержання дистанції;1;легко травмований;;;;;;;;;49.858294;23.974582;;;;;;;;;;;
2019-03-24;17:55:00;неділя;місто;Львів;Франківський;вулиця;Княгині Ольги;1;;падіння пасажира;порушення правил маневрування;2;без ушкоджень;тяжко травмований;;;;;;;;49.825318;24.008834;;;;;;;;;;;
2019-03-11;19:15:00;понеділок;місто;Львів;Франківський;вулиця;Княгині Ольги;;Перехрестя вул. Княгині Ольги - вул. Сахарова А.,акад.;наїзд на пішохода - пішохід рухався у попутному напрямку;порушення правил маневрування;2;без ушкоджень;легко травмований;;;;;;;;49.826716;24.010363;;;;;;;;;;;
2019-03-28;20:16:00;четвер;місто;Львів;Залізничний;вулиця;Кульпарківська;11;;наїзд на пішохода - пішохід рухався у попутному напрямку;порушення правил маневрування;3;без ушкоджень;без ушкоджень;тяжко травмований;;;;;;;49.815939;23.982291;;;;;;;;;;;
2019-03-26;20:27:00;вівторок;місто;Львів;Галицький;вулиця;Городоцька;105;;наїзд на пішохода - пішохід рухався у попутному напрямку;порушення правил проїзду пішохідних переходів;2;без ушкоджень;легко травмований;;;;;;;;49.838344;24.008051;;;;;;;;;;;
2019-03-14;19:01:00;четвер;місто;Львів;Сихівський;вулиця;Мирного Панаса;1;;наїзд на пішохода - пішохід рухався у попутному напрямку;порушення правил маневрування;2;без ушкоджень;легко травмований;;;;;;;;49.816856;24.026252;;;;;;;;;;;
2019-03-27;19:20:00;середа;місто;Львів;Галицький;вулиця;Драгоманова М.;1;;наїзд на пішохода - пішохід рухався у попутному напрямку;порушення правил маневрування;2;без ушкоджень;легко травмований;;;;;;;;49.834934;24.031654;;;;;;;;;;;
2019-03-29;12:29:00;п'ятниця;місто;Львів;Залізничний;вулиця;Кульпарківська;226;;зіткнення лобове;виїзд на смугу зустрічного руху;3;без ушкоджень;легко травмований;без ушкоджень;;;;;;;49.805477;23.981009;;;;;;;;;;;
2019-03-17;15:30:00;неділя;місто;Львів;Галицький;вулиця;Стуса В.;18А;;зіткнення бокове;перевищення безпечної швидкості, недодержання дистанції;3;без ушкоджень;без ушкоджень;легко травмований;;;;;;;49.821072;24.039695;;;;;;;;;;;
2019-03-03;22:10:00;неділя;місто;Львів;Шевченківський;вулиця;Шевченка Т.;300;;падіння пасажира;порушення правил маневрування;2;без ушкоджень;легко травмований;;;;;;;;49.863391;23.962308;;;;;;;;;;;
2019-03-26;16:32:00;вівторок;місто;Львів;Шевченківський;вулиця;Шевченка Т.;388;;наїзд на пішохода - пішохід рухався у попутному напрямку;порушення правил маневрування;2;без ушкоджень;помер на місці дтп;;;;;;;;49.871303;23.944407;;;;;;;;;;;
2019-03-27;16:01:00;середа;місто;Львів;Сихівський;вулиця;Демнянська;26;;зіткнення лобове;порушення правил маневрування;2;без ушкоджень;легко травмований;;;;;;;;49.798279;24.026826;;;;;;;;;;;
2019-03-10;0:09:00;неділя;місто;Львів;Шевченківський;проспект;Чорновола В., просп.;46;;наїзд на пішохода - пішохід рухався у попутному напрямку;порушення правил маневрування, перевищення безпечної швидкості, порушення правил проїзду пішохідних переходів;3;легко травмований;без ушкоджень;легко травмований;;;;;;;49.855053;24.022406;;;;;;;;;;;
2019-03-28;21:40:00;четвер;місто;Львів;Галицький;проспект;Чорновола В., просп.;7;;наїзд на пішохода - пішохід рухався у попутному напрямку;неочікуваний вихід на проїзну частину, перехід у невстановленому місці;2;без ушкоджень;легко травмований;;;;;;;;49.845806;24.025033;;;;;;;;;;;
2019-02-24;18:38:00;неділя;місто;Львів;Шевченківський;вулиця;Липинського В.;;Перехрестя вул. Липинського В. - вул. Миколайчука І.;наїзд на пішохода - пішохід рухався у попутному напрямку;перехід у невстановленому місці;2;без ушкоджень;легко травмований;;;;;;;;49.865252;24.044352;;;;;;;;;;;
2019-03-12;10:36:00;вівторок;місто;Львів;Сихівський;вулиця;Хуторівка;;;наїзд на пішохода - пішохід рухався у попутному напрямку;порушення правил маневрування;2;без ушкоджень;легко травмований;;;;;;;;49.80027;24.032593;;;;;;;;;;;
2019-03-07;18:12:00;четвер;місто;Львів;Галицький;вулиця;Куліша П.;11;;наїзд на пішохода - на нерегульованому пішохідному переході;перехід у невстановленому місці;2;без ушкоджень;легко травмований;;;;;;;;49.845881;24.024128;;;;;;;;;;;
2019-03-12;9:05:00;вівторок;місто;Львів;Галицький;вулиця;Дорошенка П.;;Перехрестя вул. Дорошенка П. - вул. Свободи, просп.;наїзд на пішохода - пішохід рухався у попутному напрямку;порушення правил маневрування;2;без ушкоджень;легко травмований;;;;;;;;49.840515;24.027851;;;;;;;;;;;
2019-02-26;9:34:00;вівторок;місто;Львів;Галицький;площа;Князя Ярослава Осмомисла, пл.;;Перехрестя Князя Ярослава Осмомисла, пл. - вул. Хмельницького Б.;наїзд на пішохода - пішохід рухався у попутному напрямку;порушення правил маневрування;2;без ушкоджень;легко травмований;;;;;;;;49.84477;24.029245;;;;;;;;;;;
2019-03-31;11:30:00;неділя;місто;Львів;Личаківський;вулиця;Богданівська;44;;зіткнення лобове;порушення правил маневрування;3;без ушкоджень;без ушкоджень;легко травмований;;;;;;;49.855738;24.075277;;;;;;;;;;;
2019-03-24;10:30:00;неділя;місто;Львів;Галицький;вулиця;Наливайка С.;20;;падіння пасажира;порушення правил маневрування;2;без ушкоджень;легко травмований;;;;;;;;49.843217;24.023618;;;;;;;;;;;
2019-03-01;22:51:00;п'ятниця;місто;Львів;Франківський;вулиця;Городоцька;174;;наїзд на пішохода - пішохід рухався у попутному напрямку;перехід у невстановленому місці;2;без ушкоджень;тяжко травмований;;;;;;;;49.835581;23.996077;;;;;;;;;;;
2019-03-18;5:45:00;понеділок;місто;Львів;Залізничний;вулиця;Городоцька;;Перехрестя вул. Городоцька - вул. Ряшівська;наїзд на транспортний засіб, що стоїть - по ходу руху;недодержання дистанції, керування транспортним засобом у нетверезому стані;3;без ушкоджень;легко травмований;легко травмований;;;;;;;49.828133;23.954608;;;;;;;;;;;
2019-02-22;12:31:00;п'ятниця;місто;Львів;Франківський;вулиця;Княгині Ольги;59;;наїзд на пішохода - на регульованому пішохідному переході;порушення правил маневрування;2;без ушкоджень;тяжко травмований;;;;;;;;49.811463;24.000294;;;;;;;;;;;
2019-02-26;11:31:00;вівторок;місто;Львів;Шевченківський;вулиця;Шевченка Т.;10;;наїзд на пішохода - на регульованому пішохідному переході;порушення правил маневрування;2;без ушкоджень;легко травмований;;;;;;;;49.842733;24.017766;;;;;;;;;;;
2019-03-29;18:59:00;п'ятниця;місто;Львів;Шевченківський;вулиця;Липинського В.;;Перехрестя вул. Липинського В. - вул. Замарстинівська;наїзд на пішохода - пішохід рухався у попутному напрямку;порушення правил маневрування;2;без ушкоджень;легко травмований;;;;;;;;49.860077;24.027198;;;;;;;;;;;
2019-03-19;9:30:00;вівторок;місто;Львів;Шевченківський;проспект;Чорновола В., просп.;45;;зіткнення бокове;перевищення безпечної швидкості, недодержання дистанції;4;без ушкоджень;без ушкоджень;без ушкоджень;легко травмований;;;;;;49.854966;24.0211;;;;;;;;;;;
2019-03-28;20:01:00;четвер;місто;Львів;Галицький;вулиця;Університетська;1;;наїзд на пішохода - пішохід рухався у попутному напрямку;порушення правил маневрування;2;без ушкоджень;легко травмований;;;;;;;;49.840031;24.021939;;;;;;;;;;;
2019-03-22;12:05:00;п'ятниця;місто;Львів;Сихівський;вулиця;Хуторівка;4Б;;наїзд на пішохода - стояв на проїздній частині;перевищення безпечної швидкості;2;легко травмований;без ушкоджень;;;;;;;;49.79974;24.026622;;;;;;;;;;;
2019-03-28;8:44:00;четвер;місто;Львів;Залізничний;вулиця;Виговського І.;55;;наїзд на пішохода - пішохід рухався у попутному напрямку;перехід у невстановленому місці;2;без ушкоджень;тяжко травмований;;;;;;;;49.815018;23.974373;;;;;;;;;;;
2019-03-22;8:01:00;п'ятниця;місто;Львів;Личаківський;вулиця;Личаківська;64;;наїзд на пішохода - пішохід рухався у попутному напрямку;порушення правил проїзду пішохідних переходів;2;без ушкоджень;легко травмований;;;;;;;;49.839726;24.050285;;;;;;;;;;;
2019-03-28;0:02:00;четвер;місто;Львів;Галицький;вулиця;Городоцька;90;;наїзд на пішохода - пішохід рухався у попутному напрямку;порушення правил маневрування;2;без ушкоджень;помер на місці дтп;;;;;;;;49.837796;24.005942;;;;;;;;;;;
2019-03-23;14:23:00;субота;місто;Львів;Личаківський;вулиця;Личаківська;77;;наїзд на пішохода - пішохід рухався у попутному напрямку;порушення правил проїзду пішохідних переходів;2;без ушкоджень;легко травмований;;;;;;;;49.839771;24.050097;;;;;;;;;;;
2019-03-10;7:40:00;неділя;місто;Львів;Залізничний;вулиця;Городоцька;219;;зіткнення лобове;порушення правил маневрування;4;без ушкоджень;без ушкоджень;без ушкоджень;легко травмований;;;;;;49.832741;23.980172;;;;;;;;;;;
2019-03-23;21:50:00;субота;місто;Львів;Шевченківський;вулиця;Шевченка Т.;386;;зіткнення лобове;порушення правил проїзду перехресть;7;легко травмований;легко травмований;легко травмований;легко травмований;легко травмований;легко травмований;легко травмований;;;49.870971;23.945292;;;;;;;;;;;
2019-03-13;12:01:00;середа;місто;Львів;Галицький;вулиця;Гладишевського Є.;8;;наїзд на пішохода - пішохід рухався у попутному напрямку;порушення правил маневрування;2;без ушкоджень;легко травмований;;;;;;;;49.830837;24.030586;;;;;;;;;;;
2019-02-22;20:45:00;п'ятниця;місто;Львів;Личаківський;вулиця;Медової Печери;36;;наїзд на пішохода - пішохід рухався у попутному напрямку;порушення правил маневрування;2;без ушкоджень;легко травмований;;;;;;;;49.823916;24.081237;;;;;;;;;;;
2019-03-24;21:20:00;неділя;місто;Львів;Франківський;вулиця;Володимира Великого;;Перехрестя вул. Володимира Великого -  вул. Стрийська;зіткнення лобове;перевищення безпечної швидкості, недодержання дистанції;4;легко травмований;без ушкоджень;без ушкоджень;легко травмований;;;;;;49.80815;24.01916;;;;;;;;;;;
2019-02-13;9:40:00;середа;місто;Львів;Франківський;вулиця;Городоцька;112;;наїзд на пішохода - пішохід рухався у попутному напрямку;порушення правил маневрування;2;без ушкоджень;легко травмований;;;;;;;;49.836782;24.002799;;;;;;;;;;;
2019-02-19;9:41:00;вівторок;місто;Львів;Шевченківський;вулиця;Грінченка Б.;6Б;;наїзд на пішохода - пішохід рухався у попутному напрямку;порушення правил маневрування;2;без ушкоджень;легко травмований;;;;;;;;49.873017;24.050837;;;;;;;;;;;
2019-02-09;22:01:00;субота;місто;Львів;Шевченківський;вулиця;Біберовича І.;;вул. Біберовича І. - вул. Шевченка Т.;наїзд на пішохода - на регульованому пішохідному переході;порушення правил маневрування;2;без ушкоджень;легко травмований;;;;;;;;49.862928;23.963284;;;;;;;;;;;
2019-03-01;8:40:00;п'ятниця;місто;Львів;Франківський;вулиця;Гіпсова;56;;наїзд на велосипедиста - велосипедист рухався у попутному напрямку;порушення правил маневрування;2;без ушкоджень;легко травмований;;;;;;;;49.825189;23.992357;;;;;;;;;;;
2019-02-21;18:15:00;четвер;місто;Львів;Шевченківський;вулиця;Ожинова;1;;наїзд на пішохода - пішохід рухався у попутному напрямку;порушення правил маневрування;2;без ушкоджень;легко травмований;;;;;;;;49.866465;23.96204;;;;;;;;;;;
2019-03-26;14:01:00;вівторок;місто;Львів;Залізничний;вулиця;Городоцька;226;;наїзд на пішохода - пішохід рухався у попутному напрямку;порушення правил маневрування;2;без ушкоджень;легко травмований;;;;;;;;49.827308;23.949648;;;;;;;;;;;
2019-03-23;20:01:00;субота;місто;Львів;Франківський;вулиця;Городоцька;179;;наїзд на пішохода - пішохід рухався у попутному напрямку;перевищення безпечної швидкості;2;без ушкоджень;легко травмований;;;;;;;;49.835028;23.995059;;;;;;;;;;;
2019-02-22;13:01:00;п'ятниця;місто;Львів;Сихівський;вулиця;Хуторівка;;;наїзд на пішохода - на регульованому пішохідному переході;порушення правил маневрування;2;без ушкоджень;легко травмований;;;;;;;;49.800021;24.038086;;;;;;;;;;;
2019-03-07;21:48:00;четвер;місто;Львів;Личаківський;вулиця;Левицького К.;25А;;зіткнення лобове;порушення правил маневрування, недодержання дистанції;3;легко травмований;без ушкоджень;без ушкоджень;;;;;;;49.835076;24.038858;;;;;;;;;;;