accidentDate;accidentTime;accidentDay;settlementType;settlement;district;streetType;streetName;houseNumber;locationComments;accidentType;mainAccidentCause;totalParticipantsAmount;injuryStatusParticipant1;injuryStatusParticipant2;injuryStatusParticipant3;injuryStatusParticipant4;injuryStatusParticipant5;injuryStatusParticipant6;injuryStatusParticipant7;injuryStatusParticipant8;injuryStatusParticipant9;latitude;longitude;injuryStatusParticipant10;injuryStatusParticipant11;injuryStatusParticipant12;injuryStatusParticipant13;injuryStatusParticipant14;injuryStatusParticipant15;injuryStatusParticipant16;injuryStatusParticipant17;injuryStatusParticipant18;injuryStatusParticipant19;injuryStatusParticipant20
2019-07-13;21:22:00;субота;місто;Львів;Сихівський;вулиця;Стрийська;109;;зіткнення лобове;перехід у невстановленому місці;2;без ушкоджень;легко травмований;;;;;;;;49.786501;24.017617;;;;;;;;;;;
2019-06-25;10:24:00;вівторок;місто;Львів;Франківський;вулиця;Наукова;35;;зіткнення лобове;невиконання вимог сигналів регулювання;5;легко травмований;без ушкоджень;без ушкоджень;легко травмований;легко травмований;;;;;49.804511;23.99177;;;;;;;;;;;
2019-07-16;22:02:00;вівторок;місто;Львів;Сихівський;вулиця;Мирного Панаса;;Перехрестя вул. Мирного Панаса - вул. Ярославенка Я.;наїзд на велосипедиста - велосипедист рухався у попутному напрямку;недодержання дистанції;2;без ушкоджень;легко травмований;;;;;;;;49.815059;24.032207;;;;;;;;;;;
2019-06-30;20:30:00;неділя;місто;Львів;Залізничний;вулиця;Городоцька;355;;наїзд на велосипедиста - велосипедист рухався у попутному напрямку;недодержання дистанції;2;без ушкоджень;легко травмований;;;;;;;;49.822664;23.92539;;;;;;;;;;;
2019-06-28;14:15:00;п'ятниця;місто;Львів;Залізничний;вулиця;Городоцька;;Автотранс;наїзд на велосипедиста - велосипедист рухався у попутному напрямку;порушення правил маневрування;2;без ушкоджень;легко травмований;;;;;;;;49.830633;23.967941;;;;;;;;;;;
2019-07-18;12:30:00;четвер;місто;Львів;Шевченківський;вулиця;Шевченка Т.;323;;зіткнення лобове;порушення правил обгону;2;без ушкоджень;легко травмований;;;;;;;;49.8718;23.928974;;;;;;;;;;;
2019-07-19;21:08:00;п'ятниця;місто;Львів;Галицький;вулиця;Коперника М.;7;;наїзд на пішохода - пішохід переходив дорогу поза межами пішохідного переходу;перехід у невстановленому місці;2;без ушкоджень;легко травмований;;;;;;;;49.838868;24.027518;;;;;;;;;;;
2019-07-03;23:56:00;середа;місто;Львів;Франківський;вулиця;Стрийська;100;;наїзд на інші види перешкод;перевищення безпечної швидкості;3;легко травмований;без ушкоджень;легко травмований;;;;;;;49.811372;24.019525;;;;;;;;;;;
2019-06-26;10:30:00;середа;місто;Львів;Залізничний;вулиця;Петлюри С.;37;;наїзд на пішохода - пішохід рухався у попутному напрямку;порушення правил маневрування, порушення правил проїзду пішохідних переходів;2;без ушкоджень;легко травмований;;;;;;;;49.819369;23.981105;;;;;;;;;;;
2019-06-17;8:55:00;понеділок;місто;Львів;Личаківський;вулиця;Каштанова;;;наїзд на дерево;порушення правил маневрування;1;легко травмований;;;;;;;;;49.82337;24.078904;;;;;;;;;;;
2019-06-26;8:10:00;середа;місто;Львів;Галицький;проспект;Чорновола В., просп.;39;;наїзд на інші види перешкод;порушення правил маневрування;1;легко травмований;;;;;;;;;49.849101;24.025394;;;;;;;;;;;
2019-07-22;18:40:00;понеділок;місто;Львів;Франківський;вулиця;Стрийська;;Перехрестя вул. Стрийська - вул. Наукова;зіткнення лобове;перевищення безпечної швидкості, недодержання дистанції;2;без ушкоджень;легко травмований;;;;;;;;49.801932;24.017916;;;;;;;;;;;
2019-07-09;10:01:00;вівторок;місто;Львів;Галицький;вулиця;Городоцька;116;;наїзд на пішохода - пішохід рухався у попутному напрямку;неочікуваний вихід на проїзну частину;2;без ушкоджень;легко травмований;;;;;;;;49.837955;24.006425;;;;;;;;;;;
2019-07-05;13:01:00;п'ятниця;місто;Львів;Залізничний;вулиця;Петлюри С.;34В;;наїзд на велосипедиста - велосипедист рухався у попутному напрямку;порушення правил маневрування;2;без ушкоджень;легко травмований;;;;;;;;49.816932;23.98228;;;;;;;;;;;
2019-07-23;13:05:00;вівторок;місто;Львів;Франківський;вулиця;Наукова; 7Д;;зіткнення лобове;порушення правил маневрування;2;без ушкоджень;легко травмований;;;;;;;;49.802669;24.003571;;;;;;;;;;;
2019-07-09;18:20:00;вівторок;місто;Львів;Шевченківський;вулиця;Чигиринська;13;;зіткнення лобове;порушення правил маневрування, перевищення безпечної швидкості;2;без ушкоджень;легко травмований;;;;;;;;49.868872;24.05287;;;;;;;;;;;
2019-07-24;18:45:00;середа;місто;Львів;Шевченківський;вулиця;Хвильового М.;14;;наїзд на пішохода - пішохід рухався у попутному напрямку;порушення правил маневрування;2;без ушкоджень;легко травмований;;;;;;;;49.86853;24.032496;;;;;;;;;;;
2019-08-04;16:28:00;неділя;місто;Львів;Залізничний;вулиця;Сяйво;23;;зіткнення лобове;перевищення безпечної швидкості, недодержання дистанції;2;без ушкоджень;легко травмований;;;;;;;;49.837169;23.976915;;;;;;;;;;;
2019-07-19;15:05:00;п'ятниця;місто;Львів;Личаківський;вулиця;Личаківська;;Перехрестя вул. Личаківська - вул. Мечнікова;наїзд на пішохода - пішохід рухався у попутному напрямку;порушення правил проїзду перехресть;2;без ушкоджень;легко травмований;;;;;;;;49.838474;24.055198;;;;;;;;;;;
2019-07-10;15:24:00;середа;місто;Львів;Сихівський;проспект;Червоної Калини, просп.;85А;;наїзд на пішохода - пішохід рухався у попутному напрямку;порушення правил маневрування;2;без ушкоджень;легко травмований;;;;;;;;49.793317;24.058637;;;;;;;;;;;
2019-07-27;20:25:00;субота;місто;Львів;Шевченківський;вулиця;Промислова;;Перехрестя вул. Промислова - вул. Рогатка;зіткнення лобове;порушення правил маневрування;5;без ушкоджень;легко травмований;легко травмований;легко травмований;легко травмований;;;;;49.863276;24.044442;;;;;;;;;;;
2019-06-25;17:05:00;вівторок;місто;Львів;Франківський;вулиця;Городоцька;128;;наїзд на велосипедиста - велосипедист рухався у попутному напрямку;порушення правил маневрування;2;без ушкоджень;легко травмований;;;;;;;;49.834558;23.990041;;;;;;;;;;;
2019-07-29;13:51:00;понеділок;місто;Львів;Шевченківський;вулиця;Шевченка Т.;;;зіткнення лобове;порушення правил маневрування;3;легко травмований;легко травмований;легко травмований;;;;;;;49.861891;23.965902;;;;;;;;;;;
2019-07-27;22:01:00;субота;місто;Львів;Залізничний;вулиця;Кульпарківська;;Перехрестя вул. Кульпарківська - вул. Петлюри С.;зіткнення лобове;порушення правил маневрування, порушення правил проїзду перехресть;3;без ушкоджень;без ушкоджень;легко травмований;;;;;;;49.816153;23.985643;;;;;;;;;;;
2019-07-26;21:01:00;п'ятниця;місто;Львів;Залізничний;вулиця;Городоцька;126;;наїзд на пішохода - пішохід рухався у попутному напрямку;порушення правил маневрування;2;без ушкоджень;легко травмований;;;;;;;;49.834965;23.991067;;;;;;;;;;;
2019-07-15;18:05:00;понеділок;місто;Львів;Франківський;вулиця;Кульпарківська;;Перехрестя Кульпарківська - Перфецького Л.;зіткнення бокове;порушення правил маневрування;4;легко травмований;без ушкоджень;без ушкоджень;легко травмований;;;;;;49.814844;23.988611;;;;;;;;;;;
2019-07-29;12:52:00;понеділок;місто;Львів;Шевченківський;проспект;Чорновола В., просп.;45;;зіткнення лобове;порушення правил маневрування;2;легко травмований;без ушкоджень;;;;;;;;49.852788;24.023463;;;;;;;;;;;
2019-07-10;14:01:00;середа;місто;Львів;Галицький;вулиця;Городоцька;98;;наїзд на пішохода - пішохід рухався у попутному напрямку;порушення правил маневрування;2;без ушкоджень;легко травмований;;;;;;;;49.837339;24.004601;;;;;;;;;;;
2019-07-25;9:20:00;четвер;місто;Львів;Сихівський;вулиця;Сихівська;14;;падіння пасажира;порушення правил проїзду зупинок громадського транспорту;2;без ушкоджень;легко травмований;;;;;;;;49.795633;24.063626;;;;;;;;;;;
2019-07-13;5:15:00;субота;місто;Львів;Залізничний;вулиця;Городоцька;280;;наїзд на інші види перешкод;порушення правил маневрування;2;помер на місці дтп;легко травмований;;;;;;;;49.824349;23.926147;;;;;;;;;;;
2019-06-30;0:38:00;неділя;місто;Львів;Шевченківський;проспект;Чорновола В., просп.;46;;зіткнення лобове;недодержання дистанції;4;без ушкоджень;без ушкоджень;легко травмований;легко травмований;;;;;;49.855092;24.022374;;;;;;;;;;;
2019-07-02;16:50:00;вівторок;місто;Львів;Галицький;проспект;Свободи, просп.;5;;наїзд на пішохода - пішохід рухався у попутному напрямку;порушення правил маневрування;2;без ушкоджень;помер у лікарні протягом 30 діб;;;;;;;;49.840204;24.02813;;;;;;;;;;;
2019-07-12;16:40:00;п'ятниця;місто;Львів;Галицький;проспект;Свободи, просп.;;;зіткнення лобове;невиконання вимог сигналів регулювання;2;легко травмований;без ушкоджень;;;;;;;;49.842162;24.026778;;;;;;;;;;;
2019-07-17;18:41:00;середа;місто;Львів;Франківський;вулиця;Наукова;47;;падіння пасажира;порушення правил маневрування;2;без ушкоджень;легко травмований;;;;;;;;49.803992;23.990282;;;;;;;;;;;
2019-06-27;19:40:00;четвер;місто;Львів;Галицький;вулиця;Дудаєва Дж.;17;;наїзд на пішохода - пішохід рухався у попутному напрямку;порушення правил маневрування;2;без ушкоджень;легко травмований;;;;;;;;49.836152;24.028977;;;;;;;;;;;
2019-07-29;20:45:00;понеділок;місто;Львів;Сихівський;вулиця;Зелена;313;;наїзд на інші види перешкод;недодержання дистанції;2;легко травмований;легко травмований;;;;;;;;49.796776;24.072697;;;;;;;;;;;
2019-07-23;8:45:00;вівторок;місто;Львів;Сихівський;вулиця;Простора;;;наїзд на велосипедиста - велосипедист рухався у попутному напрямку;порушення правил маневрування;2;без ушкоджень;легко травмований;;;;;;;;49.800301;24.070584;;;;;;;;;;;
2019-07-12;11:35:00;п'ятниця;місто;Львів;Личаківський;вулиця;Богданівська;44;;зіткнення лобове;порушення правил маневрування;4;без ушкоджень;без ушкоджень;без ушкоджень;легко травмований;;;;;;49.855915;24.075159;;;;;;;;;;;
2019-06-27;13:56:00;четвер;місто;Львів;Франківський;вулиця;Володимира Великого;47;;падіння пасажира;порушення правил маневрування;2;без ушкоджень;легко травмований;;;;;;;;49.806772;24.004982;;;;;;;;;;;
2019-08-02;15:01:00;п'ятниця;місто;Львів;Шевченківський;вулиця;Шевченка Т.; 154 Б;;зіткнення лобове;порушення правил маневрування;2;легко травмований;без ушкоджень;;;;;;;;49.854293;23.986765;;;;;;;;;;;
2019-06-27;17:30:00;четвер;місто;Львів;Галицький;проспект;Свободи, просп.;6;;наїзд на велосипедиста - велосипедист рухався у попутному напрямку;порушення правил маневрування;2;без ушкоджень;легко травмований;;;;;;;;49.840041;24.029176;;;;;;;;;;;
2019-07-08;16:25:00;понеділок;місто;Львів;Галицький;вулиця;Франка І.;4;;наїзд на пішохода - пішохід рухався у попутному напрямку;порушення правил маневрування;2;без ушкоджень;легко травмований;;;;;;;;49.837609;24.034969;;;;;;;;;;;
2019-07-25;7:50:00;четвер;місто;Львів;Личаківський;вулиця;Франка І.;35;;наїзд на пішохода - на нерегульованому пішохідному переході;порушення правил проїзду пішохідних переходів;2;без ушкоджень;легко травмований;;;;;;;;49.833917;24.034384;;;;;;;;;;;
2019-07-08;10:20:00;понеділок;місто;Львів;Франківський;вулиця;Володимира Великого;51;;падіння пасажира;порушення правил маневрування;2;без ушкоджень;легко травмований;;;;;;;;49.810189;24.002236;;;;;;;;;;;
2019-08-02;16:20:00;п'ятниця;місто;Львів;Франківський;вулиця;Чмоли І.;;Перехрестя вул. Чмоли І. - вул. Стрийська;зіткнення лобове;перевищення безпечної швидкості, недодержання дистанції;4;без ушкоджень;без ушкоджень;без ушкоджень;легко травмований;;;;;;49.814699;24.01975;;;;;;;;;;;
2019-07-26;14:05:00;п'ятниця;місто;Львів;Личаківський;вулиця;Хмельницького Б.;188;;наїзд на пішохода - пішохід рухався у попутному напрямку;порушення правил маневрування;2;без ушкоджень;легко травмований;;;;;;;;49.86289;24.052237;;;;;;;;;;;
2019-08-03;4:30:00;субота;місто;Львів;Франківський;вулиця;Мельника А.; 16А;;наїзд на пішохода - пішохід рухався у попутному напрямку;перехід у невстановленому місці;2;легко травмований;без ушкоджень;;;;;;;;49.830495;24.003925;;;;;;;;;;;
2019-06-29;20:32:00;субота;місто;Львів;Залізничний;вулиця;Сяйво;11;;наїзд на інші види перешкод;перевищення безпечної швидкості, недодержання дистанції;1;легко травмований;;;;;;;;;49.836221;23.97683;;;;;;;;;;;
2019-08-09;14:50:00;п'ятниця;місто;Львів;Галицький;вулиця;Ангеловича А., митр.;24;;наїзд на пішохода - пішохід рухався у попутному напрямку;порушення правил маневрування;2;легко травмований;легко травмований;;;;;;;;49.835633;24.006693;;;;;;;;;;;
2019-09-06;10:10:00;п'ятниця;місто;Львів;Шевченківський;вулиця;Миколайчука І.;1;;падіння пасажира;порушення правил перевезення пасажирів;2;без ушкоджень;легко травмований;;;;;;;;49.868696;24.04337;;;;;;;;;;;
2019-08-10;17:30:00;субота;місто;Львів;Франківський;вулиця;Антоновича В.;81;;наїзд на пішохода - пішохід рухався у попутному напрямку;порушення правил маневрування;2;без ушкоджень;легко травмований;;;;;;;;49.829668;23.997585;;;;;;;;;;;
2019-08-26;18:10:00;понеділок;місто;Львів;Личаківський;вулиця;Пасічна;;Перехрестя вул. Пасічна - вул. Китайська;наїзд на пішохода - пішохід рухався у попутному напрямку;порушення правил маневрування;2;без ушкоджень;легко травмований;;;;;;;;49.821719;24.075465;;;;;;;;;;;
2019-08-23;14:25:00;п'ятниця;місто;Львів;Сихівський;вулиця;Зелена;284;;наїзд на пішохода - пішохід рухався у попутному напрямку;порушення правил маневрування;3;без ушкоджень;легко травмований;тяжко травмований;;;;;;;49.801295;24.066362;;;;;;;;;;;
2019-08-19;0:13:00;понеділок;місто;Львів;Франківський;вулиця;Володимира Великого;;Перехрестя вул. Володимира Великого - вул. Симоненка В.;наїзд на транспортний засіб, що стоїть - по ходу руху;недодержання дистанції;2;без ушкоджень;легко травмований;;;;;;;;49.811487;23.989227;;;;;;;;;;;
2019-09-10;15:01:00;вівторок;місто;Львів;Франківський;вулиця;Княгині Ольги;110;;наїзд на пішохода - пішохід рухався у попутному напрямку;порушення правил проїзду пішохідних переходів;2;без ушкоджень;легко травмований;;;;;;;;49.808257;23.999113;;;;;;;;;;;
2019-08-10;21:01:00;субота;місто;Львів;Сихівський;проспект;Червоної Калини, просп.;;;зіткнення лобове;порушення правил проїзду перехресть;2;без ушкоджень;легко травмований;;;;;;;;49.797694;24.051239;;;;;;;;;;;
2019-09-05;20:09:00;четвер;місто;Львів;Франківський;вулиця;Тролейбусна;;Перехрестя вул. Тролейбусна - вул. Наукова;зіткнення лобове;перевищення безпечної швидкості, порушення правил проїзду перехресть;5;легко травмований;без ушкоджень;легко травмований;легко травмований;без ушкоджень;;;;;49.803123;24.00635;;;;;;;;;;;
2019-08-10;16:14:00;субота;місто;Львів;Сихівський;вулиця;Сихівська;2;;наїзд на пішохода - пішохід рухався у попутному напрямку;порушення правил маневрування;2;легко травмований;легко травмований;;;;;;;;49.795131;24.067134;;;;;;;;;;;
2019-08-17;22:10:00;субота;місто;Львів;Франківський;вулиця;Володимира Великого;;Перехрестя вул. Володимира Великого - вул. Янева В.;зіткнення лобове;порушення правил проїзду перехресть;2;без ушкоджень;легко травмований;;;;;;;;49.808967;24.011736;;;;;;;;;;;
2019-08-08;7:37:00;четвер;місто;Львів;Шевченківський;вулиця;Шевченка Т.;388;;зіткнення лобове;порушення правил маневрування;2;легко травмований;без ушкоджень;;;;;;;;49.871448;23.944557;;;;;;;;;;;
2019-08-06;22:01:00;вівторок;місто;Львів;Галицький;вулиця;Куліша П.;;;наїзд на пішохода - стояв на проїздній частині;перехід у невстановленому місці;2;без ушкоджень;легко травмований;;;;;;;;49.847835;24.024224;;;;;;;;;;;
2019-08-06;22:50:00;вівторок;місто;Львів;Галицький;проспект;Свободи, просп.;12;;наїзд на пішохода - пішохід рухався у попутному напрямку;неочікуваний вихід на проїзну частину;2;без ушкоджень;легко травмований;;;;;;;;49.840882;24.028618;;;;;;;;;;;
2019-08-31;17:30:00;субота;місто;Львів;Залізничний;вулиця;Трускавецька;;Перехрестя вул. Трускавецька - вул. Кульпарківська;зіткнення лобове;порушення правил маневрування;2;легко травмований;легко травмований;;;;;;;;49.801239;23.980215;;;;;;;;;;;
2019-08-27;13:56:00;вівторок;місто;Львів;Залізничний;вулиця;Виговського І.;49;;падіння вантажів;порушення правил маневрування;3;без ушкоджень;легко травмований;легко травмований;;;;;;;49.815807;23.973155;;;;;;;;;;;
2019-08-17;16:01:00;субота;місто;Львів;Залізничний;вулиця;Суботівська;;;падіння пасажира;порушення правил перевезення пасажирів;2;без ушкоджень;легко травмований;;;;;;;;49.84742;23.965859;;;;;;;;;;;
2019-09-12;10:15:00;четвер;місто;Львів;Сихівський;вулиця;Зелена;407;;зіткнення лобове;недодержання дистанції;4;без ушкоджень;легко травмований;легко травмований;легко травмований;;;;;;49.78407;24.078088;;;;;;;;;;;
2019-08-19;18:48:00;понеділок;місто;Львів;Галицький;площа;Данила Галицького, пл.;2;;наїзд на пішохода - пішохід переходив дорогу поза межами пішохідного переходу;недодержання дистанції;3;легко травмований;легко травмований;легко травмований;;;;;;;49.844493;24.032239;;;;;;;;;;;
2019-08-19;9:50:00;понеділок;місто;Львів;Личаківський;вулиця;Вашингтона Дж.;13;;наїзд на пішохода - пішохід рухався у попутному напрямку;порушення правил маневрування;2;без ушкоджень;легко травмований;;;;;;;;49.815115;24.073078;;;;;;;;;;;
2019-09-04;20:01:00;середа;місто;Львів;Залізничний;вулиця;Головацького Я.;23;;наїзд на пішохода - пішохід рухався у попутному напрямку;порушення правил маневрування;4;без ушкоджень;легко травмований;легко травмований;легко травмований;;;;;;49.840243;24.005065;;;;;;;;;;;
2019-09-12;8:45:00;четвер;місто;Львів;Шевченківський;вулиця;Шевченка Т.;360;;наїзд на пішохода - пішохід рухався у попутному напрямку;порушення правил маневрування;2;без ушкоджень;легко травмований;;;;;;;;49.869484;23.953596;;;;;;;;;;;
2019-09-11;18:01:00;середа;місто;Львів;Галицький;вулиця;Героїв Майдану;;Перехрестя вул. Героїв Майдану - вул. Глінки М.;наїзд на велосипедиста - велосипедист рухався у попутному напрямку;порушення правил маневрування;2;без ушкоджень;легко травмований;;;;;;;;49.828066;24.019128;;;;;;;;;;;
2019-09-07;16:01:00;субота;місто;Львів;Галицький;вулиця;Галицька;12;;зіткнення лобове;порушення правил проїзду перехресть;3;без ушкоджень;без ушкоджень;легко травмований;;;;;;;49.83838;24.034524;;;;;;;;;;;
2019-09-10;8:50:00;вівторок;місто;Львів;Шевченківський;вулиця;Шевченка Т.;386;;зіткнення лобове;порушення правил маневрування;2;без ушкоджень;легко травмований;;;;;;;;49.871842;23.941102;;;;;;;;;;;
2019-08-07;11:50:00;середа;місто;Львів;Залізничний;вулиця;Городоцька;;Перехрестя вул. Городоцька - вул. Самбірська;зіткнення бокове;порушення правил проїзду перехресть;2;без ушкоджень;легко травмований;;;;;;;;49.829069;23.959808;;;;;;;;;;;
2019-08-11;9:45:00;неділя;місто;Львів;Личаківський;вулиця;Богданівська;24;;наїзд на інші види перешкод;порушення правил маневрування;1;легко травмований;;;;;;;;;49.845154;24.084864;;;;;;;;;;;
2019-08-08;22:30:00;четвер;місто;Львів;Сихівський;вулиця;Зелена;238;;наїзд на інші види перешкод;порушення правил маневрування;1;легко травмований;;;;;;;;;49.806145;24.061491;;;;;;;;;;;
2019-08-17;20:07:00;субота;місто;Львів;Франківський;вулиця;Городоцька;147;;наїзд на пішохода - пішохід рухався у попутному напрямку;перехід у невстановленому місці;3;без ушкоджень;легко травмований;легко травмований;;;;;;;49.83636;24.00039;;;;;;;;;;;
2019-08-29;0:20:00;четвер;місто;Львів;Сихівський;вулиця;Хуторівка;54;;наїзд на інші види перешкод;порушення правил маневрування;2;легко травмований;легко травмований;;;;;;;;49.800128;24.034556;;;;;;;;;;;
2019-08-19;19:15:00;понеділок;місто;Львів;Франківський;вулиця;Наукова;7Б;;зіткнення лобове;порушення правил маневрування;2;без ушкоджень;легко травмований;;;;;;;;49.803251;24.004092;;;;;;;;;;;
2019-09-11;17:30:00;середа;місто;Львів;Шевченківський;вулиця;Хмельницького Б.;161;;наїзд на велосипедиста - велосипедист рухався у попутному напрямку;порушення правил маневрування;2;без ушкоджень;легко травмований;;;;;;;;49.854185;24.043933;;;;;;;;;;;
2019-08-20;14:38:00;вівторок;місто;Львів;Залізничний;вулиця;Шевченка Т.;186;;зіткнення лобове;порушення правил маневрування;3;без ушкоджень;легко травмований;легко травмований;;;;;;;49.85579;23.980676;;;;;;;;;;;
2019-08-20;14:01:00;вівторок;місто;Львів;Сихівський;вулиця;Угорська;8;;падіння пасажира;порушення правил маневрування;2;без ушкоджень;легко травмований;;;;;;;;49.812037;24.040822;;;;;;;;;;;
2019-09-09;13:16:00;понеділок;місто;Львів;Сихівський;вулиця;Пимоненка М.;;Перехрестя вул. Пимоненка М. - вул. Пасічна;наїзд на велосипедиста - велосипедист рухався у попутному напрямку;порушення правил маневрування;2;без ушкоджень;легко травмований;;;;;;;;49.807139;24.066;;;;;;;;;;;
2019-09-02;14:15:00;понеділок;місто;Львів;Шевченківський;вулиця;Шевченка Т.;;;наїзд на пішохода - пішохід рухався у попутному напрямку;порушення правил маневрування;2;без ушкоджень;легко травмований;;;;;;;;49.860784;23.96867;;;;;;;;;;;
2019-08-22;20:54:00;четвер;місто;Львів;Личаківський;вулиця;Личаківська;130;;наїзд на пішохода - пішохід переходив дорогу поза межами пішохідного переходу;порушення правил маневрування;2;без ушкоджень;легко травмований;;;;;;;;49.836871;24.062041;;;;;;;;;;;
2019-09-01;15:01:00;неділя;місто;Львів;Галицький;вулиця;Замарстинівська;1;;наїзд на пішохода - пішохід рухався у попутному напрямку;порушення правил маневрування;2;без ушкоджень;легко травмований;;;;;;;;49.847714;24.028044;;;;;;;;;;;
2019-08-14;10:10:00;середа;місто;Львів;Личаківський;вулиця;Чехова А.;10;;зіткнення лобове;перевищення безпечної швидкості, недодержання дистанції;4;без ушкоджень;без ушкоджень;без ушкоджень;легко травмований;;;;;;49.83929;24.042136;;;;;;;;;;;
2019-08-17;13:30:00;субота;місто;Львів;Залізничний;вулиця;Повітряна;;Перехрестя вул. Повітряна - вул. Суботівська;зіткнення лобове;порушення правил маневрування;2;без ушкоджень;помер у лікарні протягом 30 діб;;;;;;;;49.84504;23.966589;;;;;;;;;;;
2019-08-29;11:19:00;четвер;місто;Львів;Сихівський;вулиця;Стрийська;;Перехрестя вул. Стрийська - вул. Мікльоша К.;наїзд на велосипедиста - велосипедист рухався у попутному напрямку;порушення правил маневрування;2;без ушкоджень;тяжко травмований;;;;;;;;49.783716;24.014236;;;;;;;;;;;
2019-08-27;19:20:00;вівторок;місто;Львів;Залізничний;вулиця;Кульпарківська;200;;зіткнення бокове;перевищення безпечної швидкості, недодержання дистанції;3;без ушкоджень;легко травмований;без ушкоджень;;;;;;;49.811376;23.982795;;;;;;;;;;;
2019-08-30;22:50:00;п'ятниця;місто;Львів;Франківський;вулиця;Городоцька;231;;наїзд на пішохода - пішохід рухався у попутному напрямку;перехід у невстановленому місці;2;легко травмований;легко травмований;;;;;;;;49.833031;23.981615;;;;;;;;;;;
2019-09-11;8:50:00;середа;місто;Львів;Залізничний;вулиця;Городоцька;116;;падіння пасажира;порушення правил маневрування;2;без ушкоджень;легко травмований;;;;;;;;49.835892;23.993952;;;;;;;;;;;
2019-08-14;6:06:00;середа;місто;Львів;Галицький;вулиця;Торгова;1;;наїзд на пішохода - пішохід рухався у попутному напрямку;перевищення безпечної швидкості;3;без ушкоджень;без ушкоджень;тяжко травмований;;;;;;;49.844778;24.027796;;;;;;;;;;;
2019-08-19;7:30:00;понеділок;місто;Львів;Шевченківський;вулиця;Липинського В.;;Перехрестя вул. Липинського В. - вул. Бетховена Л.;зіткнення лобове;порушення правил проїзду перехресть;3;легко травмований;легко травмований;легко травмований;;;;;;;49.863523;24.033226;;;;;;;;;;;
2019-08-20;22:49:00;вівторок;місто;Львів;Галицький;вулиця;Бандери С.;53;;наїзд на пішохода - пішохід рухався у попутному напрямку;порушення правил маневрування;2;без ушкоджень;легко травмований;;;;;;;;49.834761;24.009048;;;;;;;;;;;
2019-09-02;18:48:00;понеділок;місто;Львів;Залізничний;вулиця;Широка;82;;наїзд на пішохода - пішохід рухався у попутному напрямку;перевищення безпечної швидкості;2;без ушкоджень;легко травмований;;;;;;;;49.842753;23.964255;;;;;;;;;;;
2019-08-20;20:01:00;вівторок;місто;Львів;Галицький;проспект;Чорновола В., просп.;7;;наїзд на пішохода - пішохід рухався у попутному напрямку;порушення правил маневрування, перевищення безпечної швидкості, невиконання вимог сигналів регулювання;4;тяжко травмований;без ушкоджень;без ушкоджень;помер у лікарні протягом 30 діб;;;;;;49.846576;24.025362;;;;;;;;;;;
2019-09-12;7:50:00;четвер;місто;Львів;Шевченківський;вулиця;Варшавська;;Перехрестя вул. Варшавська - вул. Тунельна;наїзд на пішохода - пішохід рухався у попутному напрямку;порушення правил проїзду пішохідних переходів;2;без ушкоджень;легко травмований;;;;;;;;49.864201;24.006736;;;;;;;;;;;
2019-08-03;20:01:00;субота;місто;Львів;Галицький;вулиця;Замарстинівська;30;;наїзд на пішохода - пішохід рухався у попутному напрямку;порушення правил маневрування;2;без ушкоджень;легко травмований;;;;;;;;49.849807;24.026971;;;;;;;;;;;
2019-08-07;19:20:00;середа;місто;Львів;Галицький;вулиця;Городоцька;7;;наїзд на пішохода - пішохід рухався у попутному напрямку;порушення правил проїзду пішохідних переходів;4;без ушкоджень;без ушкоджень;легко травмований;легко травмований;;;;;;49.844033;24.024718;;;;;;;;;;;
2019-09-03;9:45:00;вівторок;місто;Львів;Франківський;вулиця;Коновальця Є.;;Перехрестя вул. Коновальця Є. - вул. Рудницького С., акад.;зіткнення лобове;порушення правил маневрування;2;без ушкоджень;легко травмований;;;;;;;;49.824446;23.993347;;;;;;;;;;;
2019-08-23;7:01:00;п'ятниця;місто;Львів;Сихівський;проспект;Червоної Калини, просп.;77;;падіння пасажира;порушення правил маневрування;2;без ушкоджень;легко травмований;;;;;;;;49.796034;24.055643;;;;;;;;;;;
2019-09-07;20:30:00;субота;місто;Львів;Сихівський;вулиця;Стрийська;119;;наїзд на інші види перешкод;перевищення безпечної швидкості;1;легко травмований;;;;;;;;;49.78159;24.020448;;;;;;;;;;;
2019-08-09;21:20:00;п'ятниця;місто;Львів;Сихівський;вулиця;Хуторівка; 4Б;;наїзд на пішохода - пішохід рухався у попутному напрямку;порушення правил маневрування;2;без ушкоджень;помер у лікарні протягом 30 діб;;;;;;;;49.799841;24.026928;;;;;;;;;;;
2019-08-30;22:45:00;п'ятниця;місто;Львів;Франківський;вулиця;Володимира Великого;;Перехрестя вул. Володимира Великого - вул. Боткіна С.;зіткнення лобове;порушення правил проїзду перехресть, порушення правил маневрування;3;без ушкоджень;без ушкоджень;легко травмований;;;;;;;49.811293;23.991222;;;;;;;;;;;
2019-08-30;16:01:00;п'ятниця;місто;Львів;Галицький;проспект;Свободи, просп.;23;;наїзд на пішохода - пішохід рухався у попутному напрямку;порушення правил маневрування;2;без ушкоджень;легко травмований;;;;;;;;49.841975;24.026885;;;;;;;;;;;