accidentDate;accidentTime;accidentDay;settlementType;settlement;district;streetType;streetName;houseNumber;locationComments;accidentType;mainAccidentCause;totalParticipantsAmount;injuryStatusParticipant1;injuryStatusParticipant2;injuryStatusParticipant3;injuryStatusParticipant4;injuryStatusParticipant5;injuryStatusParticipant6;injuryStatusParticipant7;injuryStatusParticipant8;injuryStatusParticipant9;latitude;longitude;injuryStatusParticipant10;injuryStatusParticipant11;injuryStatusParticipant12;injuryStatusParticipant13;injuryStatusParticipant14;injuryStatusParticipant15;injuryStatusParticipant16;injuryStatusParticipant17;injuryStatusParticipant18;injuryStatusParticipant19;injuryStatusParticipant20
2019-09-07;7:45:00;субота;місто;Львів;Залізничний;вулиця;Городоцька;274;;зіткнення лобове;недодержання дистанції;2;легко травмований;без ушкоджень;;;;;;;;49.824193;23.932847;;;;;;;;;;;
2019-09-09;16:10:00;понеділок;місто;Львів;Личаківський;вулиця;Личаківська;201;;наїзд на пішохода - пішохід рухався у попутному напрямку;порушення правил проїзду пішохідних переходів;2;без ушкоджень;легко травмований;;;;;;;;49.835968;24.071655;;;;;;;;;;;
2019-08-27;21:50:00;вівторок;місто;Львів;Залізничний;вулиця;Городоцька;56;;зіткнення бокове;порушення правил обгону;4;без ушкоджень;без ушкоджень;легко травмований;легко травмований;;;;;;49.839685;24.010706;;;;;;;;;;;
2019-08-09;14:05:00;п'ятниця;місто;Львів;Франківський;вулиця;Героїв Майдану;3;;наїзд на велосипедиста - велосипедист рухався у попутному напрямку;порушення правил маневрування;2;без ушкоджень;легко травмований;;;;;;;;49.830633;24.018436;;;;;;;;;;;
2019-08-13;20:58:00;вівторок;місто;Львів;Шевченківський;вулиця;Липинського В.;;Перехрестя вул. Липинського В. -вул.  Сінна;зіткнення лобове;виїзд на смугу зустрічного руху;4;без ушкоджень;легко травмований;легко травмований;без ушкоджень;;;;;;49.86196;24.028945;;;;;;;;;;;
2019-08-17;23:30:00;субота;місто;Львів;Галицький;вулиця;Винниченка В.;16;;зіткнення бокове;порушення правил маневрування;3;без ушкоджень;легко травмований;без ушкоджень;;;;;;;49.841093;24.036573;;;;;;;;;;;
2019-08-12;12:50:00;понеділок;місто;Львів;Франківський;вулиця;Бандери С.;81;;наїзд на пішохода - пішохід рухався у попутному напрямку;порушення правил маневрування;2;без ушкоджень;легко травмований;;;;;;;;49.835208;24.005894;;;;;;;;;;;
2019-08-13;12:30:00;вівторок;місто;Львів;Личаківський;вулиця;Хмельницького Б.;296;;наїзд на пішохода - пішохід рухався у попутному напрямку;порушення правил маневрування;2;без ушкоджень;легко травмований;;;;;;;;49.874321;24.061126;;;;;;;;;;;
2019-08-21;9:01:00;середа;місто;Львів;Шевченківський;вулиця;Миколайчука І.;1;;зіткнення лобове;порушення правил маневрування;2;без ушкоджень;легко травмований;;;;;;;;49.868495;24.043483;;;;;;;;;;;
2019-09-10;16:01:00;вівторок;місто;Львів;Залізничний;вулиця;Шевченка Т.;128;;наїзд на пішохода - пішохід рухався у попутному напрямку;порушення правил маневрування;2;без ушкоджень;легко травмований;;;;;;;;49.850412;23.993186;;;;;;;;;;;
2019-09-03;22:35:00;вівторок;місто;Львів;Сихівський;проспект;Червоної Калини, просп.;62;;зіткнення бокове;перевищення безпечної швидкості;2;без ушкоджень;легко травмований;;;;;;;;49.792341;24.05847;;;;;;;;;;;
2019-08-23;15:01:00;п'ятниця;місто;Львів;Залізничний;вулиця;Виговського І.;29;;падіння пасажира;порушення правил перевезення пасажирів;2;без ушкоджень;легко травмований;;;;;;;;49.823352;23.967506;;;;;;;;;;;
2019-09-09;20:52:00;понеділок;місто;Львів;Шевченківський;вулиця;Грінченка Б.;4;;наїзд на пішохода - пішохід рухався у попутному напрямку;порушення правил маневрування;2;без ушкоджень;тяжко травмований;;;;;;;;49.871918;24.05382;;;;;;;;;;;
2019-08-27;12:42:00;вівторок;місто;Львів;Шевченківський;вулиця;Тунельна;22;;зіткнення лобове;недодержання дистанції;3;без ушкоджень;без ушкоджень;легко травмований;;;;;;;49.863298;24.005127;;;;;;;;;;;
2019-08-21;19:36:00;середа;місто;Львів;Шевченківський;вулиця;Під Голоском;3;;зіткнення лобове;порушення правил маневрування;2;без ушкоджень;легко травмований;;;;;;;;49.86816;24.012412;;;;;;;;;;;
2019-08-13;20:06:00;вівторок;місто;Львів;Шевченківський;вулиця;Варшавська;1;;наїзд на пішохода - пішохід рухався у попутному напрямку;порушення правил проїзду пішохідних переходів;3;без ушкоджень;легко травмований;легко травмований;;;;;;;49.8548;24.0146;;;;;;;;;;;
2019-08-31;15:22:00;субота;місто;Львів;Залізничний;площа;Двірцева, пл.;1;;наїзд на пішохода - пішохід рухався у попутному напрямку;перехід у невстановленому місці;2;легко травмований;без ушкоджень;;;;;;;;49.839225;23.994865;;;;;;;;;;;
2019-09-08;22:11:00;неділя;місто;Львів;Галицький;вулиця;Франка І.;47;;наїзд на пішохода - пішохід рухався у попутному напрямку;порушення правил проїзду перехресть;3;без ушкоджень;легко травмований;легко травмований;;;;;;;49.832592;24.033816;;;;;;;;;;;
2019-08-26;23:10:00;понеділок;місто;Львів;Франківський;вулиця;Городоцька;211;;наїзд на велосипедиста - велосипедист рухався у попутному напрямку;порушення правил маневрування;2;без ушкоджень;легко травмований;;;;;;;;49.833177;23.982494;;;;;;;;;;;
2019-09-03;21:08:00;вівторок;місто;Львів;Шевченківський;проспект;Чорновола В., просп.;93;;наїзд на пішохода - пішохід рухався у попутному напрямку;порушення правил проїзду пішохідних переходів;2;без ушкоджень;легко травмований;;;;;;;;49.863699;24.017728;;;;;;;;;;;
2019-09-07;1:02:00;субота;місто;Львів;Галицький;вулиця;Городоцька;;;падіння пасажира;порушення правил маневрування;2;без ушкоджень;помер у лікарні протягом 30 діб;;;;;;;;49.837152;24.004054;;;;;;;;;;;
2019-08-27;10:47:00;вівторок;місто;Львів;Галицький;площа;Соборна, пл.;;;наїзд на пішохода - пішохід рухався у попутному напрямку;порушення правил маневрування;2;без ушкоджень;легко травмований;;;;;;;;49.839166;24.034396;;;;;;;;;;;
2019-08-28;10:35:00;середа;місто;Львів;Галицький;вулиця;Дорошенка П.;25;;падіння пасажира;порушення правил маневрування;2;без ушкоджень;легко травмований;;;;;;;;49.839069;24.02505;;;;;;;;;;;
2019-08-28;18:50:00;середа;місто;Львів;Шевченківський;вулиця;Шевченка Т.;297;;зіткнення лобове;перевищення безпечної швидкості, недодержання дистанції;2;без ушкоджень;легко травмований;;;;;;;;49.866507;23.956359;;;;;;;;;;;
2019-08-07;9:55:00;середа;місто;Львів;Галицький;вулиця;Руська;20;;наїзд на пішохода - пішохід рухався у попутному напрямку;порушення правил маневрування;2;без ушкоджень;легко травмований;;;;;;;;49.841802;24.03366;;;;;;;;;;;
2019-08-06;7:20:00;вівторок;місто;Львів;Залізничний;вулиця;Повітряна;;Перехрестя вул. Повітряна - вул. Левандівська;наїзд на велосипедиста - велосипедист рухався у попутному напрямку;порушення правил проїзду перехресть;2;без ушкоджень;легко травмований;;;;;;;;49.846216;23.988605;;;;;;;;;;;
2019-08-08;8:30:00;четвер;місто;Львів;Шевченківський;вулиця;Варшавська;;;наїзд на пішохода - пішохід рухався у попутному напрямку;порушення правил маневрування;2;без ушкоджень;легко травмований;;;;;;;;49.865575;24.011162;;;;;;;;;;;
2019-09-11;12:20:00;середа;місто;Львів;Шевченківський;вулиця;Промислова;29;;падіння пасажира;порушення правил маневрування;2;без ушкоджень;легко травмований;;;;;;;;49.85976;24.043391;;;;;;;;;;;
2019-09-25;9:39:00;середа;місто;Львів;Сихівський;проспект;Червоної Калини, просп.;36;;наїзд на пішохода - пішохід рухався у попутному напрямку;неочікуваний вихід на проїзну частину;2;без ушкоджень;тяжко травмований;;;;;;;;49.801503;24.0464;;;;;;;;;;;
2019-10-14;14:55:00;понеділок;місто;Львів;Франківський;вулиця;Стрийська;;Перехрестя вул. Стрийська - вул. Наукова;зіткнення бокове;порушення правил користування освітлювальними приладами;4;без ушкоджень;без ушкоджень;легко травмований;легко травмований;;;;;;49.80199173088258;24.01765948392449;;;;;;;;;;;
2019-10-01;15:30:00;вівторок;місто;Львів;Сихівський;вулиця;Зелена;208;;зіткнення бокове;перевищення безпечної швидкості, недодержання дистанції;4;без ушкоджень;без ушкоджень;без ушкоджень;легко травмований;;;;;;49.810957;24.061067;;;;;;;;;;;
2019-10-13;11:50:00;неділя;місто;Львів;Залізничний;вулиця;Городоцька;300;;зіткнення бокове;перевищення безпечної швидкості;2;легко травмований;без ушкоджень;;;;;;;;49.821047;23.915541;;;;;;;;;;;
2019-09-30;9:30:00;понеділок;місто;Львів;Залізничний;вулиця;Городоцька;357;;падіння пасажира;порушення правил маневрування;2;без ушкоджень;легко травмований;;;;;;;;49.821816;23.923196;;;;;;;;;;;
2019-09-24;18:15:00;вівторок;місто;Львів;Франківський;вулиця;Сулими І.;36;;наїзд на велосипедиста - велосипедист рухався у попутному напрямку;порушення правил проїзду перехресть;2;без ушкоджень;легко травмований;;;;;;;;49.829722;23.979621;;;;;;;;;;;
2019-10-18;22:01:00;п'ятниця;місто;Львів;Сихівський;вулиця;Хуторівка;;Перехрестя вул. Хуторівка - Червоної Калини, просп.;зіткнення бокове;порушення правил маневрування;2;легко травмований;без ушкоджень;;;;;;;;49.80196;24.046304;;;;;;;;;;;
2019-09-20;10:11:00;п'ятниця;місто;Львів;Шевченківський;проспект;Чорновола В., просп.;;;наїзд на пішохода - пішохід рухався у попутному напрямку;порушення правил маневрування, порушення правил проїзду пішохідних переходів;2;без ушкоджень;легко травмований;;;;;;;;49.854908;24.022014;;;;;;;;;;;
2019-10-01;9:45:00;вівторок;місто;Львів;Галицький;вулиця;Кривоноса М.;8;;наїзд на велосипедиста - велосипедист рухався у попутному напрямку;порушення правил маневрування;2;без ушкоджень;легко травмований;;;;;;;;49.845593;24.040537;;;;;;;;;;;
2019-10-05;5:12:00;субота;місто;Львів;Сихівський;вулиця;Луганська;17;;наїзд на пішохода - пішохід рухався у попутному напрямку;порушення правил маневрування;2;без ушкоджень;легко травмований;;;;;;;;49.807028;24.058648;;;;;;;;;;;
2019-10-12;9:08:00;субота;місто;Львів;Личаківський;вулиця;Личаківська;52;;наїзд на пішохода - пішохід рухався у попутному напрямку;порушення правил маневрування;2;без ушкоджень;легко травмований;;;;;;;;49.839937;24.049239;;;;;;;;;;;
2019-09-27;21:44:00;п'ятниця;місто;Львів;Залізничний;вулиця;Городоцька;229;;зіткнення лобове;порушення правил проїзду перехресть;2;без ушкоджень;легко травмований;;;;;;;;49.832125;23.976744;;;;;;;;;;;
2019-09-26;7:41:00;четвер;місто;Львів;Шевченківський;вулиця;Нагірна;4;;зіткнення лобове;порушення правил маневрування;2;легко травмований;без ушкоджень;;;;;;;;49.877795;24.062462;;;;;;;;;;;
2019-10-17;22:10:00;четвер;місто;Львів;Галицький;проспект;Чорновола В., просп.;;Перехрестя Чорновола В.,просп. - вул. 700 - Річчя Львова;зіткнення лобове;порушення правил маневрування;2;без ушкоджень;легко травмований;;;;;;;;49.849824;24.025099;;;;;;;;;;;
2019-09-16;9:52:00;понеділок;місто;Львів;Галицький;вулиця;Дзиндри Є.;1;;наїзд на велосипедиста - велосипедист рухався у попутному напрямку;перевищення безпечної швидкості;2;без ушкоджень;легко травмований;;;;;;;;49.826633;24.026837;;;;;;;;;;;
2019-09-17;16:35:00;вівторок;місто;Львів;Сихівський;вулиця;Вашингтона Дж.;;Перехрестя вул. Вашингтона Дж. - вул. Пасічна;зіткнення лобове;порушення правил маневрування, невиконання вимог сигналів регулювання;3;без ушкоджень;без ушкоджень;легко травмований;;;;;;;49.813903;24.078248;;;;;;;;;;;
2019-09-25;23:10:00;середа;місто;Львів;Шевченківський;вулиця;Лінкольна А.;;Перехрестя вул. Лінкольна А. - вул. Промислова;зіткнення лобове;порушення правил проїзду перехресть;3;без ушкоджень;без ушкоджень;легко травмований;;;;;;;49.865141;24.044352;;;;;;;;;;;
2019-09-21;19:01:00;субота;місто;Львів;Шевченківський;проспект;Чорновола В., просп.;110;;наїзд на пішохода - пішохід рухався у попутному напрямку;перевищення безпечної швидкості, недодержання дистанції;3;без ушкоджень;легко травмований;легко травмований;;;;;;;49.8659;24.0164;;;;;;;;;;;
2019-10-12;12:35:00;субота;місто;Львів;Франківський;вулиця;Княгині Ольги;100;;зіткнення лобове;невиконання вимог сигналів регулювання;3;без ушкоджень;без ушкоджень;легко травмований;;;;;;;49.816987;24.002681;;;;;;;;;;;
2019-09-21;16:20:00;субота;місто;Львів;Сихівський;вулиця;Стрийська;202;;зіткнення бокове;порушення правил маневрування;2;без ушкоджень;легко травмований;;;;;;;;49.798372;24.017315;;;;;;;;;;;
2019-10-13;7:11:00;неділя;місто;Львів;Галицький;вулиця;Куліша П.;36;;наїзд на пішохода - пішохід рухався у попутному напрямку;перехід у невстановленому місці;2;без ушкоджень;легко травмований;;;;;;;;49.84888;24.024353;;;;;;;;;;;
2019-09-24;20:01:00;вівторок;місто;Львів;Залізничний;вулиця;Городоцька;218;;зіткнення лобове;порушення правил маневрування;3;без ушкоджень;без ушкоджень;легко травмований;;;;;;;49.828938;23.958827;;;;;;;;;;;
2019-09-20;8:47:00;п'ятниця;місто;Львів;Франківський;вулиця;Тролейбусна;2;;наїзд на пішохода - на нерегульованому пішохідному переході;порушення правил маневрування;2;без ушкоджень;легко травмований;;;;;;;;49.808939;24.007616;;;;;;;;;;;
2019-09-14;17:20:00;субота;місто;Львів;Шевченківський;вулиця;Липинського В.;;;падіння пасажира;порушення правил перевезення пасажирів;2;без ушкоджень;легко травмований;;;;;;;;49.862942;24.031498;;;;;;;;;;;
2019-10-05;10:56:00;субота;місто;Львів;Шевченківський;вулиця;Хмельницького Б.;113;;зіткнення лобове;невиконання вимог сигналів регулювання;3;без ушкоджень;без ушкоджень;легко травмований;;;;;;;49.85318452530392;24.036647549002424;;;;;;;;;;;
2019-10-18;15:30:00;п'ятниця;місто;Львів;Шевченківський;вулиця;Клепарівська;39А;;наїзд на пішохода - пішохід рухався у попутному напрямку;порушення правил маневрування;2;без ушкоджень;легко травмований;;;;;;;;49.852581;24.012498;;;;;;;;;;;
2019-10-04;14:32:00;п'ятниця;місто;Львів;Франківський;вулиця;Чупринки Т., ген.;;;наїзд на пішохода - пішохід рухався у попутному напрямку;порушення правил маневрування;2;без ушкоджень;легко травмований;;;;;;;;49.830377;24.008163;;;;;;;;;;;
2019-09-21;13:54:00;субота;місто;Львів;Франківський;вулиця;Володимира Великого;51;;зіткнення бокове;порушення правил проїзду перехресть;2;без ушкоджень;легко травмований;;;;;;;;49.809749;24.002236;;;;;;;;;;;
2019-10-17;19:07:00;четвер;місто;Львів;Галицький;вулиця;Митрополита Андрея;8;;зіткнення лобове;порушення правил маневрування;4;без ушкоджень;легко травмований;легко травмований;легко травмований;;;;;;49.836609;24.010754;;;;;;;;;;;
2019-10-11;18:43:00;п'ятниця;місто;Львів;Франківський;вулиця;Кульпарківська;;вул. Кульпарківська - вул. Героїв УПА;наїзд на пішохода - на нерегульованому пішохідному переході;порушення правил проїзду пішохідних переходів;2;без ушкоджень;легко травмований;;;;;;;;49.828819;23.990199;;;;;;;;;;;
2019-09-27;18:05:00;п'ятниця;місто;Львів;Сихівський;проспект;Червоної Калини, просп.;92;;наїзд на пішохода - пішохід рухався у попутному напрямку;перевищення безпечної швидкості, порушення правил проїзду пішохідних переходів;2;без ушкоджень;легко травмований;;;;;;;;49.78576;24.058353;;;;;;;;;;;
2019-10-02;12:20:00;середа;місто;Львів;Залізничний;вулиця;Широка;1;;зіткнення лобове;порушення правил проїзду перехресть;3;без ушкоджень;без ушкоджень;легко травмований;;;;;;;49.842387;23.979752;;;;;;;;;;;
2019-10-02;20:01:00;середа;місто;Львів;Шевченківський;вулиця;Тичини П.;18;;наїзд на пішохода - пішохід рухався у попутному напрямку;порушення правил маневрування;2;без ушкоджень;легко травмований;;;;;;;;49.869622;24.033725;;;;;;;;;;;
2019-10-16;21:30:00;середа;місто;Львів;Залізничний;вулиця;Кульпарківська;118;;наїзд на пішохода - пішохід рухався у попутному напрямку;порушення правил маневрування;2;без ушкоджень;помер на місці дтп;;;;;;;;49.81937;23.987991;;;;;;;;;;;
2019-10-16;18:30:00;середа;місто;Львів;Франківський;вулиця;Княгині Ольги;118;;зіткнення бокове;порушення правил маневрування;2;без ушкоджень;легко травмований;;;;;;;;49.804121;23.99709;;;;;;;;;;;
2019-10-02;8:50:00;середа;місто;Львів;Франківський;вулиця;Рубчака І.;3;;наїзд на пішохода - пішохід рухався у попутному напрямку;порушення правил маневрування;2;без ушкоджень;легко травмований;;;;;;;;49.80574;24.014965;;;;;;;;;;;
2019-09-20;19:25:00;п'ятниця;місто;Львів;Шевченківський;вулиця;Хмельницького Б.;188;;наїзд на пішохода - пішохід рухався у попутному напрямку;неочікуваний вихід на проїзну частину;2;без ушкоджень;легко травмований;;;;;;;;49.863066;24.051572;;;;;;;;;;;
2019-10-13;19:45:00;неділя;місто;Львів;Галицький;вулиця;Під Дубом;;;наїзд на пішохода - пішохід рухався у попутному напрямку;невиконання вимог сигналів регулювання;2;без ушкоджень;тяжко травмований;;;;;;;;49.850656;24.023502;;;;;;;;;;;
2019-10-14;11:32:00;понеділок;місто;Львів;Франківський;вулиця;Кульпарківська;147;;зіткнення лобове;порушення правил маневрування;3;без ушкоджень;легко травмований;легко травмований;;;;;;;49.816468;23.986491;;;;;;;;;;;
2019-09-25;23:02:00;середа;місто;Львів;Франківський;вулиця;Наукова;55;;зіткнення лобове;порушення правил маневрування;3;без ушкоджень;без ушкоджень;легко травмований;;;;;;;49.805038;23.986099;;;;;;;;;;;
2019-09-25;18:01:00;середа;місто;Львів;Франківський;вулиця;Стрийська;284;;зіткнення лобове;недодержання дистанції;3;без ушкоджень;без ушкоджень;легко травмований;;;;;;;49.789435;24.015051;;;;;;;;;;;
2019-10-19;10:50:00;субота;місто;Львів;Шевченківський;вулиця;Замарстинівська;219;;наїзд на пішохода - пішохід рухався у попутному напрямку;порушення правил проїзду пішохідних переходів;2;без ушкоджень;легко травмований;;;;;;;;49.871206;24.018474;;;;;;;;;;;
2019-09-25;10:21:00;середа;місто;Львів;Залізничний;вулиця;Городоцька;238;;наїзд на пішохода - пішохід рухався у попутному напрямку;перевищення безпечної швидкості;2;без ушкоджень;помер у лікарні протягом 30 діб;;;;;;;;49.82665;23.946177;;;;;;;;;;;
2019-10-09;20:10:00;середа;місто;Львів;Личаківський;вулиця;Богданівська;;;наїзд на велосипедиста - на велосипедній доріжці;порушення правил маневрування;2;без ушкоджень;легко травмований;;;;;;;;49.852055;24.077396;;;;;;;;;;;
2019-09-14;15:15:00;субота;місто;Львів;Галицький;вулиця;Стуса В.;;АЗС;перекидання тз;порушення правил маневрування;1;легко травмований;;;;;;;;;49.821802;24.039116;;;;;;;;;;;
2019-10-10;17:49:00;четвер;місто;Львів;Галицький;вулиця;Снопківська;17;;наїзд на пішохода - на регульованому пішохідному переході;порушення правил маневрування;2;без ушкоджень;легко травмований;;;;;;;;49.827412;24.035114;;;;;;;;;;;
2019-10-16;9:01:00;середа;місто;Львів;Личаківський;вулиця;Личаківська;189;;наїзд на пішохода - пішохід рухався у попутному напрямку;порушення правил маневрування, перевищення безпечної швидкості;2;без ушкоджень;помер на місці дтп;;;;;;;;49.835945;24.069961;;;;;;;;;;;
2019-09-16;4:52:00;понеділок;місто;Львів;Франківський;вулиця;Чупринки Т., ген.;60;;наїзд на пішохода - пішохід рухався у попутному напрямку;порушення правил маневрування;2;без ушкоджень;помер у лікарні протягом 30 діб;;;;;;;;49.830727;24.008823;;;;;;;;;;;
2019-10-17;6:02:00;четвер;місто;Львів;Галицький;проспект;Чорновола В., просп.;7;;наїзд на пішохода - пішохід рухався у попутному напрямку;неочікуваний вихід на проїзну частину;2;без ушкоджень;легко травмований;;;;;;;;49.845375;24.025284;;;;;;;;;;;
2019-10-12;15:30:00;субота;місто;Львів;Шевченківський;вулиця;Шевченка Т.;321;;зіткнення лобове;порушення правил маневрування;3;без ушкоджень;легко травмований;легко травмований;;;;;;;49.872404;23.9918;;;;;;;;;;;
2019-10-18;19:10:00;п'ятниця;місто;Львів;Франківський;вулиця;Княгині Ольги;22;;зіткнення лобове;порушення правил маневрування;3;без ушкоджень;легко травмований;легко травмований;;;;;;;49.823758;24.007488;;;;;;;;;;;
2019-10-03;16:45:00;четвер;місто;Львів;Галицький;вулиця;Смерекова;;;наїзд на пішохода - пішохід рухався у попутному напрямку;порушення правил маневрування;2;без ушкоджень;легко травмований;;;;;;;;49.847107;24.030117;;;;;;;;;;;
2019-10-19;17:20:00;субота;місто;Львів;Галицький;вулиця;Руставелі Ш.;;Перезхрестя вул. Руставелі Ш. -  вул. Франка І.;наїзд на пішохода - пішохід рухався у попутному напрямку;порушення правил маневрування;2;без ушкоджень;легко травмований;;;;;;;;49.829523;24.03197;;;;;;;;;;;
2019-10-09;16:34:00;середа;місто;Львів;Сихівський;вулиця;Липова Алея;7;;наїзд на пішохода - пішохід рухався у попутному напрямку;порушення правил маневрування;2;без ушкоджень;легко травмований;;;;;;;;49.820192;24.054163;;;;;;;;;;;
2019-09-14;17:05:00;субота;місто;Львів;Шевченківський;вулиця;Липинського В.;68;;падіння пасажира;порушення правил маневрування;2;без ушкоджень;легко травмований;;;;;;;;49.865318;24.045679;;;;;;;;;;;
2019-09-14;18:30:00;субота;місто;Львів;Залізничний;вулиця;Виговського І.;32;;падіння пасажира;порушення правил перевезення пасажирів;2;без ушкоджень;легко травмований;;;;;;;;49.825263;23.967673;;;;;;;;;;;
2019-10-02;7:57:00;середа;місто;Львів;Франківський;вулиця;Кульпарківська;;Перехрестя вул. Кульпарківська - вул. Антоновича В.;зіткнення бокове;перевищення безпечної швидкості, невиконання вимог сигналів регулювання;5;легко травмований;без ушкоджень;без ушкоджень;легко травмований;легко травмований;;;;;49.825861;23.98989;;;;;;;;;;;
2019-10-08;12:45:00;вівторок;місто;Львів;Шевченківський;вулиця;Грінченка Б.;6;;наїзд на пішохода - пішохід рухався у попутному напрямку;порушення правил маневрування;2;без ушкоджень;легко травмований;;;;;;;;49.870566;24.055488;;;;;;;;;;;
2019-10-06;22:25:00;неділя;місто;Львів;Шевченківський;вулиця;Мазепи І., гетьм.;26;;зіткнення бокове;порушення правил маневрування;2;без ушкоджень;легко травмований;;;;;;;;49.835858;23.890581;;;;;;;;;;;
2019-10-14;18:10:00;понеділок;місто;Львів;Сихівський;вулиця;Луганська;10;;наїзд на пішохода - пішохід рухався у попутному напрямку;порушення правил проїзду пішохідних переходів;2;без ушкоджень;легко травмований;;;;;;;;49.80865;24.0508;;;;;;;;;;;
2019-10-13;4:44:00;неділя;місто;Львів;Галицький;проспект;Чорновола В., просп.;2;;наїзд на пішохода - пішохід рухався у попутному напрямку;порушення правил маневрування, порушення правил проїзду пішохідних переходів;2;без ушкоджень;тяжко травмований;;;;;;;;49.845946;24.025281;;;;;;;;;;;
2019-10-16;23:45:00;середа;місто;Львів;Франківський;вулиця;Стрийська; 86Б;;зіткнення бокове;порушення правил маневрування;2;легко травмований;без ушкоджень;;;;;;;;49.818306;24.020158;;;;;;;;;;;
2019-10-16;9:20:00;середа;місто;Львів;Личаківський;вулиця;Личаківська;187;;наїзд на пішохода - пішохід рухався у попутному напрямку;порушення правил проїзду пішохідних переходів, порушення правил маневрування;2;без ушкоджень;легко травмований;;;;;;;;49.835965;24.069934;;;;;;;;;;;
2019-10-16;0:09:00;середа;місто;Львів;Шевченківський;вулиця;Промислова;52;;наїзд на пішохода - пішохід рухався у попутному напрямку;порушення правил маневрування;2;без ушкоджень;легко травмований;;;;;;;;49.86114;24.043751;;;;;;;;;;;
2019-09-13;20:10:00;п'ятниця;місто;Львів;Залізничний;вулиця;Левандівська;9;;наїзд на пішохода - пішохід рухався у попутному напрямку;порушення правил маневрування;2;без ушкоджень;легко травмований;;;;;;;;49.844922;23.985037;;;;;;;;;;;
2019-09-17;10:30:00;вівторок;місто;Львів;Сихівський;вулиця;Зелена;253;;зіткнення лобове;порушення правил маневрування, порушення правил проїзду перехресть;2;без ушкоджень;легко травмований;;;;;;;;49.803694;24.063975;;;;;;;;;;;
2019-09-19;12:15:00;четвер;місто;Львів;Сихівський;проспект;Червоної Калини, просп.;61;;падіння пасажира;невиконання вимог сигналів регулювання, порушення правил маневрування;3;без ушкоджень;без ушкоджень;легко травмований;;;;;;;49.79617;24.054222;;;;;;;;;;;
2019-09-22;16:27:00;неділя;місто;Львів;Сихівський;вулиця;Стрийська;;Перехрестя вул. Стрийська - вул. Мікльоша К.;зіткнення лобове;порушення правил маневрування;2;без ушкоджень;легко травмований;;;;;;;;49.783758;24.014161;;;;;;;;;;;
2019-09-16;9:01:00;понеділок;місто;Львів;Сихівський;вулиця;Стрийська;179;;наїзд на велосипедиста - велосипедист рухався у попутному напрямку;перевищення безпечної швидкості;2;без ушкоджень;легко травмований;;;;;;;;49.777468;24.014171;;;;;;;;;;;
2019-10-14;13:30:00;понеділок;місто;Львів;Галицький;проспект;Чорновола В., просп.;12;;наїзд на пішохода - пішохід рухався у попутному напрямку;порушення правил маневрування;3;легко травмований;без ушкоджень;легко травмований;;;;;;;49.847036;24.025667;;;;;;;;;;;
2019-09-28;22:45:00;субота;місто;Львів;Франківський;вулиця;Кульпарківська;96;;зіткнення лобове;порушення правил проїзду перехресть;2;легко травмований;без ушкоджень;;;;;;;;49.822902;23.98905;;;;;;;;;;;
2019-09-15;15:01:00;неділя;місто;Львів;Залізничний;вулиця;Широка;;;наїзд на пішохода - на нерегульованому пішохідному переході;порушення правил проїзду пішохідних переходів;2;без ушкоджень;легко травмований;;;;;;;;49.842245;23.97234;;;;;;;;;;;
2019-09-15;15:33:00;неділя;місто;Львів;Галицький;проспект;Свободи, просп.;5;;падіння пасажира;порушення правил маневрування;3;без ушкоджень;легко травмований;легко травмований;;;;;;;49.840259;24.028092;;;;;;;;;;;
2019-09-13;18:10:00;п'ятниця;місто;Львів;Галицький;вулиця;Волоська;1;;наїзд на пішохода - пішохід рухався у попутному напрямку;порушення правил маневрування;2;без ушкоджень;легко травмований;;;;;;;;49.828986;24.033312;;;;;;;;;;;
2019-10-10;15:10:00;четвер;місто;Львів;Залізничний;вулиця;Бортнянського Д.;40;;зіткнення лобове;порушення правил маневрування;2;легко травмований;без ушкоджень;;;;;;;;49.845448;24.00009;;;;;;;;;;;
2019-10-09;13:30:00;середа;місто;Львів;Сихівський;вулиця;Навроцького В.;23;;наїзд на пішохода - пішохід рухався у попутному напрямку;порушення правил проїзду пішохідних переходів;2;без ушкоджень;легко травмований;;;;;;;;49.813307;24.050884;;;;;;;;;;;
2019-10-09;9:01:00;середа;місто;Львів;Шевченківський;вулиця;Мазепи І., гетьм.;36;;наїзд на опори (леп, телефонних та телеграфних ліній, рекламоносіїв, щогли антен моб. зв'язку, тощо);перевищення безпечної швидкості, недодержання дистанції;1;легко травмований;;;;;;;;;49.872754;24.044894;;;;;;;;;;;
2019-09-16;16:31:00;понеділок;місто;Львів;Галицький;проспект;Свободи, просп.;19;;зіткнення з задньою частиною тз;недодержання дистанції;2;без ушкоджень;легко травмований;;;;;;;;49.84166;24.027062;;;;;;;;;;;
2019-10-16;14:24:00;середа;місто;Львів;Сихівський;вулиця;Хуторівка; 4Б;;наїзд на пішохода - пішохід рухався у попутному напрямку;порушення правил маневрування;2;без ушкоджень;легко травмований;;;;;;;;49.799881;24.026871;;;;;;;;;;;