accidentDate;accidentTime;accidentDay;settlementType;settlement;district;streetType;streetName;houseNumber;locationComments;accidentType;mainAccidentCause;totalParticipantsAmount;injuryStatusParticipant1;injuryStatusParticipant2;injuryStatusParticipant3;injuryStatusParticipant4;injuryStatusParticipant5;injuryStatusParticipant6;injuryStatusParticipant7;injuryStatusParticipant8;injuryStatusParticipant9;latitude;longitude;injuryStatusParticipant10;injuryStatusParticipant11;injuryStatusParticipant12;injuryStatusParticipant13;injuryStatusParticipant14;injuryStatusParticipant15;injuryStatusParticipant16;injuryStatusParticipant17;injuryStatusParticipant18;injuryStatusParticipant19;injuryStatusParticipant20
2019-10-23;20:45:00;середа;місто;Львів;Залізничний;вулиця;Любінська;101;;наїзд на велосипедиста - велосипедист рухався у попутному напрямку;порушення правил маневрування;2;легко травмований;без ушкоджень;;;;;;;;49.821068;23.970097;;;;;;;;;;;
2019-11-09;13:40:00;субота;місто;Львів;Личаківський;вулиця;Пасічна;57;;наїзд на пішохода - пішохід рухався у попутному напрямку;порушення правил проїзду пішохідних переходів;2;без ушкоджень;тяжко травмований;;;;;;;;49.828046;24.071549;;;;;;;;;;;
2019-11-14;16:29:00;четвер;місто;Львів;Сихівський;вулиця;Рядова;5;;наїзд на пішохода - пішохід рухався у попутному напрямку;порушення правил маневрування;2;без ушкоджень;легко травмований;;;;;;;;49.804217;24.047302;;;;;;;;;;;
2019-10-23;21:15:00;середа;місто;Львів;Сихівський;проспект;Червоної Калини, просп.;36;;зіткнення лобове;перевищення безпечної швидкості, недодержання дистанції, керування транспортним засобом у нетверезому стані;5;легко травмований;без ушкоджень;без ушкоджень;легко травмований;легко травмований;;;;;49.799402;23.047587;;;;;;;;;;;
2019-11-06;20:32:00;середа;місто;Львів;Галицький;проспект;Чорновола В., просп.;7;;падіння пасажира;порушення правил маневрування;2;без ушкоджень;легко травмований;;;;;;;;49.846247;24.025399;;;;;;;;;;;
2019-11-08;16:10:00;п'ятниця;місто;Львів;Сихівський;проспект;Червоної Калини, просп.; 35А;;зіткнення бокове;порушення правил маневрування;3;легко травмований;без ушкоджень;легко травмований;;;;;;;49.800298;24.047281;;;;;;;;;;;
2019-11-22;14:20:00;п'ятниця;місто;Львів;Шевченківський;вулиця;Шевченка Т.;360;;зіткнення лобове;перевищення безпечної швидкості, недодержання дистанції;2;легко травмований;без ушкоджень;;;;;;;;49.86883;23.953532;;;;;;;;;;;
2019-10-30;15:30:00;середа;місто;Львів;Сихівський;вулиця;Кавалерідзе І.;;;наїзд на пішохода - пішохід рухався у попутному напрямку;порушення правил маневрування;2;без ушкоджень;легко травмований;;;;;;;;49.792474;24.065992;;;;;;;;;;;
2019-11-13;16:02:00;середа;місто;Львів;Шевченківський;вулиця;Панча П.; 8А;;зіткнення лобове;порушення правил маневрування;3;без ушкоджень;легко травмований;без ушкоджень;;;;;;;49.861496;24.016076;;;;;;;;;;;
2019-10-31;7:01:00;четвер;місто;Львів;Галицький;вулиця;Городоцька;94;;зіткнення лобове;недодержання дистанції, перевищення безпечної швидкості;4;без ушкоджень;легко травмований;без ушкоджень;без ушкоджень;;;;;;49.837681;24.005615;;;;;;;;;;;
2019-11-23;15:19:00;субота;місто;Львів;Личаківський;вулиця;Хмельницького Б.;;Перехрестя вул. Хмельницького Б. - вул. Творча;зіткнення бокове;порушення правил маневрування, недодержання дистанції;2;легко травмований;без ушкоджень;;;;;;;;49.868332;24.056045;;;;;;;;;;;
2019-10-20;15:40:00;неділя;місто;Львів;Шевченківський;вулиця;Шевченка Т.;428;;наїзд на пішохода - пішохід рухався у попутному напрямку;порушення правил маневрування;2;без ушкоджень;легко травмований;;;;;;;;49.866864;24.050567;;;;;;;;;;;
2019-11-21;11:25:00;четвер;місто;Львів;Галицький;вулиця;Коперника М.;42;;наїзд на пішохода - пішохід рухався у попутному напрямку;перехід у невстановленому місці;2;без ушкоджень;легко травмований;;;;;;;;49.834952;24.020872;;;;;;;;;;;
2019-10-19;11:20:00;субота;місто;Львів;Шевченківський;вулиця;Миколайчука І.;2Б;;перекидання тз;порушення правил маневрування;1;легко травмований;;;;;;;;;49.859138;24.043343;;;;;;;;;;;
2019-11-21;6:10:00;четвер;місто;Львів;Сихівський;проспект;Червоної Калини, просп.;79;;наїзд на пішохода - пішохід рухався у попутному напрямку;порушення правил маневрування;2;без ушкоджень;помер у лікарні протягом 30 діб;;;;;;;;49.795169;24.056277;;;;;;;;;;;
2019-10-27;14:01:00;неділя;місто;Львів;Франківський;вулиця;Княгині Ольги;;;наїзд на пішохода - пішохід рухався у попутному напрямку;порушення правил маневрування;2;без ушкоджень;легко травмований;;;;;;;;49.823564;24.007566;;;;;;;;;;;
2019-11-10;16:15:00;неділя;місто;Львів;Сихівський;вулиця;Зелена;;Перехрестя вул. Зелена - вул. Навроцького В.;зіткнення бокове;невиконання вимог сигналів регулювання;3;без ушкоджень;без ушкоджень;легко травмований;;;;;;;49.809133;24.061174;;;;;;;;;;;
2019-11-24;15:40:00;неділя;місто;Львів;Сихівський;вулиця;Скорини Ф.;40;;зіткнення бокове;порушення правил маневрування;4;без ушкоджень;без ушкоджень;без ушкоджень;легко травмований;;;;;;49.798662;24.024749;;;;;;;;;;;
2019-11-02;22:26:00;субота;місто;Львів;Франківський;вулиця;Стрийська;;Перехрестя вул. Стрийська - вул. Володимира Великого;наїзд на пішохода - пішохід рухався у попутному напрямку;перехід у невстановленому місці;2;без ушкоджень;легко травмований;;;;;;;;49.808205;24.019074;;;;;;;;;;;
2019-11-21;18:53:00;четвер;місто;Львів;Франківський;вулиця;Стрийська;;Перехрестя вул. Стрийська - вул. Наукова;падіння пасажира;порушення правил маневрування;2;без ушкоджень;легко травмований;;;;;;;;49.801807;24.017916;;;;;;;;;;;
2019-11-03;22:10:00;неділя;місто;Львів;Сихівський;вулиця;Сихівська;7;;наїзд на пішохода - пішохід рухався у попутному напрямку;порушення правил маневрування;2;легко травмований;легко травмований;;;;;;;;49.794021;24.063343;;;;;;;;;;;
2019-11-03;19:38:00;неділя;місто;Львів;Личаківський;вулиця;Богданівська;157;;наїзд на пішохода - пішохід рухався у попутному напрямку;перехід у невстановленому місці;2;без ушкоджень;тяжко травмований;;;;;;;;49.849447;24.082729;;;;;;;;;;;
2019-11-25;9:50:00;понеділок;місто;Львів;Франківський;вулиця;Наукова; 49А;;зіткнення бокове;перевищення безпечної швидкості, недодержання дистанції;3;легко травмований;без ушкоджень;без ушкоджень;;;;;;;49.804729;23.98942;;;;;;;;;;;
2019-11-04;9:01:00;понеділок;місто;Львів;Сихівський;вулиця;Стрийська;35;;зіткнення бокове;керування транспортним засобом у нетверезому стані, перевищення безпечної швидкості, недодержання дистанції;3;без ушкоджень;легко травмований;без ушкоджень;;;;;;;49.816015;24.019922;;;;;;;;;;;
2019-11-16;18:55:00;субота;місто;Львів;Личаківський;вулиця;Пасічна;144;;наїзд на пішохода - пішохід рухався у попутному напрямку;перевищення безпечної швидкості;2;без ушкоджень;помер на місці дтп;;;;;;;;49.812058;24.079059;;;;;;;;;;;
2019-10-20;11:01:00;неділя;місто;Львів;Сихівський;вулиця;Сихівська;10;;наїзд на пішохода - пішохід рухався у попутному напрямку;порушення правил маневрування;2;без ушкоджень;легко травмований;;;;;;;;49.796523;24.065015;;;;;;;;;;;
2019-11-20;18:20:00;середа;місто;Львів;Личаківський;вулиця;Садова;;Перехрестя вул. Садова - вул. Кульпарківська;наїзд на велосипедиста - велосипедист рухався у попутному напрямку;порушення правил проїзду перехресть;2;без ушкоджень;легко травмований;;;;;;;;49.82147;23.988455;;;;;;;;;;;
2019-10-22;7:10:00;вівторок;місто;Львів;Личаківський;вулиця;Личаківська;99;;зіткнення лобове;порушення правил маневрування;4;без ушкоджень;без ушкоджень;легко травмований;легко травмований;;;;;;49.839079;24.05279;;;;;;;;;;;
2019-11-14;19:21:00;четвер;місто;Львів;Франківський;вулиця;Володимира Великого;16;;зіткнення лобове;недодержання дистанції;4;легко травмований;без ушкоджень;легко травмований;легко травмований;;;;;;49.810075;24.004376;;;;;;;;;;;
2019-11-14;20:03:00;четвер;місто;Львів;Шевченківський;вулиця;Липинського В.;3;;наїзд на пішохода - пішохід рухався у попутному напрямку;порушення правил проїзду пішохідних переходів;2;без ушкоджень;легко травмований;;;;;;;;49.855469;24.017041;;;;;;;;;;;
2019-10-23;9:01:00;середа;місто;Львів;Сихівський;вулиця;Хуторівка;4Б;;наїзд на пішохода - пішохід рухався у попутному напрямку;порушення правил маневрування;2;без ушкоджень;легко травмований;;;;;;;;49.799823;24.026515;;;;;;;;;;;
2019-10-30;8:50:00;середа;місто;Львів;Галицький;вулиця;Князя Романа;36;;наїзд на пішохода - пішохід рухався у попутному напрямку;перехід у невстановленому місці;2;без ушкоджень;легко травмований;;;;;;;;49.836761;24.033612;;;;;;;;;;;
2019-11-17;0:40:00;неділя;місто;Львів;Франківський;вулиця;Наукова;7;;наїзд на пішохода - пішохід рухався у попутному напрямку;перехід у невстановленому місці;2;без ушкоджень;помер у лікарні протягом 30 діб;;;;;;;;49.803029;24.005712;;;;;;;;;;;
2019-10-24;8:29:00;четвер;місто;Львів;Галицький;вулиця;Волоська;1;;наїзд на пішохода - пішохід рухався у попутному напрямку;порушення правил маневрування;2;без ушкоджень;легко травмований;;;;;;;;49.828533;24.033832;;;;;;;;;;;
2019-11-15;16:30:00;п'ятниця;місто;Львів;Галицький;вулиця;Франка І.;;;наїзд на пішохода - пішохід рухався у попутному напрямку;порушення правил маневрування;2;без ушкоджень;легко травмований;;;;;;;;49.832938;24.033902;;;;;;;;;;;
2019-10-29;16:40:00;вівторок;місто;Львів;Франківський;вулиця;Янева В.;;Перехрестя вул. Янева В. - вул. Володимира Великого;зіткнення лобове;порушення правил маневрування;4;без ушкоджень;без ушкоджень;без ушкоджень;легко травмований;;;;;;49.808995;24.011757;;;;;;;;;;;
2019-11-23;10:44:00;субота;місто;Львів;Галицький;вулиця;Коперника М.;16;;наїзд на пішохода - пішохід рухався у попутному напрямку;перехід у невстановленому місці;2;без ушкоджень;легко травмований;;;;;;;;49.832825;24.018502;;;;;;;;;;;
2019-10-21;14:12:00;понеділок;місто;Львів;Галицький;вулиця;Огієнка І.;;Перехрестя вул. Огієнка І. - вул. Щепкіна М.;зіткнення лобове;порушення правил маневрування;2;без ушкоджень;легко травмований;;;;;;;;49.840951;24.019139;;;;;;;;;;;
2019-11-15;19:10:00;п'ятниця;місто;Львів;Залізничний;вулиця;Виговського І.;4;;наїзд на пішохода - пішохід рухався у попутному напрямку;порушення правил маневрування;2;без ушкоджень;легко травмований;;;;;;;;49.830087;23.968182;;;;;;;;;;;
2019-11-20;10:01:00;середа;місто;Львів;Шевченківський;вулиця;Інструментальна;21;;падіння пасажира;порушення правил маневрування;2;без ушкоджень;легко травмований;;;;;;;;49.868245;24.028717;;;;;;;;;;;
2019-10-28;15:21:00;понеділок;місто;Львів;Сихівський;вулиця;Луганська;10;;наїзд на пішохода - пішохід рухався у попутному напрямку;порушення правил маневрування;3;без ушкоджень;без ушкоджень;помер на місці дтп;;;;;;;49.808049;24.050735;;;;;;;;;;;
2019-11-01;21:17:00;п'ятниця;місто;Львів;Франківський;вулиця;Володимира Великого;32;;наїзд на пішохода - пішохід рухався у попутному напрямку;порушення правил маневрування;2;легко травмований;без ушкоджень;;;;;;;;49.810878;23.995514;;;;;;;;;;;
2019-10-25;11:15:00;п'ятниця;місто;Львів;Личаківський;вулиця;Ярошинської Є.;;Перехрестя вул. Ярошинської Є. - вул. Пасічна;зіткнення лобове;порушення правил маневрування;2;без ушкоджень;легко травмований;;;;;;;;49.822702;24.075079;;;;;;;;;;;
2019-11-03;18:34:00;неділя;місто;Львів;Шевченківський;вулиця;Замарстинівська;34;;наїзд на велосипедиста - велосипедист рухався у попутному напрямку;невиконання вимог сигналів регулювання;2;без ушкоджень;легко травмований;;;;;;;;49.850811;24.027219;;;;;;;;;;;
2019-11-04;20:20:00;понеділок;місто;Львів;Галицький;вулиця;Зелена;78;;наїзд на пішохода - пішохід рухався у попутному напрямку;порушення правил проїзду пішохідних переходів;2;без ушкоджень;легко травмований;;;;;;;;49.825872;24.045387;;;;;;;;;;;
2019-11-13;16:57:00;середа;місто;Львів;Сихівський;вулиця;Гориня М.; 17А;;наїзд на пішохода - пішохід рухався у попутному напрямку;порушення правил маневрування;2;без ушкоджень;легко травмований;;;;;;;;49.787471;24.052548;;;;;;;;;;;
2019-11-14;13:05:00;четвер;місто;Львів;Галицький;вулиця;Волоська;;;наїзд на пішохода - пішохід рухався у попутному напрямку;порушення правил маневрування;2;без ушкоджень;легко травмований;;;;;;;;49.829215;24.03299;;;;;;;;;;;
2019-11-13;9:55:00;середа;місто;Львів;Шевченківський;вулиця;Шевська;313;;наїзд на велосипедиста - велосипедист рухався у попутному напрямку;порушення правил маневрування;2;без ушкоджень;легко травмований;;;;;;;;49.867952;23.952631;;;;;;;;;;;
2019-10-18;9:30:00;п'ятниця;місто;Львів;Личаківський;вулиця;Пекарська;7;;наїзд на пішохода - пішохід рухався у попутному напрямку;порушення правил маневрування;2;без ушкоджень;легко травмований;;;;;;;;49.837906;24.037437;;;;;;;;;;;
2019-11-06;17:56:00;середа;місто;Львів;Сихівський;проспект;Червоної Калини, просп.;57;;наїзд на пішохода - пішохід рухався у попутному напрямку;порушення правил проїзду пішохідних переходів;2;без ушкоджень;легко травмований;;;;;;;;49.797652;24.051835;;;;;;;;;;;
2019-11-13;15:40:00;середа;місто;Львів;Франківський;вулиця;Кульпарківська; 230А;;зіткнення бокове;порушення правил маневрування;2;без ушкоджень;легко травмований;;;;;;;;49.804027;23.980977;;;;;;;;;;;
2019-11-12;20:06:00;вівторок;місто;Львів;Шевченківський;проспект;Чорновола В., просп.;95;;зіткнення бокове;порушення правил маневрування;3;легко травмований;без ушкоджень;легко травмований;;;;;;;49.863505;24.017825;;;;;;;;;;;
2019-11-14;20:01:00;четвер;місто;Львів;Личаківський;вулиця;Богданівська;200;;наїзд на пішохода - пішохід рухався у попутному напрямку;порушення правил маневрування;2;без ушкоджень;помер на місці дтп;;;;;;;;49.848202;24.084338;;;;;;;;;;;
2019-10-25;11:01:00;п'ятниця;місто;Львів;Шевченківський;вулиця;Шевченка Т.;;Поворот На Рясне;зіткнення лобове;порушення правил маневрування;3;без ушкоджень;без ушкоджень;легко травмований;;;;;;;49.859978;23.970728;;;;;;;;;;;
2019-10-25;15:20:00;п'ятниця;місто;Львів;Шевченківський;вулиця;Замарстинівська;27;;наїзд на пішохода - пішохід рухався у попутному напрямку;порушення правил маневрування;2;без ушкоджень;тяжко травмований;;;;;;;;49.852598;24.027749;;;;;;;;;;;
2019-10-25;14:50:00;п'ятниця;місто;Львів;Галицький;вулиця;Замарстинівська;18;;наїзд на пішохода - пішохід рухався у попутному напрямку;пішоходи невиконання вимог сигналів регулювання;2;без ушкоджень;легко травмований;;;;;;;;49.849234;24.027816;;;;;;;;;;;
2019-10-30;11:20:00;середа;місто;Львів;Шевченківський;вулиця;Шевченка Т.;105;;наїзд на пішохода - пішохід рухався у попутному напрямку;недодержання дистанції;2;без ушкоджень;легко травмований;;;;;;;;49.849651;23.994951;;;;;;;;;;;
2019-10-30;22:08:00;середа;місто;Львів;Шевченківський;вулиця;Хмельницького Б.;188;;наїзд на пішохода - пішохід рухався у попутному напрямку;порушення правил маневрування;2;без ушкоджень;легко травмований;;;;;;;;49.863056;24.051572;;;;;;;;;;;
2019-11-09;20:45:00;субота;місто;Львів;Личаківський;вулиця;Пасічна;51;;наїзд на пішохода - пішохід рухався у попутному напрямку;порушення правил маневрування;2;без ушкоджень;легко травмований;;;;;;;;49.828043;24.07522;;;;;;;;;;;
2019-11-08;20:50:00;п'ятниця;місто;Львів;Сихівський;вулиця;Хуторівка; 4Б;;наїзд на пішохода - пішохід рухався у попутному напрямку;порушення правил проїзду пішохідних переходів;2;без ушкоджень;тяжко травмований;;;;;;;;49.801045;24.042838;;;;;;;;;;;
2019-10-21;23:30:00;понеділок;місто;Львів;Сихівський;проспект;Червоної Калини, просп.;;Перехрестя Червоної Калини, просп. - вул. Хуторівка;наїзд на інші види перешкод;перевищення безпечної швидкості, керування транспортним засобом у нетверезому стані;1;легко травмований;;;;;;;;;49.802435;24.046781;;;;;;;;;;;
2019-11-01;16:15:00;п'ятниця;місто;Львів;Сихівський;вулиця;Драгана М.;24;;наїзд на пішохода - пішохід рухався у попутному напрямку;порушення правил маневрування;2;без ушкоджень;легко травмований;;;;;;;;49.784739;24.054408;;;;;;;;;;;
2019-10-23;17:30:00;середа;місто;Львів;Личаківський;вулиця;Пасічна;;;наїзд на пішохода - пішохід рухався у попутному напрямку;порушення правил маневрування;2;без ушкоджень;легко травмований;;;;;;;;49.820653;24.075766;;;;;;;;;;;
2019-11-02;11:41:00;субота;місто;Львів;Залізничний;вулиця;Кульпарківська; 226А;;наїзд на пішохода - пішохід рухався у попутному напрямку;порушення правил маневрування;2;без ушкоджень;легко травмований;;;;;;;;49.804681;23.981121;;;;;;;;;;;
2019-11-02;18:39:00;субота;місто;Львів;Галицький;проспект;Свободи, просп.;18;;наїзд на пішохода - пішохід рухався у попутному напрямку;порушення правил маневрування;2;тяжко травмований;легко травмований;;;;;;;;49.842279;24.027754;;;;;;;;;;;
2019-10-21;18:01:00;понеділок;місто;Львів;Шевченківський;проспект;Чорновола В., просп.;;;падіння пасажира;порушення правил перевезення пасажирів;2;без ушкоджень;легко травмований;;;;;;;;49.858654;24.020426;;;;;;;;;;;
2019-11-16;14:05:00;субота;місто;Львів;Шевченківський;вулиця;Замарстинівська;301;;наїзд на пішохода - пішохід рухався у попутному напрямку;порушення правил проїзду пішохідних переходів;2;без ушкоджень;легко травмований;;;;;;;;49.8703;24.02056;;;;;;;;;;;
2019-11-12;13:46:00;вівторок;місто;Львів;Личаківський;площа;Митна, пл.;;;наїзд на пішохода - пішохід рухався у попутному напрямку;порушення правил маневрування;2;без ушкоджень;тяжко травмований;;;;;;;;49.839339;24.036326;;;;;;;;;;;
2019-11-18;7:58:00;понеділок;місто;Львів;Франківський;площа;Кропивницького М., пл.;8;;наїзд на пішохода - пішохід рухався у попутному напрямку;порушення правил маневрування;2;без ушкоджень;легко травмований;;;;;;;;49.836446;24.004279;;;;;;;;;;;
2019-11-04;17:40:00;понеділок;місто;Львів;Шевченківський;вулиця;Шевченка Т.;317;;наїзд на велосипедиста - велосипедист рухався у попутному напрямку;порушення правил маневрування;2;без ушкоджень;помер на місці дтп;;;;;;;;49.871455;23.938485;;;;;;;;;;;
2019-11-18;6:18:00;понеділок;місто;Львів;Галицький;вулиця;Бандери С.;96;;наїзд на пішохода - пішохід рухався у попутному напрямку;перехід у невстановленому місці;2;без ушкоджень;легко травмований;;;;;;;;49.836006;24.004585;;;;;;;;;;;
2019-10-21;13:40:00;понеділок;місто;Львів;Франківський;вулиця;Наукова;44;;наїзд на пішохода - пішохід рухався у попутному напрямку;порушення правил проїзду пішохідних переходів;2;без ушкоджень;легко травмований;;;;;;;;49.805089;23.995841;;;;;;;;;;;
2019-11-23;22:30:00;субота;місто;Львів;Залізничний;вулиця;Сяйво;15;;наїзд на інші види перешкод;перевищення безпечної швидкості;2;легко травмований;легко травмований;;;;;;;;49.836533;23.976867;;;;;;;;;;;
2019-10-21;9:15:00;понеділок;місто;Львів;Шевченківський;проспект;Чорновола В., просп.;57;;зіткнення лобове;порушення правил маневрування;20;легко травмований;легко травмований;легко травмований;легко травмований;легко травмований;легко травмований;легко травмований;легко травмований;без ушкоджень;49.855967;24.021923;легко травмований;легко травмований;легко травмований;легко травмований;легко травмований;легко травмований;легко травмований;легко травмований;легко травмований;легко травмований;легко травмований
2019-11-19;15:30:00;вівторок;місто;Львів;Залізничний;вулиця;Патона Є.;2;;наїзд на пішохода - пішохід рухався у попутному напрямку;порушення правил маневрування;2;без ушкоджень;легко травмований;;;;;;;;49.823511;23.961483;;;;;;;;;;;
2019-11-15;16:13:00;п'ятниця;місто;Львів;Залізничний;вулиця;Сяйво;10;;наїзд на пішохода - пішохід рухався у попутному напрямку;порушення правил користування освітлювальними приладами;2;без ушкоджень;легко травмований;;;;;;;;49.836761;23.977087;;;;;;;;;;;
2019-11-07;17:53:00;четвер;місто;Львів;Сихівський;вулиця;Зелена;147;;наїзд на пішохода - пішохід рухався у попутному напрямку;порушення правил маневрування;2;без ушкоджень;легко травмований;;;;;;;;49.813914;24.063454;;;;;;;;;;;
2019-11-07;8:20:00;четвер;місто;Львів;Залізничний;вулиця;Яворницького Д.;8;;зіткнення лобове;порушення правил маневрування;2;без ушкоджень;легко травмований;;;;;;;;49.825484;23.975805;;;;;;;;;;;
2019-10-19;9:01:00;субота;місто;Львів;Галицький;вулиця;Шпитальна;;Перехрестя вул. Шпитальна - вул. Таманська;наїзд на пішохода - пішохід рухався у попутному напрямку;порушення правил маневрування;2;без ушкоджень;легко травмований;;;;;;;;49.84508;24.020891;;;;;;;;;;;
2019-11-18;20:10:00;понеділок;місто;Львів;Сихівський;вулиця;Хуторівка;23;;наїзд на пішохода - пішохід рухався у попутному напрямку;порушення правил маневрування;2;без ушкоджень;помер у лікарні протягом 30 діб;;;;;;;;49.802008;24.025592;;;;;;;;;;;
2019-10-30;11:01:00;середа;місто;Львів;Франківський;вулиця;Коновальця Є.;;Перехрестя вул. Коновальця Є. - вул. Мельника А.;наїзд на пішохода - пішохід рухався у попутному напрямку;порушення правил проїзду перехресть;2;без ушкоджень;легко травмований;;;;;;;;49.830938;24.003646;;;;;;;;;;;
2019-10-27;13:02:00;неділя;місто;Львів;Залізничний;вулиця;Левандівська;;Перехрестя вул. Левандівська - вул. Шевченка Т.;наїзд на пішохода - пішохід рухався у попутному напрямку;порушення правил маневрування;4;без ушкоджень;без ушкоджень;легко травмований;легко травмований;;;;;;49.84926;23.995943;;;;;;;;;;;
2019-10-20;12:01:00;неділя;місто;Львів;Галицький;вулиця;Торгова;;Перехрестя вул. Торгова - вул. Різні;наїзд на інші види перешкод;порушення правил маневрування;1;тяжко травмований;;;;;;;;;49.84469;24.026875;;;;;;;;;;;
2019-11-20;13:05:00;середа;місто;Львів;Франківський;вулиця;Городоцька;112;;наїзд на пішохода - пішохід рухався у попутному напрямку;неочікуваний вихід на проїзну частину;2;без ушкоджень;легко травмований;;;;;;;;49.836772;24.002665;;;;;;;;;;;
2019-10-18;13:01:00;п'ятниця;місто;Львів;Личаківський;вулиця;Личаківська;31;;падіння пасажира;порушення правил перевезення пасажирів;2;без ушкоджень;легко травмований;;;;;;;;49.839958;24.042093;;;;;;;;;;;
2019-11-11;19:20:00;понеділок;місто;Львів;Франківський;вулиця;Героїв УПА;77;;наїзд на пішохода - пішохід рухався у попутному напрямку;порушення правил маневрування;2;без ушкоджень;легко травмований;;;;;;;;49.828287;23.990632;;;;;;;;;;;
2019-11-20;16:55:00;середа;місто;Львів;Залізничний;вулиця;Патона Є.;2;;наїзд на пішохода - пішохід рухався у попутному напрямку;неочікуваний вихід на проїзну частину;2;без ушкоджень;легко травмований;;;;;;;;49.822929;23.962781;;;;;;;;;;;
2019-11-10;18:01:00;неділя;місто;Львів;Шевченківський;проспект;Чорновола В., просп.;101;;зіткнення бокове;перевищення безпечної швидкості, недодержання дистанції, порушення правил маневрування;2;без ушкоджень;помер у лікарні протягом 30 діб;;;;;;;;49.865414;24.016837;;;;;;;;;;;
2019-11-14;15:05:00;четвер;місто;Львів;Галицький;вулиця;Дорошенка П.;25;;наїзд на пішохода - пішохід рухався у попутному напрямку;порушення правил маневрування;2;без ушкоджень;легко травмований;;;;;;;;49.83909014581543;24.025111052506283;;;;;;;;;;;
2019-11-07;20:01:00;четвер;місто;Львів;Шевченківський;вулиця;Творча;1;;наїзд на пішохода - пішохід рухався у попутному напрямку;порушення правил маневрування;2;без ушкоджень;легко травмований;;;;;;;;49.875296;24.048659;;;;;;;;;;;
2019-10-21;18:05:00;понеділок;місто;Львів;Залізничний;вулиця;Широка;65;;наїзд на пішохода - пішохід рухався у попутному напрямку;перевищення безпечної швидкості, недодержання дистанції;3;без ушкоджень;легко травмований;легко травмований;;;;;;;49.84194;23.968676;;;;;;;;;;;
2019-11-12;18:27:00;вівторок;місто;Львів;Залізничний;вулиця;Виговського І.;5;;наїзд на пішохода - пішохід рухався у попутному напрямку;порушення правил проїзду пішохідних переходів;2;без ушкоджень;легко травмований;;;;;;;;49.829132;23.968123;;;;;;;;;;;
2019-10-30;9:57:00;середа;місто;Львів;Шевченківський;вулиця;Шевченка Т.;158;;наїзд на пішохода - пішохід рухався у попутному напрямку;порушення правил маневрування;2;без ушкоджень;легко травмований;;;;;;;;49.855316;23.983122;;;;;;;;;;;
2019-10-22;12:01:00;вівторок;місто;Львів;Сихівський;вулиця;Навроцького В.; 1А;;наїзд на пішохода - пішохід рухався у попутному напрямку;порушення правил маневрування;2;без ушкоджень;легко травмований;;;;;;;;49.811643;24.047197;;;;;;;;;;;
2019-10-23;18:39:00;середа;місто;Львів;Галицький;вулиця;Орлика П.;;Лікарня;наїзд на пішохода - пішохід рухався у попутному напрямку;порушення правил маневрування;2;без ушкоджень;легко травмований;;;;;;;;49.839877;24.029312;;;;;;;;;;;
2019-11-12;17:52:00;вівторок;місто;Львів;Залізничний;вулиця;Городоцька;116;;зіткнення бокове;керування транспортним засобом у нетверезому стані, недодержання дистанції;2;без ушкоджень;легко травмований;;;;;;;;49.83552;23.994834;;;;;;;;;;;
2019-11-01;18:05:00;п'ятниця;місто;Львів;Личаківський;вулиця;Зелена;38;;наїзд на пішохода - пішохід рухався у попутному напрямку;порушення правил маневрування;2;легко травмований;без ушкоджень;;;;;;;;49.831787;24.041991;;;;;;;;;;;
2019-11-07;9:26:00;четвер;місто;Львів;Франківський;вулиця;Стрийська;;Перехрестя вул. Стрийська - вул. Наукова;наїзд на пішохода - пішохід рухався у попутному напрямку;порушення правил маневрування;2;без ушкоджень;легко травмований;;;;;;;;49.801918;24.017894;;;;;;;;;;;
2019-11-14;9:01:00;четвер;місто;Львів;Личаківський;вулиця;Коциловського Й.;15;;наїзд на пішохода - пішохід рухався у попутному напрямку;порушення правил маневрування;2;без ушкоджень;легко травмований;;;;;;;;49.829263;24.048471;;;;;;;;;;;
2019-11-04;23:45:00;понеділок;місто;Львів;Личаківський;вулиця;Хмельницького Б.;294;;наїзд на пішохода - пішохід рухався у попутному напрямку;порушення правил маневрування;2;без ушкоджень;легко травмований;;;;;;;;49.873633;24.060493;;;;;;;;;;;
2019-11-23;7:25:00;субота;місто;Львів;Личаківський;вулиця;Личаківська; 212Б;;зіткнення лобове;перевищення безпечної швидкості;4;без ушкоджень;без ушкоджень;без ушкоджень;легко травмований;;;;;;49.835492;24.080789;;;;;;;;;;;
2019-11-15;19:14:00;п'ятниця;місто;Львів;Залізничний;вулиця;Щирецька;36;;наїзд на пішохода - пішохід рухався у попутному напрямку;порушення правил маневрування;2;без ушкоджень;легко травмований;;;;;;;;49.812664;23.974738;;;;;;;;;;;
2019-11-08;18:39:00;п'ятниця;місто;Львів;Сихівський;вулиця;Луганська;10;;наїзд на інші види перешкод;перевищення безпечної швидкості;1;легко травмований;;;;;;;;;49.807991;24.050966;;;;;;;;;;;