accidentDate;accidentTime;accidentDay;settlementType;settlement;district;streetType;streetName;houseNumber;locationComments;accidentType;mainAccidentCause;totalParticipantsAmount;injuryStatusParticipant1;injuryStatusParticipant2;injuryStatusParticipant3;injuryStatusParticipant4;injuryStatusParticipant5;injuryStatusParticipant6;injuryStatusParticipant7;injuryStatusParticipant8;injuryStatusParticipant9;latitude;longitude;injuryStatusParticipant10;injuryStatusParticipant11;injuryStatusParticipant12;injuryStatusParticipant13;injuryStatusParticipant14;injuryStatusParticipant15;injuryStatusParticipant16;injuryStatusParticipant17;injuryStatusParticipant18;injuryStatusParticipant19;injuryStatusParticipant20
2019-12-19;15:30:00;четвер;місто;Львів;Сихівський;вулиця;Стрийська;119;;зіткнення лобове;перевищення безпечної швидкості;4;без ушкоджень;без ушкоджень;легко травмований;легко травмований;;;;;;49.781579;24.020453;;;;;;;;;;;
2019-12-08;20:20:00;неділя;місто;Львів;Франківський;вулиця;Наукова;35А;;зіткнення лобове;порушення правил маневрування;3;легко травмований;без ушкоджень;без ушкоджень;;;;;;;49.804075;23.995755;;;;;;;;;;;
2019-11-27;13:30:00;середа;місто;Львів;Шевченківський;вулиця;Шевченка Т.;290;;наїзд на пішохода - пішохід рухався у попутному напрямку;порушення правил проїзду пішохідних переходів;2;без ушкоджень;легко травмований;;;;;;;;49.862776;23.96373;;;;;;;;;;;
2019-12-09;15:15:00;понеділок;місто;Львів;Залізничний;вулиця;Петлюри С.;17;;падіння пасажира;порушення правил маневрування;2;без ушкоджень;легко травмований;;;;;;;;49.821816;23.979464;;;;;;;;;;;
2019-12-14;18:57:00;субота;місто;Львів;Сихівський;проспект;Червоної Калини, просп.;7;;наїзд на пішохода - пішохід рухався у попутному напрямку;перехід у невстановленому місці;2;без ушкоджень;легко травмований;;;;;;;;49.812837;24.045821;;;;;;;;;;;
2019-12-02;13:05:00;понеділок;місто;Львів;Франківський;вулиця;Княгині Ольги;34А;;наїзд на пішохода - пішохід рухався у попутному напрямку;порушення правил маневрування;3;без ушкоджень;легко травмований;легко травмований;;;;;;;49.823478;24.006009;;;;;;;;;;;
2019-12-24;17:30:00;вівторок;місто;Львів;Шевченківський;вулиця;Миколайчука І.; 9Б;;наїзд на пішохода - пішохід рухався у попутному напрямку;перевищення безпечної швидкості;2;без ушкоджень;легко травмований;;;;;;;;49.879423;24.035119;;;;;;;;;;;
2019-12-13;15:30:00;п'ятниця;місто;Львів;Личаківський;вулиця;Богданівська;44;;зіткнення лобове;порушення правил маневрування;5;легко травмований;легко травмований;легко травмований;легко травмований;легко травмований;;;;;49.855012;24.075964;;;;;;;;;;;
2019-12-25;4:20:00;середа;місто;Львів;Сихівський;проспект;Червоної Калини, просп.;36;;зіткнення лобове;перевищення безпечної швидкості, недодержання дистанції;6;легко травмований;тяжко травмований;легко травмований;легко травмований;легко травмований;легко травмований;;;;49.799951;24.047071;;;;;;;;;;;
2019-12-24;21:45:00;вівторок;місто;Львів;Личаківський;вулиця;Личаківська;201;;наїзд на пішохода - пішохід рухався у попутному напрямку;порушення правил маневрування;2;без ушкоджень;легко травмований;;;;;;;;49.835879;24.071812;;;;;;;;;;;
2019-12-14;22:20:00;субота;місто;Львів;Залізничний;вулиця;Любінська;94;;наїзд на пішохода - пішохід рухався у попутному напрямку;неочікуваний вихід на проїзну частину;2;тяжко травмований;без ушкоджень;;;;;;;;49.824641;23.976303;;;;;;;;;;;
2019-12-26;8:10:00;четвер;місто;Львів;Залізничний;вулиця;Городоцька;226;;наїзд на пішохода - пішохід рухався у попутному напрямку;порушення правил маневрування;4;без ушкоджень;без ушкоджень;без ушкоджень;легко травмований;;;;;;49.827311;23.949584;;;;;;;;;;;
2019-11-28;19:25:00;четвер;місто;Львів;Личаківський;вулиця;Зелена;109;;наїзд на пішохода - пішохід рухався у попутному напрямку;порушення правил проїзду пішохідних переходів;2;без ушкоджень;легко травмований;;;;;;;;49.823802;24.052682;;;;;;;;;;;
2019-12-26;16:50:00;четвер;місто;Львів;Шевченківський;вулиця;Грінченка Б.; 4Б;;наїзд на пішохода - пішохід рухався у попутному напрямку;порушення правил маневрування;2;без ушкоджень;легко травмований;;;;;;;;49.872077;24.053063;;;;;;;;;;;
2019-12-04;22:25:00;середа;місто;Львів;Сихівський;вулиця;Стрийська;77;;наїзд на пішохода - пішохід рухався у попутному напрямку;порушення правил маневрування;2;без ушкоджень;легко травмований;;;;;;;;49.789904;24.016422;;;;;;;;;;;
2019-12-04;16:36:00;середа;місто;Львів;Франківський;вулиця;Наукова;;Перехрестя вул. Наукова - вул. Симоненка В.;зіткнення лобове;порушення правил маневрування;2;легко травмований;без ушкоджень;;;;;;;;49.805186;23.98663;;;;;;;;;;;
2019-12-24;12:55:00;вівторок;місто;Рясне-Руське;Шевченківський;вулиця;Шевченка Т.;;Поворот На Рясне-2;зіткнення лобове;порушення правил маневрування, порушення правил проїзду перехресть;3;без ушкоджень;без ушкоджень;легко травмований;;;;;;;49.873315;23.898354;;;;;;;;;;;
2019-12-19;9:01:00;четвер;місто;Львів;Личаківський;вулиця;Цетнерівка;;Перехрестя вул. Цетнерівка - вул. Черемшини М.;зіткнення лобове;порушення правил маневрування;3;легко травмований;тяжко травмований;легко травмований;;;;;;;49.834675;24.060638;;;;;;;;;;;
2019-11-30;23:20:00;субота;місто;Львів;Сихівський;вулиця;Стуса В.;4;;наїзд на транспортний засіб, що стоїть - по ходу руху;недодержання дистанції, керування транспортним засобом у нетверезому стані;3;без ушкоджень;без ушкоджень;легко травмований;;;;;;;49.822234;24.038934;;;;;;;;;;;
2019-12-26;7:24:00;четвер;місто;Львів;Залізничний;вулиця;Кульпарківська;124;;наїзд на пішохода - пішохід рухався у попутному напрямку;порушення правил маневрування;2;без ушкоджень;легко травмований;;;;;;;;49.818683;23.987489;;;;;;;;;;;
2019-12-27;13:55:00;п'ятниця;місто;Львів;Франківський;вулиця;Кульпарківська;;Перехрестя вул. Кульпарківська - вул. Садова;зіткнення лобове;перевищення безпечної швидкості, недодержання дистанції;3;без ушкоджень;без ушкоджень;легко травмований;;;;;;;49.821315;23.988667;;;;;;;;;;;
2019-12-03;17:30:00;вівторок;місто;Львів;Галицький;вулиця;Городоцька;81;;наїзд на пішохода - пішохід рухався у попутному напрямку;перехід у невстановленому місці;2;без ушкоджень;легко травмований;;;;;;;;49.840972;24.014128;;;;;;;;;;;
2019-11-27;15:55:00;середа;місто;Львів;Франківський;вулиця;Мельника А.;14;;наїзд на транспортний засіб, що стоїть - по ходу руху;недодержання дистанції;2;помер на місці дтп;без ушкоджень;;;;;;;;49.83044;24.004381;;;;;;;;;;;
2019-12-23;19:35:00;понеділок;місто;Львів;Залізничний;вулиця;Виговського І.;5;;наїзд на пішохода - пішохід рухався у попутному напрямку;неочікуваний вихід на проїзну частину;2;без ушкоджень;легко травмований;;;;;;;;49.829166;23.96808;;;;;;;;;;;
2019-12-04;20:30:00;середа;місто;Львів;Залізничний;вулиця;Патона Є.;37;;наїзд на пішохода - пішохід рухався у попутному напрямку;перехід у невстановленому місці;2;без ушкоджень;легко травмований;;;;;;;;49.822961;23.962335;;;;;;;;;;;
2019-12-13;22:37:00;п'ятниця;місто;Львів;Сихівський;вулиця;Угорська;14;;наїзд на пішохода - пішохід рухався у попутному напрямку;порушення правил маневрування;2;без ушкоджень;легко травмований;;;;;;;;49.809569;24.046417;;;;;;;;;;;
2019-12-16;22:35:00;понеділок;місто;Львів;Галицький;вулиця;Під Дубом;16;;зіткнення лобове;невиконання вимог сигналів регулювання;2;без ушкоджень;легко травмований;;;;;;;;49.850516;24.021859;;;;;;;;;;;
2019-12-24;11:40:00;вівторок;місто;Львів;Франківський;вулиця;Наукова;94А;;наїзд на пішохода - пішохід рухався у попутному напрямку;порушення правил проїзду пішохідних переходів;2;без ушкоджень;легко травмований;;;;;;;;49.804909;23.989495;;;;;;;;;;;
2019-11-27;16:15:00;середа;місто;Львів;Франківський;вулиця;Стрийська;31;;зіткнення бокове;порушення правил маневрування;5;без ушкоджень;без ушкоджень;без ушкоджень;легко травмований;легко травмований;;;;;49.818177;24.02016;;;;;;;;;;;
2019-12-06;19:50:00;п'ятниця;місто;Львів;Шевченківський;вулиця;Клепарівська;;ОККО;наїзд на транспортний засіб, що стоїть - по ходу руху;порушення правил маневрування;2;легко травмований;без ушкоджень;;;;;;;;49.853554;24.014674;;;;;;;;;;;
2019-11-05;18:20:00;вівторок;місто;Львів;Галицький;вулиця;Замкнена;;Перехрестя вул. Замкнена - вул. Городоцька;наїзд на пішохода - пішохід рухався у попутному напрямку;перевищення безпечної швидкості, порушення правил проїзду перехресть;2;без ушкоджень;легко травмований;;;;;;;;49.841463;24.015394;;;;;;;;;;;
2019-11-30;19:01:00;субота;місто;Львів;Залізничний;вулиця;Кульчицької О.;;Перехрестя вул. Кульчицької О. - вул. Виговського І.;наїзд на пішохода - пішохід рухався у попутному напрямку;порушення правил маневрування;2;без ушкоджень;легко травмований;;;;;;;;49.81715;23.971846;;;;;;;;;;;
2019-12-26;23:04:00;четвер;місто;Львів;Залізничний;вулиця;Виговського І.;;Перехрестя вул. Виговського І. - вул. Любінська;наїзд на пішохода - пішохід рухався у попутному напрямку;пішоходи невиконання вимог сигналів регулювання;2;без ушкоджень;помер на місці дтп;;;;;;;;49.82068;23.968928;;;;;;;;;;;
2019-12-26;18:50:00;четвер;місто;Львів;Франківський;вулиця;Чупринки Т., ген.;98;;наїзд на пішохода - пішохід рухався у попутному напрямку;перевищення безпечної швидкості, недодержання дистанції;2;без ушкоджень;легко травмований;;;;;;;;49.827048;24.003571;;;;;;;;;;;
2019-12-08;14:01:00;неділя;місто;Львів;Залізничний;вулиця;Садова;29;;наїзд на пішохода - пішохід рухався у попутному напрямку;порушення правил маневрування;2;без ушкоджень;легко травмований;;;;;;;;49.822601;23.981583;;;;;;;;;;;
2019-11-29;10:01:00;п'ятниця;місто;Львів;Франківський;вулиця;Антоновича В.;23;;зіткнення лобове;перевищення безпечної швидкості, недодержання дистанції;2;без ушкоджень;легко травмований;;;;;;;;49.833711;24.004703;;;;;;;;;;;
2019-12-17;8:45:00;вівторок;місто;Львів;Сихівський;вулиця;Зелена;257;;наїзд на пішохода - пішохід рухався у попутному напрямку;перехід у невстановленому місці;2;без ушкоджень;легко травмований;;;;;;;;49.802948;24.064758;;;;;;;;;;;
2019-12-18;12:58:00;середа;місто;Львів;Сихівський;проспект;Червоної Калини, просп.;112;;наїзд на транспортний засіб, що стоїть - по ходу руху;недодержання дистанції, керування транспортним засобом у нетверезому стані;3;легко травмований;без ушкоджень;без ушкоджень;;;;;;;49.782208;24.058198;;;;;;;;;;;
2019-12-09;21:54:00;понеділок;місто;Львів;Галицький;вулиця;Зелена;96;;наїзд на інші види перешкод;перевищення безпечної швидкості, недодержання дистанції;1;легко травмований;;;;;;;;;49.828086;24.039921;;;;;;;;;;;
2019-11-28;17:40:00;четвер;місто;Львів;Сихівський;проспект;Червоної Калини, просп.;7;;наїзд на пішохода - пішохід рухався у попутному напрямку;порушення правил проїзду пішохідних переходів;3;легко травмований;без ушкоджень;легко травмований;;;;;;;49.81319;24.045768;;;;;;;;;;;
2019-12-27;8:40:00;п'ятниця;місто;Львів;Франківський;вулиця;Суха;5;;наїзд на пішохода - пішохід рухався у попутному напрямку;порушення правил маневрування;2;без ушкоджень;легко травмований;;;;;;;;49.831754;23.977719;;;;;;;;;;;
2019-12-28;7:10:00;субота;місто;Львів;Залізничний;вулиця;Виговського І.;;Перехрестя вул. Виговського І. - вул. Кульпарківська;наїзд на пішохода - пішохід рухався у попутному напрямку;недодержання дистанції;2;без ушкоджень;легко травмований;;;;;;;;49.811962;23.983796;;;;;;;;;;;
2019-12-11;17:10:00;середа;місто;Львів;Франківський;вулиця;Городоцька;112;;наїзд на пішохода - пішохід рухався у попутному напрямку;перехід у невстановленому місці;2;тяжко травмований;без ушкоджень;;;;;;;;49.836785;24.002761;;;;;;;;;;;
2019-12-25;23:47:00;середа;місто;Львів;Галицький;вулиця;Кривоноса М.;7;;наїзд на пішохода - пішохід рухався у попутному напрямку;порушення правил маневрування;2;без ушкоджень;легко травмований;;;;;;;;49.84504;24.037457;;;;;;;;;;;
2019-11-08;13:30:00;п'ятниця;місто;Львів;Личаківський;вулиця;Личаківська;;;наїзд на пішохода - на нерегульованому пішохідному переході;порушення правил перевезення пасажирів;2;без ушкоджень;легко травмований;;;;;;;;49.840543;24.04742;;;;;;;;;;;
2019-12-02;1:01:00;понеділок;село;Пасіки-Зубрицькі;;вулиця;Зелена;477;;наїзд на пішохода - пішохід рухався у попутному напрямку;перехід у невстановленому місці;2;без ушкоджень;легко травмований;;;;;;;;49.782429;24.097749;;;;;;;;;;;
2019-12-22;23:52:00;неділя;місто;Львів;Шевченківський;вулиця;Липинського В.;9;;перекидання тз;недодержання дистанції, керування транспортним засобом у нетверезому стані;2;легко травмований;без ушкоджень;;;;;;;;49.858898;24.025483;;;;;;;;;;;
2019-12-21;13:26:00;субота;місто;Львів;Франківський;вулиця;Володимира Великого;61;;наїзд на пішохода - пішохід рухався у попутному напрямку;порушення правил маневрування;2;без ушкоджень;легко травмований;;;;;;;;49.810805;23.995825;;;;;;;;;;;
2019-12-24;8:45:00;вівторок;місто;Львів;Галицький;вулиця;Дорошенка П.;25;;наїзд на велосипедиста - велосипедист рухався у попутному напрямку;порушення правил маневрування;2;без ушкоджень;легко травмований;;;;;;;;49.839138;24.025356;;;;;;;;;;;
2019-11-30;14:12:00;субота;місто;Львів;Залізничний;вулиця;Городоцька;124;;зіткнення бокове;порушення правил проїзду перехресть;3;легко травмований;без ушкоджень;без ушкоджень;;;;;;;49.835476;23.992215;;;;;;;;;;;
2019-12-08;21:01:00;неділя;місто;Львів;Франківський;вулиця;Наукова;12;;падіння пасажира;порушення правил маневрування;1;легко травмований;;;;;;;;;49.803417;24.004478;;;;;;;;;;;
2019-12-05;22:01:00;четвер;місто;Львів;Шевченківський;вулиця;Хмельницького Б.;;;падіння пасажира;порушення правил маневрування;2;без ушкоджень;легко травмований;;;;;;;;49.872469;24.058571;;;;;;;;;;;
2019-12-12;11:13:00;четвер;місто;Львів;Шевченківський;вулиця;Грекова О., ген.;5;;наїзд на пішохода - на регульованому пішохідному переході;порушення правил проїзду пішохідних переходів;2;без ушкоджень;легко травмований;;;;;;;;49.85119;24.018769;;;;;;;;;;;
2019-12-24;7:40:00;вівторок;місто;Львів;Сихівський;вулиця;Стрийська;35;;наїзд на пішохода - пішохід рухався у попутному напрямку;невиконання вимог сигналів регулювання;2;легко травмований;без ушкоджень;;;;;;;;49.81588;24.021912;;;;;;;;;;;
2019-11-26;14:15:00;вівторок;місто;Львів;Франківський;вулиця;Княгині Ольги;100;;наїзд на велосипедиста - велосипедист рухався у попутному напрямку;перевищення безпечної швидкості, недодержання дистанції, порушення правил маневрування;2;без ушкоджень;легко травмований;;;;;;;;49.816257;24.00223;;;;;;;;;;;
2019-12-03;8:23:00;вівторок;місто;Львів;Шевченківський;проспект;Чорновола В., просп.; 67Ж;;наїзд на пішохода - пішохід рухався у попутному напрямку;перехід у невстановленому місці;2;без ушкоджень;легко травмований;;;;;;;;49.859401;24.018055;;;;;;;;;;;
2019-12-07;18:40:00;субота;місто;Львів;Личаківський;вулиця;Зелена;89;;наїзд на пішохода - пішохід рухався у попутному напрямку;перевищення безпечної швидкості, недодержання дистанції;2;без ушкоджень;легко травмований;;;;;;;;49.828244;24.045801;;;;;;;;;;;
2019-12-07;14:10:00;субота;місто;Львів;Франківський;вулиця;Бойчука М.;38;;наїзд на пішохода - пішохід рухався у попутному напрямку;порушення правил маневрування;2;без ушкоджень;легко травмований;;;;;;;;49.81264;23.988076;;;;;;;;;;;
2019-11-27;21:05:00;середа;місто;Львів;Залізничний;вулиця;Патона Є.; 2/2;;наїзд на пішохода - пішохід рухався у попутному напрямку;порушення правил маневрування;2;без ушкоджень;легко травмований;;;;;;;;49.822747;23.96498;;;;;;;;;;;
2019-12-08;17:40:00;неділя;місто;Львів;Залізничний;вулиця;Кульпарківська;234;;зіткнення бокове;порушення правил маневрування;4;легко травмований;легко травмований;без ушкоджень;без ушкоджень;;;;;;49.802915;23.980322;;;;;;;;;;;
2019-12-26;6:15:00;четвер;місто;Львів;Франківський;вулиця;Любінська;;Перехрестя вул. Любінська - вул. Окружна;наїзд на пішохода - пішохід рухався у попутному напрямку;порушення правил маневрування;2;без ушкоджень;легко травмований;;;;;;;;49.827083;23.982704;;;;;;;;;;;
2019-11-26;1:30:00;вівторок;місто;Львів;Шевченківський;вулиця;Гайдамацька;14;;зіткнення лобове;порушення правил маневрування;2;без ушкоджень;легко травмований;;;;;;;;49.853248;24.028382;;;;;;;;;;;
2019-11-28;18:30:00;четвер;місто;Львів;Франківський;вулиця;Княгині Ольги;69;;наїзд на пішохода - пішохід рухався у попутному напрямку;порушення правил маневрування;2;без ушкоджень;легко травмований;;;;;;;;49.807229;23.999162;;;;;;;;;;;
2019-12-19;14:40:00;четвер;місто;Львів;Шевченківський;вулиця;Миколайчука І.;24;;наїзд на пішохода - пішохід рухався у попутному напрямку;порушення правил маневрування, неочікуваний вихід на проїзну частину;2;без ушкоджень;легко травмований;;;;;;;;49.818832;24.136013;;;;;;;;;;;
2019-12-21;18:15:00;субота;місто;Львів;Сихівський;вулиця;Трильовського К.;;;наїзд на пішохода - пішохід рухався у попутному напрямку;порушення правил маневрування;2;без ушкоджень;легко травмований;;;;;;;;49.784908;24.064629;;;;;;;;;;;
2019-12-10;11:45:00;вівторок;місто;Львів;Франківський;вулиця;Робітнича;;Перехрестя вул. Робітнича - вул. Кульпарківська;наїзд на пішохода - пішохід рухався у попутному напрямку;порушення правил маневрування;2;без ушкоджень;легко травмований;;;;;;;;49.827436;23.990021;;;;;;;;;;;
2019-12-23;12:55:00;понеділок;місто;Львів;Галицький;вулиця;Винниченка В.;16;;наїзд на велосипедиста - велосипедист рухався у попутному напрямку;порушення правил маневрування;2;легко травмований;без ушкоджень;;;;;;;;49.841238;24.036775;;;;;;;;;;;
2019-12-11;19:01:00;середа;місто;Львів;Залізничний;вулиця;Городоцька;174;;наїзд на пішохода - пішохід рухався у попутному напрямку;перехід у невстановленому місці;2;без ушкоджень;легко травмований;;;;;;;;49.83081;23.9691;;;;;;;;;;;
2019-12-11;11:40:00;середа;місто;Львів;Шевченківський;вулиця;Шевченка Т.;300;;зіткнення бокове;порушення правил маневрування;3;без ушкоджень;легко травмований;легко травмований;;;;;;;49.863378;23.962308;;;;;;;;;;;
2019-12-23;8:20:00;понеділок;місто;Львів;Залізничний;вулиця;Зелена;95А;;наїзд на пішохода - пішохід рухався у попутному напрямку;порушення правил проїзду пішохідних переходів;2;без ушкоджень;легко травмований;;;;;;;;49.82564;24.046422;;;;;;;;;;;
2019-12-24;9:55:00;вівторок;місто;Львів;Сихівський;вулиця;Сихівська;2;;зіткнення лобове;порушення правил маневрування;4;без ушкоджень;без ушкоджень;без ушкоджень;легко травмований;;;;;;49.795578;24.066373;;;;;;;;;;;
2019-12-12;17:23:00;четвер;місто;Львів;Залізничний;вулиця;Широка;85;;наїзд на пішохода - пішохід рухався у попутному напрямку;порушення правил проїзду пішохідних переходів;2;без ушкоджень;легко травмований;;;;;;;;49.841833;23.963826;;;;;;;;;;;
2019-12-04;11:15:00;середа;місто;Львів;Шевченківський;проспект;Чорновола В., просп.;103;;наїзд на пішохода - пішохід рухався у попутному напрямку;перехід у невстановленому місці;2;без ушкоджень;легко травмований;;;;;;;;49.866379;24.015539;;;;;;;;;;;
2019-12-26;9:30:00;четвер;місто;Львів;Галицький;вулиця;Зернова;1;;наїзд на пішохода - пішохід рухався у попутному напрямку;порушення правил маневрування;2;без ушкоджень;помер у лікарні протягом 30 діб;;;;;;;;49.846572;24.024385;;;;;;;;;;;
2019-12-23;20:06:00;понеділок;місто;Львів;Сихівський;вулиця;Стрийська;133;;наїзд на пішохода - пішохід рухався у попутному напрямку;перехід у невстановленому місці;2;помер на місці дтп;без ушкоджень;;;;;;;;49.80482;24.018554;;;;;;;;;;;
2019-12-18;14:09:00;середа;місто;Львів;Франківський;вулиця;Стрийська;104;;зіткнення лобове;порушення правил маневрування;3;без ушкоджень;без ушкоджень;легко травмований;;;;;;;49.80815;24.019171;;;;;;;;;;;
2019-12-11;7:30:00;середа;місто;Львів;Франківський;вулиця;Княгині Ольги;100Б;;наїзд на транспортний засіб, що стоїть - по ходу руху;перевищення безпечної швидкості;2;легко травмований;без ушкоджень;;;;;;;;49.81654;24.001876;;;;;;;;;;;
2019-12-02;20:10:00;понеділок;місто;Львів;Франківський;вулиця;Наукова;2;;зіткнення лобове;порушення правил маневрування;4;без ушкоджень;легко травмований;без ушкоджень;легко травмований;;;;;;49.802045;24.015474;;;;;;;;;;;
2019-11-26;22:30:00;вівторок;місто;Львів;Франківський;вулиця;Княгині Ольги;65;;наїзд на пішохода - пішохід рухався у попутному напрямку;неочікуваний вихід на проїзну частину;2;без ушкоджень;легко травмований;;;;;;;;49.809836;23.999811;;;;;;;;;;;
2019-12-21;18:18:00;субота;місто;Львів;Шевченківський;вулиця;Шевченка Т.;;Перехрестя вул. Шевченка Т. - вул. Величковського І.;зіткнення лобове;невиконання вимог сигналів регулювання;4;без ушкоджень;легко травмований;легко травмований;легко травмований;;;;;;49.872789;23.928512;;;;;;;;;;;
2019-12-27;16:05:00;п'ятниця;місто;Львів;Франківський;вулиця;Княгині Ольги;26;;зіткнення бокове;недодержання дистанції;2;без ушкоджень;легко травмований;;;;;;;;49.823691;24.00723;;;;;;;;;;;
2019-12-27;17:30:00;п'ятниця;місто;Львів;Франківський;вулиця;Симоненка В.;;Перехрестя вул. Симоненка В. - вул. Наукова;наїзд на пішохода - пішохід рухався у попутному напрямку;порушення правил маневрування;2;без ушкоджень;легко травмований;;;;;;;;49.8052;23.986545;;;;;;;;;;;
2019-12-25;17:50:00;середа;місто;Львів;Сихівський;вулиця;Стуса В.; 22А;;зіткнення бокове;порушення правил маневрування, недодержання дистанції;4;легко травмований;без ушкоджень;без ушкоджень;без ушкоджень;;;;;;49.818036;24.043295;;;;;;;;;;;
2019-11-27;11:45:00;середа;місто;Львів;Залізничний;вулиця;Кульпарківська;;Перехрестя вул. Кульпарківська - вул. Виговського І.;наїзд на пішохода - пішохід рухався у попутному напрямку;порушення правил проїзду пішохідних переходів;2;без ушкоджень;легко травмований;;;;;;;;49.812068;23.983713;;;;;;;;;;;
2019-12-27;12:35:00;п'ятниця;місто;Львів;Шевченківський;вулиця;Шевченка Т.;386;;зіткнення лобове;порушення правил маневрування;3;без ушкоджень;без ушкоджень;легко травмований;;;;;;;49.871192;23.945335;;;;;;;;;;;
2019-12-20;11:01:00;п'ятниця;місто;Львів;Галицький;вулиця;Костюшка Т.;22;;наїзд на пішохода - пішохід рухався у попутному напрямку;порушення правил маневрування;2;без ушкоджень;легко травмований;;;;;;;;49.841324;24.022899;;;;;;;;;;;
2019-12-02;19:30:00;понеділок;місто;Львів;Галицький;вулиця;Дорошенка П.;82;;наїзд на велосипедиста - велосипедист рухався у попутному напрямку;порушення правил маневрування;2;без ушкоджень;легко травмований;;;;;;;;49.838072;24.02342;;;;;;;;;;;
2019-12-12;17:01:00;четвер;місто;Львів;Франківський;вулиця;Кульпарківська;52;;наїзд на пішохода - пішохід рухався у попутному напрямку;невиконання вимог сигналів регулювання;2;без ушкоджень;легко травмований;;;;;;;;49.829069;23.990246;;;;;;;;;;;
2019-11-26;11:30:00;вівторок;місто;Львів;Шевченківський;проспект;Чорновола В., просп.;43;;зіткнення лобове;порушення правил маневрування;3;без ушкоджень;без ушкоджень;легко травмований;;;;;;;49.854064;24.022921;;;;;;;;;;;
2019-12-19;8:45:00;четвер;місто;Львів;Залізничний;вулиця;Городоцька;;Перехрестя Городоцька - Виговського;наїзд на транспортний засіб, що стоїть - по ходу руху;перевищення безпечної швидкості, недодержання дистанції;6;легко травмований;без ушкоджень;без ушкоджень;без ушкоджень;без ушкоджень;без ушкоджень;;;;49.830731;23.96886;;;;;;;;;;;
2019-12-13;9:30:00;п'ятниця;місто;Львів;Франківський;вулиця;Тролейбусна;1;;наїзд на пішохода - на регульованому пішохідному переході;порушення правил проїзду пішохідних переходів, перевищення безпечної швидкості;3;без ушкоджень;легко травмований;легко травмований;;;;;;;49.809618;24.008024;;;;;;;;;;;
2019-12-28;17:15:00;субота;місто;Львів;Сихівський;вулиця;Пирогівка;;Церква;наїзд на пішохода - пішохід рухався у попутному напрямку;порушення правил маневрування;2;без ушкоджень;легко травмований;;;;;;;;49.805076;24.076774;;;;;;;;;;;
2019-11-29;22:34:00;п'ятниця;місто;Львів;Залізничний;вулиця;Городоцька;174;;наїзд на пішохода - пішохід рухався у попутному напрямку;порушення правил маневрування;3;легко травмований;без ушкоджень;легко травмований;;;;;;;49.837138;24.002359;;;;;;;;;;;
2019-12-27;15:20:00;п'ятниця;місто;Львів;Сихівський;проспект;Червоної Калини, просп.;7;;наїзд на інші види перешкод;порушення правил маневрування;2;легко травмований;тяжко травмований;;;;;;;;49.840723;24.027729;;;;;;;;;;;
2019-12-31;18:45:00;вівторок;місто;Львів;Сихівський;вулиця;Пасічна;;Перехрестя вул. Пасічна - вул. Пимоненка М.;зіткнення лобове;порушення правил проїзду перехресть;3;без ушкоджень;без ушкоджень;легко травмований;;;;;;;49.80919;24.078826;;;;;;;;;;;
2019-12-25;17:25:00;середа;місто;Львів;Галицький;проспект;Свободи, просп.;11;;наїзд на пішохода - пішохід рухався у попутному напрямку;порушення правил маневрування;2;без ушкоджень;легко травмований;;;;;;;;49.840906;24.027588;;;;;;;;;;;
2019-12-11;17:15:00;середа;місто;Львів;Сихівський;вулиця;Мирного Панаса;;;падіння пасажира;порушення правил маневрування;1;легко травмований;;;;;;;;;49.815101;24.031863;;;;;;;;;;;
2020-01-14;14:39:00;вівторок;місто;Львів;Франківський;вулиця;Бойчука М.;;;наїзд на пішохода - пішохід рухався у попутному напрямку;порушення правил маневрування;2;без ушкоджень;легко травмований;;;;;;;;49.812733;23.999408;;;;;;;;;;;
2020-01-07;21:45:00;вівторок;місто;Львів;Сихівський;проспект;Червоної Калини, просп.;121;;наїзд на пішохода - пішохід рухався у попутному напрямку;неочікуваний вихід на проїзну частину;2;без ушкоджень;легко травмований;;;;;;;;49.783335;24.059409;;;;;;;;;;;
2020-02-03;11:30:00;понеділок;місто;Львів;Шевченківський;вулиця;Лук?яненка Л.;;Перехрестя вул. Шеремети П. - вул. Замарстинівська;наїзд на пішохода - пішохід рухався у попутному напрямку;порушення правил маневрування;2;без ушкоджень;легко травмований;;;;;;;;49.864632;24.025776;;;;;;;;;;;
2020-02-03;7:25:00;понеділок;місто;Львів;Шевченківський;вулиця;Шевченка Т.;;Перехрестя вул. Шевченка Т. - вул. Величковського І.;зіткнення бокове;порушення правил маневрування;5;легко травмований;без ушкоджень;легко травмований;легко травмований;легко травмований;;;;;49.872803;23.928545;;;;;;;;;;;
2020-01-27;1:40:00;понеділок;місто;Львів;Шевченківський;вулиця;Липинського В.;;Перехрестя вул. Липинського В. - вул. Промислова;зіткнення бокове;порушення правил маневрування;4;легко травмований;легко травмований;легко травмований;легко травмований;;;;;;49.865224;24.044309;;;;;;;;;;;