accidentDate;accidentTime;accidentDay;settlementType;settlement;district;streetType;streetName;houseNumber;locationComments;accidentType;mainAccidentCause;totalParticipantsAmount;injuryStatusParticipant1;injuryStatusParticipant2;injuryStatusParticipant3;injuryStatusParticipant4;injuryStatusParticipant5;injuryStatusParticipant6;injuryStatusParticipant7;injuryStatusParticipant8;injuryStatusParticipant9;latitude;longitude;injuryStatusParticipant10;injuryStatusParticipant11;injuryStatusParticipant12;injuryStatusParticipant13;injuryStatusParticipant14;injuryStatusParticipant15;injuryStatusParticipant16;injuryStatusParticipant17;injuryStatusParticipant18;injuryStatusParticipant19;injuryStatusParticipant20
2020-09-25;13:55:00;п'ятниця;місто;Львів;Личаківський;вулиця;Пасічна;51;;наїзд на пішохода - пішохід рухався у попутному напрямку;порушення правил проїзду пішохідних переходів;2;без ушкоджень;легко травмований;;;;;;;;49.827837;24.07156;;;;;;;;;;;
2020-09-26;21:30:00;субота;місто;Львів;Шевченківський;проспект;Чорновола В., просп.;103;;зіткнення бокове;перевищення безпечної швидкості,недодержання дистанції;4;без ушкоджень;без ушкоджень;без ушкоджень;легко травмований;;;;;;49.866282;24.015459;;;;;;;;;;;
2020-09-24;18:52:00;четвер;місто;Львів;Сихівський;вулиця;Козельницька;;вул. Луганська - вул. Козельницька;зіткнення бокове;перевищення безпечної швидкості;2;легко травмований;без ушкоджень;;;;;;;;49.810892;24.024932;;;;;;;;;;;
2020-09-18;18:49:00;п'ятниця;місто;Львів;Залізничний;вулиця;Сірка І.;21;;наїзд на пішохода - пішохід рухався у попутному напрямку;перехід у невстановленому місці;2;без ушкоджень;легко травмований;;;;;;;;49.843667;23.963826;;;;;;;;;;;
2020-10-02;17:55:00;п'ятниця;місто;Львів;Франківський;вулиця;Народна;6;;зіткнення бокове;порушення правил маневрування,перевищення безпечної швидкості;2;без ушкоджень;легко травмований;;;;;;;;49.833325;23.983905;;;;;;;;;;;
2020-10-03;18:01:00;субота;місто;Львів;Галицький;вулиця;Коцюбинського М.;2;;зіткнення бокове;порушення правил проїзду перехресть;3;без ушкоджень;без ушкоджень;легко травмований;;;;;;;49.830083;24.030243;;;;;;;;;;;
2020-09-29;15:10:00;вівторок;місто;Львів;Личаківський;вулиця;Глинянський Тракт;;;падіння пасажира;порушення правил маневрування;2;без ушкоджень;легко травмований;;;;;;;;49.841331;24.096773;;;;;;;;;;;
2020-09-29;20:34:00;вівторок;місто;Львів;Залізничний;вулиця;Любінська;;вул. Любінська - вул. Виговського І.;зіткнення бокове;порушення правил проїзду перехресть;4;без ушкоджень;без ушкоджень;легко травмований;легко травмований;;;;;;49.820625;23.968928;;;;;;;;;;;
2020-10-02;17:01:00;п'ятниця;місто;Львів;Личаківський;вулиця;Пасічна;51;;наїзд на пішохода - на нерегульованому пішохідному переході;порушення правил маневрування,недодержання дистанції;2;без ушкоджень;легко травмований;;;;;;;;49.827868;24.071184;;;;;;;;;;;
2020-09-10;14:01:00;четвер;місто;Львів;Франківський;вулиця;Княгині Ольги;104;;наїзд на пішохода - стояв на проїздній частині;порушення правил маневрування;2;без ушкоджень;легко травмований;;;;;;;;49.811245;23.999178;;;;;;;;;;;
2020-09-21;11:30:00;понеділок;місто;Львів;Галицький;вулиця;Дорошенка П.;25;;наїзд на пішохода - пішохід рухався у попутному напрямку;порушення правил проїзду пішохідних переходів;2;без ушкоджень;легко травмований;;;;;;;;49.839079;24.025426;;;;;;;;;;;
2020-09-30;12:30:00;середа;місто;Львів;Шевченківський;вулиця;Мазепи І., гетьм.;24;;падіння пасажира;порушення правил маневрування;2;без ушкоджень;легко травмований;;;;;;;;49.835716;23.891149;;;;;;;;;;;
2020-09-28;17:01:00;понеділок;місто;Львів;Галицький;проспект;Чорновола В., просп.;2Б;;наїзд на пішохода - пішохід на тротуарі чи велосипедній доріжці;порушення правил маневрування;2;без ушкоджень;легко травмований;;;;;;;;49.848101;24.025769;;;;;;;;;;;
2020-09-29;14:29:00;вівторок;місто;Львів;Шевченківський;вулиця;Хмельницького Б.;74;;зіткнення бокове;порушення правил маневрування;2;без ушкоджень;легко травмований;;;;;;;;49.852923;24.03571;;;;;;;;;;;
2020-09-24;15:50:00;четвер;місто;Львів;Залізничний;вулиця;Ярослава Мудрого;;вул. Ярослава Мудрого - вул. Городоцька;зіткнення бокове;невиконання вимог сигналів регулювання;2;без ушкоджень;легко травмований;;;;;;;;49.840134;24.011934;;;;;;;;;;;
2020-10-01;19:20:00;четвер;місто;Львів;Личаківський;вулиця;Пасічна;65;;наїзд на пішохода - пішохід рухався у попутному напрямку;перевищення безпечної швидкості;2;легко травмований;без ушкоджень;;;;;;;;49.824692;24.075235;;;;;;;;;;;
2020-09-27;19:58:00;неділя;місто;Львів;Сихівський;вулиця;Стрийська;133;;зіткнення бокове;порушення правил проїзду перехресть;2;без ушкоджень;легко травмований;;;;;;;;49.804752;24.01871;;;;;;;;;;;
2020-09-20;16:20:00;неділя;місто;Львів;Личаківський;вулиця;Рудакі А.;;вул. Пасічна - вул. Рудакі А.;зіткнення бокове;порушення правил маневрування;2;без ушкоджень;легко травмований;;;;;;;;49.81238;24.08098;;;;;;;;;;;
2020-10-02;18:10:00;п'ятниця;місто;Львів;Сихівський;вулиця;Хуторівка;4Б;;зіткнення бокове;порушення правил маневрування,порушення правил проїзду перехресть;2;без ушкоджень;легко травмований;;;;;;;;49.800119;24.032748;;;;;;;;;;;
2020-09-28;14:34:00;понеділок;місто;Львів;Сихівський;вулиця;Вашингтона Дж.;8;;наїзд на пішохода - пішохід рухався у попутному напрямку;перехід у невстановленому місці;2;без ушкоджень;легко травмований;;;;;;;;49.814914;24.073883;;;;;;;;;;;
2020-11-14;16:04:00;субота;місто;Львів;Шевченківський;вулиця;Липинського В.;36;;зіткнення бокове;порушення правил маневрування,перевищення безпечної швидкості;2;без ушкоджень;легко травмований;;;;;;;;49.862845;24.031177;;;;;;;;;;;
2020-11-17;11:52:00;вівторок;місто;Львів;Личаківський;вулиця;Новознесенська;18;;наїзд на пішохода - пішохід рухався у попутному напрямку;неочікуваний вихід на проїзну частину;2;без ушкоджень;легко травмований;;;;;;;;49.855756;24.050531;;;;;;;;;;;
2020-11-16;18:35:00;понеділок;місто;Львів;Франківський;вулиця;Наукова;55;;наїзд на пішохода - пішохід рухався у попутному напрямку;порушення правил проїзду пішохідних переходів;2;без ушкоджень;легко травмований;;;;;;;;49.804473;23.9856;;;;;;;;;;;
2020-11-22;15:10:00;неділя;місто;Львів;Галицький;вулиця;Городоцька;45;;зіткнення бокове;недодержання дистанції;6;легко травмований;без ушкоджень;без ушкоджень;легко травмований;легко травмований;легко травмований;;;;49.842892;24.019504;;;;;;;;;;;
2020-11-12;17:30:00;четвер;місто;Львів;Сихівський;проспект;Червоної Калини, просп.;7;;наїзд на пішохода - пішохід рухався у зустрічному напрямку;перевищення безпечної швидкості,недодержання дистанції;2;без ушкоджень;легко травмований;;;;;;;;49.81147;24.046165;;;;;;;;;;;
2020-11-05;21:56:00;четвер;місто;Львів;Шевченківський;вулиця;Промислова;;Перехрестя вул. Промислова - вул. Липинського В.;наїзд на пішохода - на регульованому пішохідному переході;порушення правил маневрування;2;без ушкоджень;легко травмований;;;;;;;;49.865231;24.044276;;;;;;;;;;;
2020-11-27;23:06:00;п'ятниця;місто;Львів;Личаківський;вулиця;Зелена;68;;наїзд на пішохода - пішохід рухався у попутному напрямку;порушення правил проїзду пішохідних переходів;2;без ушкоджень;легко травмований;;;;;;;;49.829467;24.044706;;;;;;;;;;;
2020-11-17;20:20:00;вівторок;місто;Львів;Шевченківський;вулиця;Миколайчука І.;;;наїзд на пішохода - пішохід рухався у попутному напрямку;порушення правил проїзду пішохідних переходів;2;без ушкоджень;легко травмований;;;;;;;;49.879593;24.03476;;;;;;;;;;;
2020-11-28;16:50:00;субота;місто;Львів;Галицький;вулиця;Франка І.;42;;зіткнення бокове;недодержання дистанції;2;без ушкоджень;легко травмований;;;;;;;;49.832661;24.033805;;;;;;;;;;;
2020-11-17;15:30:00;вівторок;місто;Львів;Личаківський;вулиця;Бігова;;вул. Бігова - вул. Глинянський Тракт;наїзд на пішохода - пішохід рухався у попутному напрямку;перевищення безпечної швидкості,недодержання дистанції;2;легко травмований;без ушкоджень;;;;;;;;49.84066;24.092181;;;;;;;;;;;
2020-11-09;10:17:00;понеділок;місто;Львів;Залізничний;вулиця;Кульпарківська;11;;зіткнення бокове;недодержання дистанції;3;без ушкоджень;без ушкоджень;легко травмований;;;;;;;49.816074;23.983229;;;;;;;;;;;
2020-11-12;18:10:00;четвер;місто;Львів;Залізничний;вулиця;Городоцька;300;;наїзд на пішохода - пішохід рухався у зустрічному напрямку;перехід у невстановленому місці;2;без ушкоджень;легко травмований;;;;;;;;49.821179;23.916314;;;;;;;;;;;
2020-11-12;18:01:00;четвер;місто;Львів;Шевченківський;вулиця;Миколайчука І.;1;;наїзд на пішохода - пішохід рухався у зустрічному напрямку;порушення правил маневрування;3;без ушкоджень;легко травмований;легко травмований;;;;;;;49.868609;24.043413;;;;;;;;;;;
2020-11-02;16:10:00;понеділок;місто;Львів;Сихівський;вулиця;Стрийська;101;;перекидання тз;порушення правил маневрування;1;легко травмований;;;;;;;;;49.788666;24.018028;;;;;;;;;;;
2020-11-19;15:30:00;четвер;місто;Львів;Франківський;вулиця;Наукова;;вул. Наукова - вул. Тролейбусна;наїзд на пішохода - пішохід рухався у попутному напрямку;порушення правил проїзду пішохідних переходів;2;без ушкоджень;легко травмований;;;;;;;;49.802928;24.006374;;;;;;;;;;;
2020-11-16;19:25:00;понеділок;місто;Львів;Франківський;вулиця;Володимира Великого;9;;наїзд на пішохода;перехід у невстановленому місці;2;без ушкоджень;помер у лікарні протягом 30 діб;;;;;;;;49.807115;24.016435;;;;;;;;;;;
2020-11-07;11:33:00;субота;місто;Львів;Сихівський;вулиця;Хуторівка;5;;наїзд на велосипедиста - велосипедист рухався у зустрічному напрямку;порушення правил маневрування;2;без ушкоджень;легко травмований;;;;;;;;49.801915;24.020984;;;;;;;;;;;
2020-11-16;20:01:00;понеділок;місто;Львів;Шевченківський;вулиця;Замарстинівська;50;;наїзд на пішохода - пішохід рухався у попутному напрямку;порушення правил проїзду пішохідних переходів;2;легко травмований;без ушкоджень;;;;;;;;49.85385;24.028419;;;;;;;;;;;
2020-11-26;16:01:00;четвер;місто;Львів;Шевченківський;вулиця;Панча П.;;вул. Панча П. - вул. Варшавська;зіткнення бокове;порушення правил проїзду перехресть;3;легко травмований;без ушкоджень;легко травмований;;;;;;;49.861642;24.007831;;;;;;;;;;;
2020-11-16;20:44:00;понеділок;місто;Львів;Франківський;вулиця;Наукова;62;;наїзд на пішохода;порушення правил проїзду пішохідних переходів;2;без ушкоджень;легко травмований;;;;;;;;49.804777;23.994654;;;;;;;;;;;
2020-11-18;10:40:00;середа;місто;Львів;Шевченківський;вулиця;Липинського В.;58;;зіткнення бокове;порушення правил маневрування,недодержання дистанції;5;без ушкоджень;без ушкоджень;без ушкоджень;легко травмований;без ушкоджень;;;;;49.864885;24.048573;;;;;;;;;;;
2020-11-09;9:20:00;понеділок;місто;Львів;Шевченківський;вулиця;Хмельницького Б.;52;;наїзд на пішохода;перевищення безпечної швидкості,порушення правил проїзду пішохідних переходів;2;без ушкоджень;легко травмований;;;;;;;;49.851996;24.032115;;;;;;;;;;;
2020-11-09;10:25:00;понеділок;місто;Львів;Шевченківський;вулиця;Тунельна;31;;зіткнення бокове;перевищення безпечної швидкості,порушення правил маневрування;2;помер на місці дтп;легко травмований;;;;;;;;49.864114;24.004671;;;;;;;;;;;
2020-11-27;21:30:00;п'ятниця;місто;Львів;Сихівський;проспект;Червоної Калини, просп.;48;;наїзд на пішохода - пішохід рухався у попутному напрямку;перехід у невстановленому місці;2;без ушкоджень;легко травмований;;;;;;;;49.796288;24.051325;;;;;;;;;;;
2020-11-12;17:40:00;четвер;місто;Львів;Шевченківський;вулиця;Чигиринська;1;;падіння пасажира;порушення правил маневрування;2;без ушкоджень;помер на місці дтп;;;;;;;;49.870545;24.054619;;;;;;;;;;;
2020-11-12;7:15:00;четвер;місто;Львів;Галицький;вулиця;Зелена;109;;наїзд на пішохода - пішохід рухався у зустрічному напрямку;перевищення безпечної швидкості;2;без ушкоджень;легко травмований;;;;;;;;49.823484;24.052393;;;;;;;;;;;
2020-11-06;23:16:00;п'ятниця;місто;Львів;Франківський;вулиця;Горбачевського І.;55А;;зіткнення бокове;порушення правил маневрування;2;без ушкоджень;легко травмований;;;;;;;;49.827522;24.010727;;;;;;;;;;;
2020-11-25;16:20:00;середа;місто;Львів;Сихівський;вулиця;Хуторівка;2;;зіткнення бокове;перевищення безпечної швидкості,порушення правил маневрування,порушення правил проїзду перехресть;4;легко травмований;легко травмований;без ушкоджень;легко травмований;;;;;;49.800713;24.021113;;;;;;;;;;;
2020-11-05;21:41:00;четвер;місто;Львів;Галицький;вулиця;Куліша П.;30;;наїзд на пішохода - пішохід рухався у попутному напрямку;порушення правил маневрування;2;без ушкоджень;легко травмований;;;;;;;;49.847465;24.02424;;;;;;;;;;;
2020-11-27;23:15:00;п'ятниця;місто;Львів;Франківський;вулиця;Чупринки Т., ген.;59;;наїзд на інші види перешкод;перевищення безпечної швидкості,недодержання дистанції;1;легко травмований;;;;;;;;;49.82972;24.007477;;;;;;;;;;;
2020-11-06;23:30:00;п'ятниця;місто;Львів;Сихівський;проспект;Червоної Калини, просп.;49;;наїзд на пішохода - пішохід рухався у зустрічному напрямку;неочікуваний вихід на проїзну частину,пішоходи невиконання вимог сигналів регулювання;2;без ушкоджень;легко травмований;;;;;;;;49.79902;24.049169;;;;;;;;;;;
2020-11-30;14:35:00;понеділок;місто;Львів;Франківський;вулиця;Княгині Ольги;5Б;;наїзд на пішохода - пішохід рухався у попутному напрямку;порушення правил проїзду пішохідних переходів;2;без ушкоджень;легко травмований;;;;;;;;49.823057;24.007632;;;;;;;;;;;
2020-11-04;8:04:00;середа;місто;Львів;Залізничний;вулиця;Шевченка Т.;91;;наїзд на пішохода - пішохід рухався у зустрічному напрямку;порушення правил маневрування;2;без ушкоджень;легко травмований;;;;;;;;49.847371;24.002198;;;;;;;;;;;
2020-11-13;18:07:00;п'ятниця;місто;Львів;Галицький;проспект;Свободи, просп.;15;;наїзд на пішохода;невиконання вимог сигналів регулювання;3;без ушкоджень;без ушкоджень;легко травмований;;;;;;;49.841158;24.0274;;;;;;;;;;;
2020-11-28;20:15:00;субота;місто;Львів;Шевченківський;вулиця;Хімічна;;вул. Хімічна - вул. Чорновола;зіткнення бокове;перевищення безпечної швидкості,недодержання дистанції;3;без ушкоджень;без ушкоджень;легко травмований;;;;;;;49.853646;24.023173;;;;;;;;;;;
2020-11-27;13:30:00;п'ятниця;місто;Львів;Залізничний;вулиця;Суботівська;12;;наїзд на пішохода - пішохід рухався у попутному напрямку;порушення правил маневрування;2;без ушкоджень;легко травмований;;;;;;;;49.847766;23.966069;;;;;;;;;;;
2020-11-09;9:05:00;понеділок;місто;Львів;Личаківський;вулиця;Хмельницького Б.;;;наїзд на пішохода - пішохід рухався у зустрічному напрямку;порушення правил маневрування;2;без ушкоджень;легко травмований;;;;;;;;49.859332;24.048386;;;;;;;;;;;
2020-11-27;22:01:00;п'ятниця;місто;Львів;Личаківський;вулиця;Личаківська;151;;зіткнення бокове;перевищення безпечної швидкості,невиконання вимог сигналів регулювання;2;легко травмований;без ушкоджень;;;;;;;;49.837543;24.060643;;;;;;;;;;;
2020-11-18;10:58:00;середа;місто;Львів;Сихівський;вулиця;Хуторівка;;;наїзд на пішохода - пішохід рухався у попутному напрямку;порушення правил маневрування;2;без ушкоджень;легко травмований;;;;;;;;49.800118;24.035468;;;;;;;;;;;
2020-12-01;16:06:00;вівторок;місто;Львів;Франківський;вулиця;Симоненка В.;;;наїзд на пішохода - пішохід рухався у попутному напрямку;перехід у невстановленому місці;2;без ушкоджень;легко травмований;;;;;;;;49.808718;23.987682;;;;;;;;;;;
2020-11-07;13:25:00;субота;місто;Львів;Сихівський;вулиця;Кавалерідзе І.;1;;наїзд на пішохода - пішохід рухався у зустрічному напрямку;порушення правил маневрування;2;без ушкоджень;легко травмований;;;;;;;;49.794054;24.06435;;;;;;;;;;;
2020-11-14;10:30:00;субота;місто;Львів;Залізничний;вулиця;Копистинського Т.;;;наїзд на інші види перешкод;перевищення безпечної швидкості,недодержання дистанції;1;легко травмований;;;;;;;;;49.828952;23.919712;;;;;;;;;;;
2020-11-14;11:13:00;субота;місто;Львів;Сихівський;вулиця;Зелена;308;;наїзд на пішохода;порушення правил проїзду пішохідних переходів;2;без ушкоджень;легко травмований;;;;;;;;49.787373;24.075253;;;;;;;;;;;
2020-12-01;23:40:00;вівторок;місто;Львів;Сихівський;вулиця;Сихівська;16А;;наїзд на пішохода - пішохід рухався у попутному напрямку;порушення правил проїзду пішохідних переходів;2;без ушкоджень;легко травмований;;;;;;;;49.795218;24.064221;;;;;;;;;;;
2020-11-04;15:47:00;середа;місто;Львів;Галицький;вулиця;Бенедиктовича Ю.;;;падіння пасажира;порушення правил маневрування;2;без ушкоджень;легко травмований;;;;;;;;49.842224;24.015598;;;;;;;;;;;
2020-11-04;9:16:00;середа;місто;Львів;Шевченківський;вулиця;Шевченка Т.;258;;наїзд на велосипедиста - велосипедист рухався у зустрічному напрямку;порушення правил проїзду перехресть;2;без ушкоджень;легко травмований;;;;;;;;49.861258;23.967463;;;;;;;;;;;
2020-11-23;16:02:00;понеділок;місто;Львів;Залізничний;вулиця;Любінська;;вул. Любінська - вул. Яворницького Д.;наїзд на пішохода - пішохід рухався у попутному напрямку;пішоходи невиконання вимог сигналів регулювання;2;без ушкоджень;легко травмований;;;;;;;;49.8241;23.977253;;;;;;;;;;;
2020-11-10;23:15:00;вівторок;місто;Львів;Залізничний;вулиця;Кульпарківська;147;;зіткнення бокове;порушення правил маневрування,порушення правил проїзду перехресть;2;легко травмований;без ушкоджень;;;;;;;;49.802766;23.980687;;;;;;;;;;;
2020-11-08;18:01:00;неділя;місто;Львів;Залізничний;вулиця;Суботівська;7;;наїзд на пішохода;перевищення безпечної швидкості,недодержання дистанції;2;без ушкоджень;легко травмований;;;;;;;;49.845455;23.966396;;;;;;;;;;;
2020-11-01;19:55:00;неділя;місто;Львів;Шевченківський;вулиця;Шевченка Т.;418;;наїзд на інші види перешкод;перевищення безпечної швидкості,керування транспортним засобом у нетверезому стані;2;легко травмований;легко травмований;;;;;;;;49.871711;23.942454;;;;;;;;;;;
2020-11-25;19:20:00;середа;місто;Львів;Шевченківський;проспект;Чорновола В., просп.;101;;наїзд на пішохода - пішохід рухався у попутному напрямку;неочікуваний вихід на проїзну частину;2;без ушкоджень;легко травмований;;;;;;;;49.865324;24.015695;;;;;;;;;;;
2020-11-05;19:27:00;четвер;місто;Львів;Личаківський;вулиця;Конопницької М.;;Перехрестя вул. Левицького К. - вул. Конопницької М.;наїзд на пішохода - на регульованому пішохідному переході;порушення правил маневрування;2;без ушкоджень;легко травмований;;;;;;;;49.835097;24.038644;;;;;;;;;;;
2020-11-13;18:30:00;п'ятниця;місто;Львів;Франківський;вулиця;Терлецького О.;19;;наїзд на пішохода;перехід у невстановленому місці;2;без ушкоджень;легко травмований;;;;;;;;49.829291;23.974394;;;;;;;;;;;
2020-11-20;2:50:00;п'ятниця;місто;Львів;Залізничний;вулиця;Виговського І.;55;;наїзд на транспортний засіб, що стоїть - по ходу руху;перевищення безпечної швидкості;2;без ушкоджень;легко травмований;;;;;;;;49.815274;23.974544;;;;;;;;;;;
2020-11-16;17:58:00;понеділок;місто;Львів;Галицький;вулиця;Городоцька;76;;наїзд на пішохода - пішохід рухався у попутному напрямку;перевищення безпечної швидкості,недодержання дистанції;3;без ушкоджень;без ушкоджень;легко травмований;;;;;;;49.838626;24.008056;;;;;;;;;;;
2020-11-22;19:48:00;неділя;місто;Львів;Залізничний;вулиця;Городоцька;272;;наїзд на пішохода - пішохід рухався у попутному напрямку;порушення правил проїзду пішохідних переходів;2;без ушкоджень;тяжко травмований;;;;;;;;49.824339;23.933721;;;;;;;;;;;
2020-11-19;19:15:00;четвер;місто;Львів;Залізничний;вулиця;Головатого А.;;вул. Виговського І. - вул. Головатого А.;наїзд на пішохода - пішохід рухався у попутному напрямку;недодержання дистанції;2;без ушкоджень;легко травмований;;;;;;;;49.825982;23.967748;;;;;;;;;;;
2020-11-06;19:20:00;п'ятниця;місто;Львів;Шевченківський;вулиця;Варшавська;;Перехрестя вул. Варшавська - Чорновола В., просп.;наїзд на пішохода;керування транспортним засобом у нетверезому стані,порушення правил проїзду пішохідних переходів;2;без ушкоджень;тяжко травмований;;;;;;;;49.867105;24.015641;;;;;;;;;;;
2020-11-16;23:31:00;понеділок;місто;Львів;Франківський;вулиця;Городоцька;179;;падіння пасажира;порушення правил маневрування;2;без ушкоджень;легко травмований;;;;;;;;49.835346;23.994688;;;;;;;;;;;
2020-11-06;1:16:00;п'ятниця;місто;Львів;Сихівський;вулиця;Хуторівка;2;;наїзд на опори (леп, телефонних та телеграфних ліній, рекламоносіїв, щогли антен моб. зв'язку, тощо);порушення правил маневрування,перевищення безпечної швидкості;1;помер на місці дтп;;;;;;;;;49.801478;24.021338;;;;;;;;;;;
2020-11-22;11:50:00;неділя;місто;Львів;Франківський;вулиця;Кульпарківська;35;;наїзд на пішохода - пішохід рухався у попутному напрямку;порушення правил маневрування;2;без ушкоджень;легко травмований;;;;;;;;49.831218;23.991233;;;;;;;;;;;
2020-11-28;19:30:00;субота;місто;Львів;Галицький;вулиця;Огієнка І.;;вул. Огінка І. - вул. Городоцька;наїзд на інші види перешкод;перевищення безпечної швидкості;1;легко травмований;;;;;;;;;49.842743;24.018581;;;;;;;;;;;
2020-11-20;3:43:00;п'ятниця;місто;Львів;Личаківський;вулиця;Хмельницького Б.;292;;наїзд на пішохода - пішохід рухався у попутному напрямку;порушення правил проїзду пішохідних переходів;2;без ушкоджень;легко травмований;;;;;;;;49.873038;24.060407;;;;;;;;;;;
2020-12-22;22:01:00;вівторок;місто;Львів;Шевченківський;вулиця;Липинського В.;13;;зіткнення бокове;перевищення безпечної швидкості;2;без ушкоджень;легко травмований;;;;;;;;49.858336;24.023677;;;;;;;;;;;
2020-12-14;23:01:00;понеділок;село;Малехів;Шевченківський;вулиця;Хмельницького Б.;342;;наїзд на інші види перешкод;перевищення безпечної швидкості;1;легко травмований;;;;;;;;;49.880018;24.061577;;;;;;;;;;;
2020-12-12;15:35:00;субота;місто;Львів;Сихівський;вулиця;Зелена;405;;наїзд на пішохода - пішохід рухався у попутному напрямку;неочікуваний вихід на проїзну частину,керування транспортним засобом у нетверезому стані;2;без ушкоджень;легко травмований;;;;;;;;49.787225;24.07561;;;;;;;;;;;
2020-12-05;11:05:00;субота;місто;Львів;Галицький;вулиця;Дорошенка П.;11;;наїзд на пішохода - пішохід рухався у попутному напрямку;перехід у невстановленому місці;2;без ушкоджень;легко травмований;;;;;;;;49.839823;24.02696;;;;;;;;;;;
2020-12-12;10:32:00;субота;місто;Львів;Личаківський;вулиця;Личаківська;;вул. Личаківська - вул. Чернівецька;наїзд на пішохода - пішохід рухався у попутному напрямку;пішоходи невиконання вимог сигналів регулювання;2;без ушкоджень;легко травмований;;;;;;;;49.840473;24.04712;;;;;;;;;;;
2020-12-17;21:17:00;четвер;місто;Львів;Франківський;вулиця;Княгині Ольги;102;;наїзд на пішохода - пішохід рухався у попутному напрямку;порушення правил проїзду пішохідних переходів;2;без ушкоджень;легко травмований;;;;;;;;49.812449;23.999875;;;;;;;;;;;
2020-12-04;20:33:00;п'ятниця;місто;Львів;Франківський;вулиця;Окружна;;вул. Окружна - вул. Любінська;наїзд на пішохода - пішохід рухався у попутному напрямку;порушення правил проїзду пішохідних переходів;2;без ушкоджень;легко травмований;;;;;;;;49.827048;23.98279;;;;;;;;;;;
2020-12-15;17:35:00;вівторок;місто;Львів;Франківський;вулиця;Героїв Майдану;14;;зіткнення бокове;недодержання дистанції;4;легко травмований;без ушкоджень;без ушкоджень;без ушкоджень;;;;;;49.829547;24.017975;;;;;;;;;;;
2020-12-18;14:28:00;п'ятниця;місто;Львів;Галицький;вулиця;Городоцька;76;;наїзд на пішохода;порушення правил проїзду пішохідних переходів;2;без ушкоджень;легко травмований;;;;;;;;49.83865;24.008152;;;;;;;;;;;
2020-12-23;10:09:00;середа;місто;Львів;Франківський;вулиця;Володимира Великого;;вул. Володимира Великого - вул. Княгині Ольги;падіння пасажира;порушення правил перевезення пасажирів;2;без ушкоджень;легко травмований;;;;;;;;49.810393;23.999226;;;;;;;;;;;
2020-12-05;0:10:00;субота;місто;Львів;Залізничний;вулиця;Кульпарківська;230;;зіткнення бокове;порушення правил маневрування;3;без ушкоджень;легко травмований;легко травмований;;;;;;;49.802915;23.980681;;;;;;;;;;;
2020-12-19;18:01:00;субота;місто;Львів;Галицький;вулиця;Митрополита Андрея;5;;зіткнення бокове;перевищення безпечної швидкості,недодержання дистанції;4;без ушкоджень;без ушкоджень;легко травмований;легко травмований;;;;;;49.836488;24.010674;;;;;;;;;;;
2020-12-21;7:25:00;понеділок;місто;Львів;Личаківський;вулиця;Богданівська;42;;наїзд на пішохода - пішохід рухався у зустрічному напрямку;перевищення безпечної швидкості;2;без ушкоджень;тяжко травмований;;;;;;;;49.855562;24.00764;;;;;;;;;;;
2020-12-22;18:05:00;вівторок;місто;Львів;Франківський;вулиця;Трускавецька;2;;наїзд на транспортний засіб, що стоїть - по ходу руху;недодержання дистанції;2;легко травмований;без ушкоджень;;;;;;;;49.797898;24.004869;;;;;;;;;;;
2020-12-22;18:30:00;вівторок;місто;Львів;Франківський;вулиця;Коновальця Є.;81;;наїзд на пішохода - пішохід рухався у попутному напрямку;порушення правил проїзду пішохідних переходів;2;без ушкоджень;легко травмований;;;;;;;;49.828581;24.000347;;;;;;;;;;;
2020-12-08;10:30:00;вівторок;місто;Львів;Сихівський;вулиця;Хуторівка;4Б;;наїзд на пішохода - пішохід рухався у попутному напрямку;перехід у невстановленому місці;2;без ушкоджень;тяжко травмований;;;;;;;;49.799695;24.026906;;;;;;;;;;;
2020-12-21;18:01:00;понеділок;місто;Львів;Сихівський;вулиця;Угорська;14;;наїзд на пішохода - пішохід рухався у попутному напрямку;порушення правил маневрування;2;без ушкоджень;помер у лікарні протягом 30 діб;;;;;;;;49.810594;24.045033;;;;;;;;;;;
2020-12-11;0:01:00;п'ятниця;місто;Львів;Франківський;вулиця;Городоцька;223;;наїзд на інші види перешкод;перевищення безпечної швидкості;1;тяжко травмований;;;;;;;;;49.832322;23.979254;;;;;;;;;;;
2020-12-15;14:10:00;вівторок;місто;Львів;Личаківський;вулиця;Мечникова І.;1;;наїзд на пішохода - пішохід рухався у попутному напрямку;порушення правил маневрування;2;без ушкоджень;легко травмований;;;;;;;;49.838081;24.054936;;;;;;;;;;;
2020-12-09;19:30:00;середа;місто;Львів;Франківський;вулиця;Володимира Великого;113;;наїзд на пішохода - пішохід рухався у попутному напрямку;порушення правил проїзду пішохідних переходів,керування транспортним засобом у нетверезому стані;2;без ушкоджень;легко травмований;;;;;;;;49.810989;23.989946;;;;;;;;;;;
2020-12-26;11:50:00;субота;місто;Львів;Шевченківський;вулиця;Липинського В.;28;;падіння пасажира;порушення правил перевезення пасажирів;2;без ушкоджень;легко травмований;;;;;;;;49.86188;24.029385;;;;;;;;;;;