accidentDate;accidentTime;accidentDay;settlementType;settlement;district;streetType;streetName;houseNumber;locationComments;accidentType;mainAccidentCause;totalParticipantsAmount;injuryStatusParticipant1;injuryStatusParticipant2;injuryStatusParticipant3;injuryStatusParticipant4;injuryStatusParticipant5;injuryStatusParticipant6;injuryStatusParticipant7;injuryStatusParticipant8;injuryStatusParticipant9;latitude;longitude;injuryStatusParticipant10;injuryStatusParticipant11;injuryStatusParticipant12;injuryStatusParticipant13;injuryStatusParticipant14;injuryStatusParticipant15;injuryStatusParticipant16;injuryStatusParticipant17;injuryStatusParticipant18;injuryStatusParticipant19;injuryStatusParticipant20
2020-12-11;16:55:00;п'ятниця;місто;Львів;Залізничний;вулиця;Городоцька;280;;зіткнення бокове;перевищення безпечної швидкості,недодержання дистанції;3;без ушкоджень;легко травмований;легко травмований;;;;;;;49.826024;23.929886;;;;;;;;;;;
2020-12-11;15:15:00;п'ятниця;місто;Львів;Залізничний;вулиця;Городоцька;226;;наїзд на інші види перешкод;перевищення безпечної швидкості;4;легко травмований;без ушкоджень;без ушкоджень;легко травмований;;;;;;49.82763;23.949509;;;;;;;;;;;
2020-12-18;15:40:00;п'ятниця;місто;Львів;Галицький;вулиця;Вітовського Д.;;вул. Вітовського Д. - вул. Болгарська;наїзд на пішохода - пішохід рухався у попутному напрямку;порушення правил проїзду пішохідних переходів;2;без ушкоджень;легко травмований;;;;;;;;49.83019;24.023763;;;;;;;;;;;
2020-12-05;17:40:00;субота;місто;Львів;Сихівський;проспект;Червоної Калини, просп.;93;;падіння пасажира;порушення правил перевезення пасажирів;2;без ушкоджень;помер на місці дтп;;;;;;;;49.789622;24.060026;;;;;;;;;;;
2020-12-25;10:01:00;п'ятниця;місто;Львів;Франківський;вулиця;Наукова;114;;наїзд на пішохода - пішохід рухався у попутному напрямку;порушення правил проїзду пішохідних переходів;2;без ушкоджень;легко травмований;;;;;;;;49.805993;23.984849;;;;;;;;;;;
2020-12-16;18:38:00;середа;місто;Львів;Франківський;вулиця;Стрийська;80;;зіткнення бокове;перевищення безпечної швидкості,недодержання дистанції;2;легко травмований;без ушкоджень;;;;;;;;49.819905;24.020276;;;;;;;;;;;
2020-12-14;0:25:00;понеділок;місто;Львів;Шевченківський;вулиця;Шевченка Т.;150;;наїзд на пішохода - пішохід рухався у попутному напрямку;перехід у невстановленому місці,порушення правил маневрування;2;без ушкоджень;легко травмований;;;;;;;;49.853348;23.987601;;;;;;;;;;;
2020-11-25;13:30:00;середа;місто;Львів;Шевченківський;вулиця;Шевченка Т.;;Перехрестя вул. Шевченка Т. - вул. Левандівська;наїзд на пішохода - на регульованому пішохідному переході;порушення правил маневрування,порушення правил проїзду пішохідних переходів;2;без ушкоджень;легко травмований;;;;;;;;49.849315;23.995847;;;;;;;;;;;
2020-12-07;12:25:00;понеділок;місто;Львів;Галицький;площа;Соборна, пл.;12;;наїзд на пішохода - пішохід рухався у попутному напрямку;порушення правил проїзду пішохідних переходів;2;без ушкоджень;легко травмований;;;;;;;;49.838418;24.034572;;;;;;;;;;;
2020-12-13;16:10:00;неділя;місто;Львів;Шевченківський;вулиця;Шевченка Т.;132;;зіткнення бокове;порушення правил маневрування;2;легко травмований;без ушкоджень;;;;;;;;49.851232;23.991582;;;;;;;;;;;
2020-12-07;18:30:00;понеділок;місто;Львів;Франківський;вулиця;Володимира Великого;1;;зіткнення бокове;перевищення безпечної швидкості,недодержання дистанції,керування транспортним засобом у нетверезому стані;5;легко травмований;легко травмований;без ушкоджень;без ушкоджень;без ушкоджень;;;;;49.807866;24.017878;;;;;;;;;;;
2020-11-18;19:15:00;середа;місто;Львів;Франківський;вулиця;Стрийська;202;;зіткнення з задньою частиною тз;недодержання дистанції;3;без ушкоджень;без ушкоджень;легко травмований;;;;;;;49.798795;24.017133;;;;;;;;;;;
2020-12-14;20:02:00;понеділок;місто;Львів;Франківський;вулиця;Кульпарківська;;вул. Кульпарківська - вул. Трускавецька;наїзд на пішохода - пішохід рухався у попутному напрямку;порушення правил проїзду пішохідних переходів;2;без ушкоджень;легко травмований;;;;;;;;49.801222;23.980365;;;;;;;;;;;
2020-12-16;13:39:00;середа;місто;Львів;Галицький;проспект;Чорновола В., просп.;16;;падіння пасажира;порушення правил перевезення пасажирів;2;легко травмований;без ушкоджень;;;;;;;;49.846629;24.025604;;;;;;;;;;;
2020-11-07;6:01:00;субота;місто;Львів;Галицький;проспект;Чорновола В., просп.;;Перехрестя Чорновола В.,просп. - вул. Джерельна;наїзд на пішохода - на регульованому пішохідному переході;перевищення безпечної швидкості;2;без ушкоджень;легко травмований;;;;;;;;49.850512;24.024439;;;;;;;;;;;
2020-12-09;9:10:00;середа;місто;Львів;Шевченківський;вулиця;Золота;35;;наїзд на пішохода - пішохід рухався у попутному напрямку;порушення правил проїзду пішохідних переходів;2;без ушкоджень;тяжко травмований;;;;;;;;49.849675;24.005658;;;;;;;;;;;
2020-12-08;13:20:00;вівторок;місто;Львів;Личаківський;вулиця;Кривоноса М.;8;;зіткнення бокове;перевищення безпечної швидкості;2;легко травмований;без ушкоджень;;;;;;;;49.845572;24.040877;;;;;;;;;;;
2020-12-19;20:57:00;субота;місто;Львів;Франківський;вулиця;Наукова;44;;наїзд на пішохода - пішохід рухався у попутному напрямку;перехід у невстановленому місці;2;без ушкоджень;легко травмований;;;;;;;;49.805076;23.996147;;;;;;;;;;;
2020-12-24;11:48:00;четвер;місто;Львів;Галицький;вулиця;Торгова;;;наїзд на пішохода - пішохід переходив дорогу поза межами піш.переходу;перехід у невстановленому місці;2;без ушкоджень;легко травмований;;;;;;;;49.844735;24.02732;;;;;;;;;;;
2020-12-02;18:15:00;середа;місто;Львів;Шевченківський;вулиця;Шевченка Т.;418;;зіткнення бокове;недодержання дистанції,порушення правил маневрування,керування транспортним засобом у нетверезому стані;2;без ушкоджень;легко травмований;;;;;;;;49.871925;23.942562;;;;;;;;;;;
2020-12-16;15:10:00;середа;місто;Львів;Галицький;вулиця;Рутковича І.;14;;наїзд на пішохода - пішохід рухався у попутному напрямку;порушення правил проїзду пішохідних переходів;2;без ушкоджень;легко травмований;;;;;;;;49.827706;24.032636;;;;;;;;;;;
2020-12-13;12:45:00;неділя;місто;Львів;Шевченківський;вулиця;Винниця;60;;наїзд на транспортний засіб, що стоїть - по ходу руху;недодержання дистанції;3;легко травмований;без ушкоджень;без ушкоджень;;;;;;;49.865902;23.976513;;;;;;;;;;;
2020-12-22;9:13:00;вівторок;місто;Львів;Шевченківський;вулиця;Замарстинівська;217;;наїзд на пішохода - на регульованому пішохідному переході;недодержання дистанції;2;без ушкоджень;легко травмований;;;;;;;;49.867925;24.023677;;;;;;;;;;;
2020-12-17;17:30:00;четвер;місто;Львів;Галицький;проспект;Чорновола В., просп.;7;;зіткнення бокове;порушення правил маневрування;3;без ушкоджень;без ушкоджень;легко травмований;;;;;;;49.846202;24.024889;;;;;;;;;;;
2020-10-12;8:15:00;понеділок;місто;Львів;Сихівський;вулиця;Хоткевича Г.;;вул. Хоткевича Г. - Червоної Калини, просп.;зіткнення бокове;перевищення безпечної швидкості,невиконання вимог сигналів регулювання;3;без ушкоджень;без ушкоджень;легко травмований;;;;;;;49.796309;24.053235;;;;;;;;;;;
2020-10-09;15:01:00;п'ятниця;місто;Львів;Галицький;вулиця;Князя Романа;16;;наїзд на пішохода - пішохід рухався у попутному напрямку;порушення правил маневрування;2;без ушкоджень;легко травмований;;;;;;;;49.838304;24.032346;;;;;;;;;;;
2020-10-08;21:01:00;четвер;місто;Львів;Залізничний;вулиця;Повітряна;33;;зіткнення бокове;порушення правил маневрування;2;без ушкоджень;легко травмований;;;;;;;;49.844805;23.977527;;;;;;;;;;;
2020-10-15;20:01:00;четвер;місто;Львів;Франківський;вулиця;Сахарова А., акад.;50;;наїзд на пішохода - стояв на проїздній частині;порушення правил маневрування;2;без ушкоджень;легко травмований;;;;;;;;49.827567;24.010888;;;;;;;;;;;
2020-10-30;7:30:00;п'ятниця;місто;Львів;Франківський;вулиця;Кульпарківська;95;;наїзд на пішохода - пішохід рухався у зустрічному напрямку;невиконання вимог сигналів регулювання;2;без ушкоджень;легко травмований;;;;;;;;49.817572;23.988862;;;;;;;;;;;
2020-10-29;14:48:00;четвер;місто;Львів;Франківський;вулиця;Городоцька;165;;зіткнення бокове;перевищення безпечної швидкості;2;без ушкоджень;легко травмований;;;;;;;;49.83591;23.997949;;;;;;;;;;;
2020-10-31;13:36:00;субота;місто;Львів;Залізничний;вулиця;Повітряна;24;;наїзд на інші види перешкод;перевищення безпечної швидкості;1;помер на місці дтп;;;;;;;;;49.845189;23.977184;;;;;;;;;;;
2020-10-21;16:28:00;середа;місто;Львів;Шевченківський;вулиця;Мурована;36;;наїзд на пішохода - пішохід рухався у зустрічному напрямку;порушення правил маневрування;2;без ушкоджень;легко травмований;;;;;;;;49.876564;24.06111;;;;;;;;;;;
2020-10-22;10:16:00;четвер;місто;Львів;Галицький;вулиця;Гонти І.;1;;наїзд на пішохода - пішохід рухався у зустрічному напрямку;порушення правил маневрування;2;легко травмований;без ушкоджень;;;;;;;;49.844573;24.030957;;;;;;;;;;;
2020-10-23;12:01:00;п'ятниця;місто;Львів;Залізничний;вулиця;Смотрицького М.;;Перехрестя вул. Смотрицького М. - вул. Виговського І.;наїзд на велосипедиста - велосипедист рухався у зустрічному напрямку;порушення правил маневрування;2;легко травмований;без ушкоджень;;;;;;;;49.812179;23.982232;;;;;;;;;;;
2020-10-10;20:01:00;субота;місто;Львів;Галицький;площа;Старий Ринок, пл.;;Перехрестя вул. Пильникарська - Старий Ринок, пл.;зіткнення бокове;порушення правил проїзду перехресть;2;без ушкоджень;легко травмований;;;;;;;;49.846631;24.029915;;;;;;;;;;;
2020-10-19;13:42:00;понеділок;місто;Львів;Франківський;вулиця;Котка Д.;;Перехрестя вул. Котка Д. - вул. Княгині Ольги;наїзд на пішохода - пішохід рухався у зустрічному напрямку;перевищення безпечної швидкості,порушення правил проїзду пішохідних переходів;2;без ушкоджень;тяжко травмований;;;;;;;;49.822508;24.006425;;;;;;;;;;;
2020-10-13;19:22:00;вівторок;місто;Львів;Личаківський;вулиця;Пасічна;11;;наїзд на пішохода - стояв на проїздній частині;неочікуваний вихід на проїзну частину;2;легко травмований;без ушкоджень;;;;;;;;49.834318;24.068347;;;;;;;;;;;
2020-10-05;13:26:00;понеділок;місто;Львів;Сихівський;вулиця;Сихівська;;Перехрестя вул. Зелена - вул. Сихівська;зіткнення бокове;перевищення безпечної швидкості,недодержання дистанції;4;без ушкоджень;без ушкоджень;без ушкоджень;легко травмований;;;;;;49.798639;24.070787;;;;;;;;;;;
2020-10-08;14:08:00;четвер;місто;Львів;Франківський;вулиця;Городоцька;165;;перекидання тз;перевищення безпечної швидкості;2;легко травмований;без ушкоджень;;;;;;;;49.835893;23.997928;;;;;;;;;;;
2020-10-27;10:59:00;вівторок;місто;Львів;Залізничний;вулиця;Патона Є.;44653;;зіткнення бокове;порушення правил проїзду перехресть;2;без ушкоджень;легко травмований;;;;;;;;49.822805;23.963998;;;;;;;;;;;
2020-10-30;15:30:00;п'ятниця;місто;Львів;Личаківський;вулиця;Пасічна;68;;падіння пасажира;порушення правил маневрування;2;без ушкоджень;легко травмований;;;;;;;;49.826512;24.072397;;;;;;;;;;;
2020-10-23;17:30:00;п'ятниця;місто;Львів;Галицький;вулиця;Руставелі Ш.;44;;падіння пасажира;порушення правил маневрування;2;без ушкоджень;легко травмований;;;;;;;;49.829706;24.032271;;;;;;;;;;;
2020-10-06;11:20:00;вівторок;місто;Львів;Шевченківський;вулиця;Мазепи І., гетьм.;21;;зіткнення бокове;перевищення безпечної швидкості,недодержання дистанції;2;легко травмований;без ушкоджень;;;;;;;;49.871897;24.037657;;;;;;;;;;;
2020-10-29;23:58:00;четвер;місто;Львів;Галицький;вулиця;Під Дубом;7Б;;наїзд на пішохода - пішохід рухався у зустрічному напрямку;порушення правил маневрування;2;без ушкоджень;легко травмований;;;;;;;;49.850498;24.022653;;;;;;;;;;;
2020-10-16;19:40:00;п'ятниця;місто;Львів;Личаківський;вулиця;Бігова;;вул. Бігова - вул. Глинянський Тракт;зіткнення бокове;перевищення безпечної швидкості,недодержання дистанції,керування транспортним засобом у нетверезому стані;3;легко травмований;без ушкоджень;без ушкоджень;;;;;;;49.840639;24.092202;;;;;;;;;;;
2020-10-17;10:50:00;субота;місто;Львів;Залізничний;вулиця;Любінська;;вул. Любінська - вул. Виговського І.;зіткнення бокове;перевищення безпечної швидкості,порушення правил проїзду перехресть;2;без ушкоджень;легко травмований;;;;;;;;49.820639;23.968885;;;;;;;;;;;
2020-10-12;22:41:00;понеділок;місто;Львів;Франківський;вулиця;Городоцька;227;;зіткнення бокове;перевищення безпечної швидкості,керування транспортним засобом у нетверезому стані;2;без ушкоджень;легко травмований;;;;;;;;49.832346;23.977886;;;;;;;;;;;
2020-10-30;8:43:00;п'ятниця;місто;Львів;Галицький;вулиця;Франка І.;47;;наїзд на пішохода - стояв на проїздній частині;перевищення безпечної швидкості;2;без ушкоджень;легко травмований;;;;;;;;49.832608;24.033877;;;;;;;;;;;
2020-10-26;15:14:00;понеділок;місто;Львів;Сихівський;вулиця;Стрийська;148;;наїзд на пішохода - пішохід рухався у зустрічному напрямку;перевищення безпечної швидкості,недодержання дистанції;2;без ушкоджень;легко травмований;;;;;;;;49.804781;24.018661;;;;;;;;;;;
2020-10-13;22:30:00;вівторок;місто;Львів;Личаківський;вулиця;Кукурудзяна;4;;наїзд на пішохода - пішохід рухався у попутному напрямку;перевищення безпечної швидкості;2;помер на місці дтп;без ушкоджень;;;;;;;;49.862745;24.05662;;;;;;;;;;;
2020-10-22;18:55:00;четвер;місто;Львів;Сихівський;вулиця;Мікльоша К.;;Перехрестя вул. Стрийська - вул. Мікльоша К.;наїзд на транспортний засіб, що стоїть - по ходу руху;порушення правил проїзду перехресть;3;без ушкоджень;без ушкоджень;легко травмований;;;;;;;49.7837218;24.0141834;;;;;;;;;;;
2020-10-30;21:40:00;п'ятниця;місто;Львів;Франківський;вулиця;Кульпарківська;230А;;зіткнення бокове;недодержання дистанції,перевищення безпечної швидкості;3;без ушкоджень;без ушкоджень;легко травмований;;;;;;;49.803898;23.980923;;;;;;;;;;;
2020-10-11;18:13:00;неділя;місто;Львів;Сихівський;вулиця;Сихівська;;Перехрестя вул. Сихівська - вул. Кавалерідзе І.;зіткнення бокове;порушення правил маневрування,порушення правил проїзду перехресть;3;без ушкоджень;легко травмований;легко травмований;;;;;;;49.79455;24.064119;;;;;;;;;;;
2020-10-31;22:53:00;субота;місто;Львів;Франківський;вулиця;Стрийська;35;;зіткнення бокове;перевищення безпечної швидкості;2;легко травмований;без ушкоджень;;;;;;;;49.816146;24.019954;;;;;;;;;;;
2020-10-27;12:50:00;вівторок;місто;Львів;Сихівський;вулиця;Стрийська;;Перехрестя вул. Стрийська - вул. Хуторівка;наїзд на пішохода - пішохід рухався у зустрічному напрямку;неочікуваний вихід на проїзну частину,невиконання вимог сигналів регулювання;2;без ушкоджень;легко травмований;;;;;;;;49.801894;24.018002;;;;;;;;;;;
2020-10-09;15:18:00;п'ятниця;місто;Львів;Сихівський;проспект;Червоної Калини, просп.;76А;;наїзд на велосипедиста - велосипедист рухався у зустрічному напрямку;порушення правил маневрування;2;без ушкоджень;легко травмований;;;;;;;;49.788607;24.058294;;;;;;;;;;;
2020-10-30;19:21:00;п'ятниця;місто;Львів;Франківський;вулиця;Городоцька;108;;наїзд на пішохода - пішохід рухався у зустрічному напрямку;порушення правил маневрування;2;легко травмований;без ушкоджень;;;;;;;;49.836969;24.003378;;;;;;;;;;;
2020-10-18;18:51:00;неділя;місто;Львів;Шевченківський;вулиця;Миколайчука І.;;Перехрестя вул. Миколайчука І. - вул. Лінкольна А.;зіткнення бокове;порушення правил маневрування;2;без ушкоджень;легко травмований;;;;;;;;49.866787;24.043976;;;;;;;;;;;
2020-10-25;21:01:00;неділя;місто;Львів;Сихівський;вулиця;Стрийська;61;;зіткнення бокове;невиконання вимог сигналів регулювання;2;без ушкоджень;легко травмований;;;;;;;;49.795443;24.01666;;;;;;;;;;;
2020-10-11;20:33:00;неділя;місто;Львів;Франківський;вулиця;Кульпарківська;;Перехрестя вул. Кульпарківська - вул. Садова;зіткнення бокове;невиконання вимог сигналів регулювання;2;без ушкоджень;легко травмований;;;;;;;;49.821421;23.988669;;;;;;;;;;;
2020-10-08;16:50:00;четвер;місто;Львів;Личаківський;вулиця;Вашингтона Дж.;3;;падіння пасажира;порушення правил маневрування;2;без ушкоджень;легко травмований;;;;;;;;49.815973;24.062154;;;;;;;;;;;
2020-10-21;17:20:00;середа;місто;Львів;Франківський;вулиця;Боберського І.;;;зіткнення бокове;порушення правил маневрування;2;без ушкоджень;легко травмований;;;;;;;;49.831962;23.992875;;;;;;;;;;;
2020-10-30;8:30:00;п'ятниця;місто;Львів;Шевченківський;вулиця;Жовківська;16;;зіткнення бокове;перевищення безпечної швидкості,порушення правил маневрування;4;без ушкоджень;легко травмований;легко травмований;легко травмований;;;;;;49.8561;24.0357;;;;;;;;;;;
2020-10-20;22:15:00;вівторок;місто;Львів;Залізничний;вулиця;Патона Є.;21;;наїзд на пішохода - пішохід рухався у зустрічному напрямку;порушення правил маневрування;2;без ушкоджень;легко травмований;;;;;;;;49.823107;23.960822;;;;;;;;;;;
2020-10-05;19:30:00;понеділок;місто;Львів;Франківський;вулиця;Пулюя І.;20;;наїзд на пішохода - пішохід рухався у попутному напрямку;перевищення безпечної швидкості,керування транспортним засобом у нетверезому стані;2;без ушкоджень;легко травмований;;;;;;;;49.802015;23.985397;;;;;;;;;;;
2020-10-08;17:44:00;четвер;місто;Львів;Личаківський;вулиця;Пасічна;89;;наїзд на пішохода - на регульованому пішохідному переході;порушення правил маневрування;2;без ушкоджень;легко травмований;;;;;;;;49.814899;24.079965;;;;;;;;;;;
2020-10-19;14:02:00;понеділок;місто;Львів;Личаківський;вулиця;Зелена;96;;зіткнення бокове;перевищення безпечної швидкості,виїзд на смугу зустрічного руху;5;легко травмований;без ушкоджень;без ушкоджень;без ушкоджень;легко травмований;;;;;49.827073;24.043772;;;;;;;;;;;
2020-10-09;12:01:00;п'ятниця;місто;Львів;Галицький;вулиця;Коперника М.;40;;наїзд на пішохода - пішохід рухався у зустрічному напрямку;порушення правил проїзду пішохідних переходів;2;без ушкоджень;легко травмований;;;;;;;;49.835955;24.022427;;;;;;;;;;;
2020-10-28;15:45:00;середа;місто;Львів;Франківський;вулиця;Княгині Ольги;;Перехрестя вул. Княгині Ольги - вул. Шумського О.;наїзд на велосипедиста - велосипедист рухався у зустрічному напрямку;порушення правил проїзду перехресть;2;без ушкоджень;легко травмований;;;;;;;;49.820847;24.005299;;;;;;;;;;;
2020-10-23;4:37:00;п'ятниця;місто;Львів;Франківський;вулиця;Героїв Майдану;;Перехрестя вул. Героїв Майдану - вул. Стрийська;зіткнення бокове;порушення правил маневрування,перевищення безпечної швидкості;3;без ушкоджень;легко травмований;легко травмований;;;;;;;49.82519;24.020941;;;;;;;;;;;
2020-12-29;10:01:00;вівторок;місто;Львів;Франківський;вулиця;Наукова;35А;;наїзд на пішохода - пішохід рухався у попутному напрямку;неочікуваний вихід на проїзну частину;2;без ушкоджень;легко травмований;;;;;;;;49.803026;23.996962;;;;;;;;;;;
2020-12-28;13:40:00;понеділок;місто;Львів;Сихівський;вулиця;Манастирського А.;;;наїзд на пішохода - на нерегульованому пішохідному переході;порушення правил маневрування;2;без ушкоджень;легко травмований;;;;;;;;49.79876066;24.06052232;;;;;;;;;;;
2020-12-28;22:39:00;понеділок;місто;Львів;Галицький;вулиця;Митрополита Андрея;;;наїзд на пішохода - пішохід рухався у попутному напрямку;порушення правил маневрування;2;без ушкоджень;легко травмований;;;;;;;;49.83646;24.010556;;;;;;;;;;;
2020-12-28;18:47:00;понеділок;місто;Львів;Сихівський;вулиця;Стрийська;;вул. Стрийська - вул. Наукова;наїзд на пішохода - на нерегульованому пішохідному переході;порушення правил проїзду пішохідних переходів;2;без ушкоджень;легко травмований;;;;;;;;49.801863;24.018066;;;;;;;;;;;
2020-12-30;23:34:00;середа;місто;Львів;Шевченківський;вулиця;Варшавська;154;;наїзд на пішохода - на нерегульованому пішохідному переході;порушення правил проїзду пішохідних переходів;2;легко травмований;без ушкоджень;;;;;;;;49.865362;24.010561;;;;;;;;;;;
2020-12-30;17:15:00;середа;місто;Львів;Личаківський;вулиця;Личаківська;113;;падіння пасажира;порушення правил перевезення пасажирів;2;легко травмований;без ушкоджень;;;;;;;;49.838571;24.055574;;;;;;;;;;;
2020-12-29;13:15:00;вівторок;місто;Львів;Шевченківський;вулиця;Клепарівська;35;;наїзд на пішохода - пішохід рухався у попутному напрямку;порушення правил проїзду пішохідних переходів;2;без ушкоджень;легко травмований;;;;;;;;49.849063;24.015185;;;;;;;;;;;
2020-12-30;13:40:00;середа;місто;Львів;Шевченківський;вулиця;Липинського В.;;вул. Липинського В. - вул. Замарстинівська;зіткнення бокове;порушення правил маневрування,порушення правил проїзду перехресть;4;без ушкоджень;без ушкоджень;без ушкоджень;легко травмований;;;;;;49.86012;24.026992;;;;;;;;;;;
2020-12-28;14:45:00;понеділок;місто;Львів;Шевченківський;вулиця;О. Омеляна Ковча;;;зіткнення бокове;перевищення безпечної швидкості,керування транспортним засобом у нетверезому стані;3;без ушкоджень;без ушкоджень;легко травмований;;;;;;;49.859276;23.98706;;;;;;;;;;;
2020-12-28;14:47:00;понеділок;місто;Львів;Франківський;вулиця;Рудницького С., акад.;8;;наїзд на пішохода - на нерегульованому пішохідному переході;порушення правил маневрування;2;без ушкоджень;легко травмований;;;;;;;;49.823792;23.994066;;;;;;;;;;;
2020-12-31;17:01:00;четвер;місто;Львів;Шевченківський;вулиця;Тичини П.;13;;наїзд на пішохода - на регульованому пішохідному переході;порушення правил маневрування;2;без ушкоджень;легко травмований;;;;;;;;49.866351;24.034905;;;;;;;;;;;
2020-12-29;11:50:00;вівторок;місто;Львів;Сихівський;вулиця;Зелена;251;;зіткнення бокове;порушення правил маневрування;2;легко травмований;без ушкоджень;;;;;;;;49.806402;24.063701;;;;;;;;;;;
2020-12-28;18:37:00;понеділок;місто;Львів;Франківський;вулиця;Рубчака І.;11;;зіткнення бокове;порушення правил проїзду перехресть;5;без ушкоджень;без ушкоджень;легко травмований;легко травмований;легко травмований;;;;;49.806069;24.01364;;;;;;;;;;;
2020-12-28;18:15:00;понеділок;місто;Львів;Шевченківський;вулиця;Панча П.;;;зіткнення лобове;порушення правил маневрування;3;без ушкоджень;без ушкоджень;легко травмований;;;;;;;49.861839;24.017369;;;;;;;;;;;
2020-12-31;20:01:00;четвер;місто;Львів;Сихівський;вулиця;Хуторівка;25;;зіткнення бокове;перевищення безпечної швидкості,керування транспортним засобом у нетверезому стані;4;без ушкоджень;легко травмований;легко травмований;без ушкоджень;;;;;;49.801267;24.026279;;;;;;;;;;;
2020-12-28;1:02:00;понеділок;місто;Львів;Личаківський;вулиця;Глинянський Тракт;110;;наїзд на транспортний засіб, що стоїть - по ходу руху;порушення правил маневрування;2;легко травмований;без ушкоджень;;;;;;;;49.840505;24.092444;;;;;;;;;;;
2021-02-07;12:15:00;неділя;місто;Львів;Галицький;вулиця;Франка І.;24;;наїзд на пішохода - пішохід рухався у попутному напрямку;порушення правил проїзду пішохідних переходів;2;без ушкоджень;легко травмований;;;;;;;;49.834799;24.034374;;;;;;;;;;;
2021-02-11;14:01:00;четвер;місто;Львів;Франківський;вулиця;Володимира Великого;;;наїзд на пішохода - пішохід рухався у попутному напрямку;перехід у невстановленому місці;2;без ушкоджень;легко травмований;;;;;;;;49.810781;23.995535;;;;;;;;;;;
2021-02-17;22:29:00;середа;місто;Львів;Залізничний;вулиця;Яворницького Д.;;;зіткнення бокове;порушення правил проїзду перехресть;3;легко травмований;без ушкоджень;легко травмований;;;;;;;49.824058;23.977318;;;;;;;;;;;
2021-01-30;21:45:00;субота;місто;Львів;Галицький;вулиця;Городоцька;83;;наїзд на пішохода - пішохід рухався у попутному напрямку;перевищення безпечної швидкості,недодержання дистанції;2;без ушкоджень;легко травмований;;;;;;;;49.839792;24.01444;;;;;;;;;;;
2021-02-10;13:30:00;середа;місто;Львів;Сихівський;вулиця;Вернадського В.;26;;наїзд на пішохода - пішохід рухався у попутному напрямку;порушення правил маневрування;2;без ушкоджень;легко травмований;;;;;;;;49.78161;24.05574;;;;;;;;;;;
2021-02-14;22:50:00;неділя;місто;Львів;Франківський;вулиця;Горбачевського І.;17;;наїзд на пішохода - пішохід рухався у попутному напрямку;перехід у невстановленому місці;2;без ушкоджень;легко травмований;;;;;;;;49.828782;24.009612;;;;;;;;;;;
2021-02-17;19:41:00;середа;місто;Львів;Франківський;вулиця;Княгині Ольги;32;;наїзд на пішохода;порушення правил проїзду пішохідних переходів;3;без ушкоджень;без ушкоджень;легко травмований;;;;;;;49.825384;24.008598;;;;;;;;;;;
2021-02-01;21:45:00;понеділок;місто;Львів;Галицький;вулиця;Хотинська;;вул. Городоцька - вул. Хотинська;наїзд на пішохода - пішохід рухався у попутному напрямку;порушення правил проїзду пішохідних переходів;2;без ушкоджень;легко травмований;;;;;;;;49.837477;24.00502;;;;;;;;;;;
2021-01-27;17:37:00;середа;місто;Львів;Личаківський;вулиця;Богданівська;11;;зіткнення бокове;порушення правил маневрування;2;помер у лікарні протягом 30 діб;без ушкоджень;;;;;;;;49.857187;24.073947;;;;;;;;;;;
2021-02-07;13:44:00;неділя;місто;Львів;Залізничний;вулиця;Городоцька;321;;зіткнення бокове;порушення правил проїзду перехресть;4;без ушкоджень;без ушкоджень;легко травмований;легко травмований;;;;;;49.826439;23.947111;;;;;;;;;;;
2021-02-15;8:40:00;понеділок;місто;Львів;Залізничний;вулиця;Суботівська;;вул. Суботівська - вул. Широка;наїзд на пішохода - пішохід рухався у попутному напрямку;порушення правил проїзду пішохідних переходів;2;без ушкоджень;легко травмований;;;;;;;;49.841747;23.967576;;;;;;;;;;;
2021-02-21;7:54:00;неділя;місто;Львів;Личаківський;вулиця;Хмельницького Б.;214;;зіткнення бокове;перевищення безпечної швидкості,недодержання дистанції;4;без ушкоджень;без ушкоджень;без ушкоджень;легко травмований;;;;;;49.869553;24.057001;;;;;;;;;;;
2021-02-01;17:30:00;понеділок;місто;Львів;Шевченківський;проспект;Чорновола В., просп.;43;;наїзд на пішохода - пішохід рухався у попутному напрямку;порушення правил проїзду пішохідних переходів;2;без ушкоджень;легко травмований;;;;;;;;49.85403;24.022642;;;;;;;;;;;
2021-02-17;19:46:00;середа;місто;Львів;Сихівський;вулиця;Стрийська;75;;зіткнення бокове;перевищення безпечної швидкості,недодержання дистанції;3;без ушкоджень;без ушкоджень;легко травмований;;;;;;;49.791163;24.015722;;;;;;;;;;;
2021-02-16;20:50:00;вівторок;місто;Львів;Личаківський;вулиця;Зелена;109;;зіткнення бокове;порушення правил маневрування;3;без ушкоджень;без ушкоджень;легко травмований;;;;;;;49.822221;24.054565;;;;;;;;;;;
2021-01-30;7:05:00;субота;місто;Львів;Шевченківський;вулиця;Промислова;;вул. Промислова - вул. Липинського В.;зіткнення бокове;порушення правил маневрування,порушення правил проїзду перехресть;3;без ушкоджень;без ушкоджень;легко травмований;;;;;;;49.865224;24.04433;;;;;;;;;;;
2021-02-03;19:01:00;середа;місто;Львів;Франківський;вулиця;Наукова;35;;наїзд на пішохода - пішохід рухався у попутному напрямку;порушення правил маневрування;2;без ушкоджень;легко травмований;;;;;;;;49.804435;23.992124;;;;;;;;;;;