accidentDate;accidentTime;accidentDay;settlementType;settlement;district;streetType;streetName;houseNumber;locationComments;accidentType;mainAccidentCause;totalParticipantsAmount;injuryStatusParticipant1;injuryStatusParticipant2;injuryStatusParticipant3;injuryStatusParticipant4;injuryStatusParticipant5;injuryStatusParticipant6;injuryStatusParticipant7;injuryStatusParticipant8;injuryStatusParticipant9;latitude;longitude;injuryStatusParticipant10;injuryStatusParticipant11;injuryStatusParticipant12;injuryStatusParticipant13;injuryStatusParticipant14;injuryStatusParticipant15;injuryStatusParticipant16;injuryStatusParticipant17;injuryStatusParticipant18;injuryStatusParticipant19;injuryStatusParticipant20
2021-02-08;0:05:00;понеділок;місто;Львів;Шевченківський;вулиця;Мазепи І., гетьм.;1;;зіткнення бокове;керування транспортним засобом у нетверезому стані,перевищення безпечної швидкості,недодержання дистанції;3;легко травмований;без ушкоджень;без ушкоджень;;;;;;;49.832083;23.892404;;;;;;;;;;;
2021-02-11;6:25:00;четвер;місто;Львів;Залізничний;вулиця;Городоцька;151;;зіткнення з задньою частиною тз;порушення правил маневрування;2;без ушкоджень;легко травмований;;;;;;;;49.836536;24.000428;;;;;;;;;;;
2021-02-19;9:48:00;п'ятниця;місто;Львів;Личаківський;вулиця;Лисенка М.;26;;зіткнення з задньою частиною тз;порушення правил маневрування,перевищення безпечної швидкості,недодержання дистанції;3;без ушкоджень;без ушкоджень;легко травмований;;;;;;;49.841944;24.045489;;;;;;;;;;;
2021-01-29;15:44:00;п'ятниця;місто;Львів;Франківський;вулиця;Кобилиці Л.;19;;зіткнення бокове;порушення правил маневрування,порушення правил проїзду перехресть;2;без ушкоджень;легко травмований;;;;;;;;49.816873;23.998169;;;;;;;;;;;
2021-02-20;23:04:00;субота;місто;Львів;Залізничний;вулиця;Садова;;Перехрестя вул. Садова;зіткнення бокове;порушення правил маневрування,порушення правил проїзду перехресть,невиконання вимог сигналів регулювання;3;легко травмований;без ушкоджень;легко травмований;;;;;;;49.82147;23.988605;;;;;;;;;;;
2021-02-12;16:10:00;п'ятниця;місто;Львів;Залізничний;вулиця;Городоцька;112;;наїзд на пішохода;перевищення безпечної швидкості,порушення правил проїзду пішохідних переходів;2;без ушкоджень;легко травмований;;;;;;;;49.836228;23.998448;;;;;;;;;;;
2021-04-02;22:10:00;п'ятниця;місто;Львів;Сихівський;вулиця;Гориня М.;9;;наїзд на транспортний засіб, що стоїть - по ходу руху;перевищення безпечної швидкості,керування транспортним засобом у нетверезому стані;1;легко травмований;;;;;;;;;49.78923;24.05554;;;;;;;;;;;
2021-04-09;12:37:00;п'ятниця;місто;Львів;Шевченківський;вулиця;Липинського В.;54;;наїзд на пішохода - пішохід рухався у попутному напрямку;порушення правил маневрування;2;без ушкоджень;легко травмований;;;;;;;;49.864432;24.041508;;;;;;;;;;;
2021-04-12;15:30:00;понеділок;місто;Львів;Франківський;вулиця;Сахарова А., акад.;42;;зіткнення з задньою частиною тз;перевищення безпечної швидкості,недодержання дистанції;3;без ушкоджень;без ушкоджень;легко травмований;;;;;;;49.829035;24.012927;;;;;;;;;;;
2021-04-13;1:27:00;вівторок;місто;Львів;Шевченківський;вулиця;Порічкова;15;;наїзд на інші види перешкод;перевищення безпечної швидкості;1;помер у лікарні протягом 30 діб;;;;;;;;;49.867717;23.961005;;;;;;;;;;;
2021-03-31;16:01:00;середа;місто;Львів;Личаківський;вулиця;Личаківська;42;;наїзд на велосипедиста - поза межами велосипедної доріжки;порушення правил маневрування;2;без ушкоджень;легко травмований;;;;;;;;49.798706;24.071113;;;;;;;;;;;
2021-03-28;9:50:00;неділя;місто;Львів;Галицький;проспект;Чорновола В., просп.;14;;наїзд на інші види перешкод;недодержання дистанції,перевищення безпечної швидкості;4;без ушкоджень;без ушкоджень;легко травмований;легко травмований;;;;;;49.847015;24.025662;;;;;;;;;;;
2021-04-07;17:50:00;середа;місто;Львів;Залізничний;вулиця;Кульпрківська;118;;падіння пасажира;порушення правил перевезення пасажирів;2;без ушкоджень;легко травмований;;;;;;;;49.819386;23.987896;;;;;;;;;;;
2021-03-30;17:22:00;вівторок;місто;Львів;Сихівський;вулиця;Чмоли І.;2;;зіткнення бокове;перевищення безпечної швидкості,недодержання дистанції;3;легко травмований;легко травмований;без ушкоджень;;;;;;;49.814859;24.024015;;;;;;;;;;;
2021-04-29;11:25:00;четвер;місто;Львів;Залізничний;вулиця;Білогорща;34;;наїзд на інші види перешкод;керування транспортним засобом у нетверезому стані,порушення правил маневрування;2;легко травмований;без ушкоджень;;;;;;;;49.844441;23.947915;;;;;;;;;;;
2021-04-22;7:35:00;четвер;місто;Львів;Шевченківський;вулиця;Грінченка Б.;;;наїзд на велосипедиста - поза межами велосипедної доріжки;перевищення безпечної швидкості;2;без ушкоджень;легко травмований;;;;;;;;49.795356;24.054246;;;;;;;;;;;
2021-04-26;18:50:00;понеділок;місто;Львів;Шевченківський;проспект;Чорновола В., просп.;45;;наїзд на велосипедиста - поза межами велосипедної доріжки;недодержання дистанції;2;без ушкоджень;легко травмований;;;;;;;;49.852518;24.023629;;;;;;;;;;;
2021-04-16;6:01:00;п'ятниця;місто;Львів;Шевченківський;вулиця;Липинського В.;11;;наїзд на пішохода - на нерегульованому пішохідному переході;порушення правил проїзду пішохідних переходів;2;без ушкоджень;помер у лікарні протягом 30 діб;;;;;;;;49.856765;24.022079;;;;;;;;;;;
2021-04-08;14:43:00;четвер;місто;Львів;Галицький;вулиця;Ковжуна П.;;Перехрестяв вул. Ковжуна П. - вул. Чайковського П.;зіткнення бокове;порушення правил проїзду перехресть;2;легко травмований;легко травмований;;;;;;;;49.83756;24.029793;;;;;;;;;;;
2021-04-08;17:20:00;четвер;місто;Львів;Галицький;вулиця;Стуса В.;7;;зіткнення бокове;порушення правил маневрування;2;без ушкоджень;помер на місці дтп;;;;;;;;49.823266;24.038313;;;;;;;;;;;
2021-04-27;19:30:00;вівторок;місто;Львів;Залізничний;вулиця;Кульчицької О.;4;;наїзд на пішохода - пішохід рухався у зустрічному напрямку;неочікуваний вихід на проїзну частину;2;без ушкоджень;легко травмований;;;;;;;;49.817493;23.973268;;;;;;;;;;;
2021-04-11;19:18:00;неділя;місто;Львів;Галицький;проспект;Свободи, просп.;;;наїзд на пішохода - пішохід рухався у попутному напрямку;порушення правил маневрування;2;без ушкоджень;легко травмований;;;;;;;;49.842134;24.026842;;;;;;;;;;;
2021-04-28;18:45:00;середа;місто;Львів;Шевченківський;проспект;Чорновола В., просп.;7;;наїзд на інші види перешкод;порушення правил маневрування;1;тяжко травмований;;;;;;;;;49.859722;24.019831;;;;;;;;;;;
2021-04-28;14:05:00;середа;місто;Львів;Шевченківський;вулиця;Городоцька;32;;наїзд на пішохода - пішохід рухався у зустрічному напрямку;порушення правил проїзду пішохідних переходів;2;без ушкоджень;легко травмований;;;;;;;;49.842791;24.017165;;;;;;;;;;;
2021-04-01;15:20:00;четвер;місто;Львів;Залізничний;вулиця;Виговського І.;89;;наїзд на пішохода - пішохід рухався у попутному напрямку;порушення правил проїзду пішохідних переходів;2;легко травмований;без ушкоджень;;;;;;;;49.812726;23.98213;;;;;;;;;;;
2021-04-01;0:55:00;четвер;місто;Львів;Сихівський;вулиця;Хуторівка;4Б;;наїзд на пішохода - пішохід рухався у попутному напрямку;перехід у невстановленому місці;2;без ушкоджень;легко травмований;;;;;;;;49.799695;24.02689;;;;;;;;;;;
2021-04-20;18:30:00;вівторок;місто;Львів;Галицький;вулиця;Під Дубом;7Б;;наїзд на пішохода - пішохід на тротуарі чи велосипедній доріжці;перевищення безпечної швидкості;3;без ушкоджень;без ушкоджень;тяжко травмований;;;;;;;49.850481;24.022899;;;;;;;;;;;
2021-04-07;23:05:00;середа;місто;Львів;Франківський;вулиця;Княгині Ольги;100;;наїзд на пішохода - пішохід рухався у попутному напрямку;пішоходи невиконання вимог сигналів регулювання;2;без ушкоджень;легко травмований;;;;;;;;49.816908;24.002643;;;;;;;;;;;
2021-04-08;19:10:00;четвер;місто;Львів;Личаківський;вулиця;Личаківська;;;наїзд на пішохода - пішохід рухався у попутному напрямку;порушення правил маневрування;2;без ушкоджень;легко травмований;;;;;;;;49.840425;24.044019;;;;;;;;;;;
2021-04-16;18:30:00;п'ятниця;місто;Львів;Галицький;вулиця;Франка І.;35;;падіння пасажира;порушення техніки безпеки пасажиром;2;без ушкоджень;легко травмований;;;;;;;;49.842957;24.034927;;;;;;;;;;;
2021-04-06;10:01:00;вівторок;місто;Львів;Галицький;вулиця;Городоцька;64;;наїзд на пішохода - пішохід рухався у зустрічному напрямку;порушення правил маневрування;4;без ушкоджень;без ушкоджень;легко травмований;без ушкоджень;;;;;;49.839263;24.009697;;;;;;;;;;;
2021-04-21;0:05:00;середа;місто;Львів;Залізничний;вулиця;Городоцька;174;;зіткнення з задньою частиною тз;перевищення безпечної швидкості,недодержання дистанції,керування транспортним засобом у нетверезому стані;3;без ушкоджень;легко травмований;без ушкоджень;;;;;;;49.830681;23.966584;;;;;;;;;;;
2021-04-29;22:47:00;четвер;місто;Львів;Сихівський;вулиця;Червоної Калини, просп.;59;;зіткнення бокове;невиконання вимог сигналів регулювання;3;без ушкоджень;без ушкоджень;легко травмований;;;;;;;49.8372;24.0243;;;;;;;;;;;
2021-04-02;21:30:00;п'ятниця;місто;Львів;Франківський;вулиця;Княгині Ольги;102;;наїзд на пішохода - на регульованому пішохідному переході;порушення правил проїзду пішохідних переходів;3;без ушкоджень;легко травмований;легко травмований;;;;;;;49.825152;24.008356;;;;;;;;;;;
2021-04-16;20:32:00;п'ятниця;місто;Львів;Франківський;вулиця;Кульпарківська;93;;зіткнення бокове;порушення правил проїзду перехресть;2;легко травмований;без ушкоджень;;;;;;;;49.822999;23.989141;;;;;;;;;;;
2021-04-17;12:25:00;субота;місто;Львів;Франківський;вулиця;Наукова;51;;наїзд на пішохода - пішохід рухався у зустрічному напрямку;неочікуваний вихід на проїзну частину;2;без ушкоджень;тяжко травмований;;;;;;;;49.804819;23.987435;;;;;;;;;;;
2021-04-28;18:01:00;середа;місто;Львів;Франківський;вулиця;Боткіна С.;73;;наїзд на пішохода - на нерегульованому пішохідному переході;порушення правил проїзду пішохідних переходів;2;без ушкоджень;легко травмований;;;;;;;;49.813169;23.991796;;;;;;;;;;;
2021-04-02;19:37:00;п'ятниця;місто;Львів;Шевченківський;вулиця;Хмельницького Б.;291;;зіткнення бокове;перевищення безпечної швидкості;3;легко травмований;без ушкоджень;легко травмований;;;;;;;49.878404;24.064259;;;;;;;;;;;
2021-04-14;11:55:00;середа;місто;Львів;Личаківський;вулиця;Пасічна;43;;наїзд на пішохода - пішохід рухався у попутному напрямку;порушення правил проїзду пішохідних переходів;2;без ушкоджень;легко травмований;;;;;;;;49.830132;24.069854;;;;;;;;;;;
2021-04-28;22:20:00;середа;місто;Львів;Франківський;вулиця;Княгині Ольги;25;;наїзд на пішохода - пішохід рухався у зустрічному напрямку;неочікуваний вихід на проїзну частину;2;без ушкоджень;легко травмований;;;;;;;;49.816837;24.002953;;;;;;;;;;;
2021-04-22;22:45:00;четвер;місто;Львів;Залізничний;вулиця;Кульпарківська;139;;наїзд на пішохода - на нерегульованому пішохідному переході;порушення правил проїзду пішохідних переходів;2;без ушкоджень;легко травмований;;;;;;;;49.815419;23.984839;;;;;;;;;;;
2021-04-27;17:01:00;вівторок;місто;Львів;Залізничний;вулиця;Щирецька;36;;зіткнення бокове;перевищення безпечної швидкості,порушення правил проїзду перехресть,невиконання вимог сигналів регулювання;2;без ушкоджень;легко травмований;;;;;;;;49.809985;23.974357;;;;;;;;;;;
2021-04-20;20:01:00;вівторок;місто;Львів;Франківський;вулиця;Пулюя І.;23;;наїзд на пішохода - пішохід на тротуарі чи велосипедній доріжці;порушення правил маневрування;2;без ушкоджень;легко травмований;;;;;;;;49.80108;23.990375;;;;;;;;;;;
2021-04-01;19:50:00;четвер;місто;Львів;Галицький;площа;Святого Юра, пл.;1;;наїзд на велосипедиста - велосипедист рухався у попутному напрямку;порушення правил проїзду пішохідних переходів,порушення правил маневрування,перевищення безпечної швидкості;2;без ушкоджень;легко травмований;;;;;;;;49.836519;24.013211;;;;;;;;;;;
2021-06-05;9:45:00;субота;місто;Львів;Шевченківський;вулиця;Шевченка Т.;186;;зіткнення бокове;перевищення безпечної швидкості;2;без ушкоджень;легко травмований;;;;;;;;49.85605;23.981057;;;;;;;;;;;
2021-06-02;19:30:00;середа;місто;Львів;Личаківський;вулиця;Заньковецької М.;;вул. Заньковецької М. - вул. Личаківська;зіткнення бокове;порушення правил проїзду пішохідних переходів;2;легко травмований;легко травмований;;;;;;;;49.840723;24.04646;;;;;;;;;;;
2021-06-07;19:15:00;понеділок;місто;Львів;Личаківський;вулиця;Пасічна;63;;наїзд на пішохода;порушення правил маневрування;2;легко травмований;без ушкоджень;;;;;;;;49.824913;24.075004;;;;;;;;;;;
2021-06-15;21:01:00;вівторок;місто;Львів;Сихівський;проспект;Червоної Калини, просп.;66;;наїзд на пішохода - пішохід рухався у попутному напрямку;порушення правил маневрування;2;без ушкоджень;легко травмований;;;;;;;;49.790685;24.057409;;;;;;;;;;;
2021-06-18;19:12:00;п'ятниця;місто;Львів;Залізничний;вулиця;Щирецька;36;;наїзд на пішохода - на регульованому пішохідному переході;порушення правил проїзду пішохідних переходів;2;без ушкоджень;легко травмований;;;;;;;;49.809874;23.975934;;;;;;;;;;;
2021-06-04;15:24:00;п'ятниця;місто;Львів;Сихівський;вулиця;Зелена;238;;зіткнення бокове;перевищення безпечної швидкості;2;без ушкоджень;легко травмований;;;;;;;;49.806786;24.060702;;;;;;;;;;;
2021-05-31;22:45:00;понеділок;місто;Львів;Галицький;вулиця;Торгова;;вул. Торгова - Свободи, просп. - Різні, пл.;зіткнення бокове;керування транспортним засобом у нетверезому стані,невиконання вимог сигналів регулювання;3;легко травмований;без ушкоджень;без ушкоджень;;;;;;;49.844158;24.024659;;;;;;;;;;;
2021-06-23;11:30:00;середа;місто;Львів;Галицький;вулиця;Дорошенка П.;22;;наїзд на пішохода - пішохід рухався у зустрічному напрямку;порушення правил проїзду пішохідних переходів;2;без ушкоджень;легко травмований;;;;;;;;49.83909;24.025185;;;;;;;;;;;
2021-06-04;17:38:00;п'ятниця;місто;Львів;Личаківський;вулиця;Яворницького Д.;8А;;наїзд на пішохода - пішохід переходив дорогу поза межами піш.переходу;перехід у невстановленому місці;2;без ушкоджень;легко травмований;;;;;;;;49.815146;24.149601;;;;;;;;;;;
2021-06-13;16:20:00;неділя;місто;Львів;Галицький;вулиця;Франка І.;88;;наїзд на пішохода - пішохід рухався у попутному напрямку;порушення правил маневрування;2;без ушкоджень;легко травмований;;;;;;;;49.82893736;24.03231912;;;;;;;;;;;
2021-06-10;13:45:00;четвер;місто;Львів;Галицький;вулиця;Шевченка Т.;;;наїзд на інші види перешкод;перевищення безпечної швидкості,керування транспортним засобом у нетверезому стані;2;легко травмований;без ушкоджень;;;;;;;;49.842413;24.027621;;;;;;;;;;;
2021-06-10;16:40:00;четвер;місто;Львів;Залізничний;вулиця;Городоцька;274;;зіткнення з задньою частиною тз;недодержання дистанції;3;без ушкоджень;без ушкоджень;легко травмований;;;;;;;49.82419;23.93289;;;;;;;;;;;
2021-06-25;11:40:00;п'ятниця;місто;Львів;Шевченківський;вулиця;Варшавська;69;;зіткнення з задньою частиною тз;недодержання дистанції,перевищення безпечної швидкості;2;легко травмований;без ушкоджень;;;;;;;;49.860635;24.008297;;;;;;;;;;;
2021-05-30;22:25:00;неділя;місто;Львів;Сихівський;проспект;Червоної Калини, просп.;76А;;наїзд на пішохода - пішохід рухався у попутному напрямку;порушення правил проїзду пішохідних переходів;2;без ушкоджень;тяжко травмований;;;;;;;;49.788603;24.058224;;;;;;;;;;;
2021-06-20;12:39:00;неділя;місто;Львів;Залізничний;вулиця;Городоцька;214;;зіткнення бокове;порушення правил проїзду перехресть;4;легко травмований;легко травмований;легко травмований;легко травмований;;;;;;49.829498;23.960082;;;;;;;;;;;
2021-06-02;11:45:00;середа;місто;Львів;Франківський;вулиця;Княгині Ольги;19;;наїзд на пішохода - пішохід рухався у попутному напрямку;пішоходи невиконання вимог сигналів регулювання;2;без ушкоджень;легко травмований;;;;;;;;49.817327;24.003523;;;;;;;;;;;
2021-06-03;10:35:00;четвер;місто;Львів;Сихівський;вулиця;Навроцького В.;;вул. Навроцького В. - Червоної Калини, просп.;зіткнення бокове;порушення правил проїзду перехресть;3;без ушкоджень;без ушкоджень;легко травмований;;;;;;;49.81175;24.046047;;;;;;;;;;;
2021-06-06;15:10:00;неділя;місто;Львів;Залізничний;вулиця;Любінська;;вул. Любінська - вул. Петлюри С.;зіткнення бокове;порушення правил проїзду перехресть;3;без ушкоджень;без ушкоджень;легко травмований;;;;;;;49.823871;23.977447;;;;;;;;;;;
2021-06-17;4:10:00;четвер;місто;Львів;Галицький;площа;Князя Ярослава Осмомисла, пл.;;Перехрестя вул. Князя Ярослава,  Осмомисла, пл. - вул. Хмельницького Б.;зіткнення бокове;порушення правил проїзду перехресть;3;без ушкоджень;без ушкоджень;легко травмований;;;;;;;49.844571;24.029699;;;;;;;;;;;
2021-06-16;10:15:00;середа;місто;Львів;Шевченківський;вулиця;Хмельницького Б.;113;;зіткнення бокове;порушення правил проїзду перехресть;2;легко травмований;легко травмований;;;;;;;;49.853335;24.036557;;;;;;;;;;;
2021-06-11;0:05:00;п'ятниця;місто;Львів;Шевченківський;вулиця;Липинського В.;28;;зіткнення бокове;перевищення безпечної швидкості;4;легко травмований;без ушкоджень;легко травмований;легко травмований;;;;;;49.862063;24.029117;;;;;;;;;;;
2021-06-25;22:17:00;п'ятниця;місто;Львів;Шевченківський;вулиця;Грінченка Б.;;;зіткнення бокове;порушення правил маневрування,перевищення безпечної швидкості;1;легко травмований;;;;;;;;;49.870673;24.057902;;;;;;;;;;;
2021-06-20;23:34:00;неділя;місто;Львів;Галицький;вулиця;Торгова;;вул. Торгова - Різні, пл.;зіткнення бокове;порушення правил надання безперешкодного проїзду;6;без ушкоджень;легко травмований;легко травмований;легко травмований;легко травмований;легко травмований;;;;49.844206;24.024648;;;;;;;;;;;
2021-06-17;14:35:00;четвер;місто;Львів;Залізничний;вулиця;Городоцька;319;;зіткнення бокове;порушення правил маневрування;3;без ушкоджень;легко травмований;без ушкоджень;;;;;;;49.827239;23.949831;;;;;;;;;;;
2021-06-03;22:30:00;четвер;місто;Львів;Залізничний;вулиця;Широка;;;наїзд на пішохода - стояв на проїздній частині;неочікуваний вихід на проїзну частину;2;без ушкоджень;легко травмований;;;;;;;;49.841843;23.967769;;;;;;;;;;;
2021-06-24;17:30:00;четвер;місто;Львів;Сихівський;проспект;Червоної Калини, просп.;49;;зіткнення бокове;перевищення безпечної швидкості,недодержання дистанції;4;без ушкоджень;без ушкоджень;без ушкоджень;легко травмований;;;;;;49.799134;24.049453;;;;;;;;;;;
2021-06-13;12:41:00;неділя;місто;Львів;Франківський;вулиця;Городоцька;169;;наїзд на пішохода - пішохід рухався у зустрічному напрямку;порушення правил проїзду пішохідних переходів;2;без ушкоджень;помер на місці дтп;;;;;;;;49.835716;23.99693;;;;;;;;;;;
2021-05-10;18:10:00;понеділок;місто;Львів;Галицький;проспект;Свободи, просп.;;;наїзд на пішохода - пішохід на тротуарі чи велосипедній доріжці;порушення правил маневрування;2;без ушкоджень;легко травмований;;;;;;;;49.843656;24.026434;;;;;;;;;;;
2021-06-06;18:26:00;неділя;місто;Львів;Галицький;вулиця;Героїв Майдану;;вул. Героїв Майдану - вул. Стрийська;перекидання тз;перевищення безпечної швидкості;1;легко травмований;;;;;;;;;49.824927;24.020888;;;;;;;;;;;
2021-06-03;18:47:00;четвер;місто;Львів;Залізничний;вулиця;Городоцька;276;;зіткнення бокове;невиконання вимог сигналів регулювання;2;без ушкоджень;легко травмований;;;;;;;;49.824532;23.932112;;;;;;;;;;;
2021-06-10;14:10:00;четвер;місто;Львів;Галицький;вулиця;700-Річчя Львова;2;;наїзд на пішохода - пішохід рухався у попутному напрямку;перевищення безпечної швидкості,недодержання дистанції;2;без ушкоджень;легко травмований;;;;;;;;49.850146;24.024922;;;;;;;;;;;
2021-06-08;8:02:00;вівторок;місто;Львів;Галицький;вулиця;Зелена;109;;наїзд на пішохода - пішохід рухався у попутному напрямку;порушення правил проїзду пішохідних переходів;2;без ушкоджень;легко травмований;;;;;;;;49.823515;24.052264;;;;;;;;;;;
2021-06-22;14:41:00;вівторок;місто;Львів;Франківський;вулиця;Володимира Великого;61;;наїзд на пішохода - пішохід рухався у попутному напрямку;порушення правил маневрування;2;без ушкоджень;легко травмований;;;;;;;;49.810421;23.995836;;;;;;;;;;;
2021-06-19;17:41:00;субота;місто;Львів;Сихівський;вулиця;Угорська;12;;наїзд на пішохода - пішохід рухався у попутному напрямку;порушення правил проїзду пішохідних переходів;2;без ушкоджень;легко травмований;;;;;;;;49.810518;24.045226;;;;;;;;;;;
2021-06-04;4:01:00;п'ятниця;місто;Львів;Галицький;вулиця;Кривоноса М.;5;;наїзд на інші види перешкод;перевищення безпечної швидкості,керування транспортним засобом у нетверезому стані;4;легко травмований;легко травмований;легко травмований;легко травмований;;;;;;49.844936;24.038547;;;;;;;;;;;
2021-06-11;18:30:00;п'ятниця;місто;Львів;Шевченківський;вулиця;Плужника Є.;3;;наїзд на пішохода - пішохід переходив дорогу поза межами піш.переходу;перехід у невстановленому місці;2;без ушкоджень;легко травмований;;;;;;;;49.864728;24.009466;;;;;;;;;;;
2021-06-10;16:18:00;четвер;місто;Львів;Галицький;площа;Міцкевича А., пл.;1;;наїзд на інші види перешкод;порушення правил утримання автодоріг та вулиць;4;легко травмований;легко травмований;без ушкоджень;без ушкоджень;;;;;;49.839602;24.030018;;;;;;;;;;;
2021-06-19;6:44:00;субота;місто;Львів;Личаківський;вулиця;Польова;55;;зіткнення бокове;порушення правил проїзду перехресть;2;без ушкоджень;легко травмований;;;;;;;;49.860086;24.0622887;;;;;;;;;;;
2021-06-07;6:17:00;понеділок;місто;Львів;Залізничний;вулиця;Левандівська;25;;наїзд на інші види перешкод;управління несправним транспортним засобом;7;легко травмований;без ушкоджень;легко травмований;легко травмований;легко травмований;легко травмований;легко травмований;;;49.842667;23.979662;;;;;;;;;;;
2021-06-03;8:14:00;четвер;місто;Львів;Франківський;вулиця;Городоцька;233;;наїзд на пішохода - пішохід рухався у попутному напрямку;порушення правил проїзду пішохідних переходів;2;без ушкоджень;легко травмований;;;;;;;;49.831692;23.975687;;;;;;;;;;;
2021-06-27;22:43:00;неділя;місто;Львів;Франківський;вулиця;Пасічна;8;;перекидання тз;порушення правил маневрування;1;легко травмований;;;;;;;;;49.822639;24.013032;;;;;;;;;;;
2021-06-15;23:10:00;вівторок;місто;Львів;Франківський;вулиця;Пулюя І.;40;;наїзд на транспортний засіб, що стоїть - по ходу руху;порушення правил маневрування;3;без ушкоджень;без ушкоджень;легко травмований;;;;;;;49.800208;23.988071;;;;;;;;;;;
2021-06-27;15:20:00;неділя;місто;Львів;Галицький;площа;Галицька, пл.;;;падіння пасажира;перевищення безпечної швидкості;2;без ушкоджень;легко травмований;;;;;;;;49.839268;24.03258;;;;;;;;;;;
2021-06-16;18:03:00;середа;місто;Львів;Личаківський;вулиця;Глинянський Тракт;23;;наїзд на пішохода - пішохід рухався у попутному напрямку;перехід у невстановленому місці;2;без ушкоджень;легко травмований;;;;;;;;49.837041;24.073845;;;;;;;;;;;
2021-06-14;18:01:00;понеділок;місто;Львів;Франківський;вулиця;Княгині Ольги;5А;;зіткнення з задньою частиною тз;недодержання дистанції;3;легко травмований;без ушкоджень;без ушкоджень;;;;;;;49.813426;24.000589;;;;;;;;;;;
2021-06-05;18:06:00;субота;місто;Львів;Залізничний;вулиця;Кульпарківська;232;;наїзд на інші види перешкод;недодержання дистанції;3;без ушкоджень;без ушкоджень;легко травмований;;;;;;;49.803151;23.980778;;;;;;;;;;;
2021-06-23;16:01:00;середа;місто;Львів;Франківський;вулиця;Любінська;;Перехрестя вул. Любінська - вул. Копистинського Т.;зіткнення з задньою частиною тз;порушення правил проїзду перехресть;3;без ушкоджень;без ушкоджень;легко травмований;;;;;;;49.829021;23.987258;;;;;;;;;;;
2021-06-25;18:10:00;п'ятниця;місто;Львів;Личаківський;вулиця;Богданівська;1;;зіткнення бокове;перевищення безпечної швидкості,порушення правил маневрування;3;без ушкоджень;без ушкоджень;легко травмований;;;;;;;49.84595;24.084629;;;;;;;;;;;
2021-06-25;8:25:00;п'ятниця;місто;Львів;Личаківський;вулиця;Пластова;7;;зіткнення бокове;порушення правил маневрування;2;легко травмований;без ушкоджень;;;;;;;;49.862776;24.067563;;;;;;;;;;;
2021-06-14;7:48:00;понеділок;місто;Львів;Шевченківський;вулиця;Миколайчука І.;5;;наїзд на пішохода - пішохід рухався у попутному напрямку;порушення правил маневрування;2;без ушкоджень;легко травмований;;;;;;;;49.869674;24.043069;;;;;;;;;;;
2021-06-26;12:30:00;субота;місто;Львів;Франківський;вулиця;Мельника А.;;;наїзд на пішохода - пішохід рухався у зустрічному напрямку;порушення правил маневрування;2;легко травмований;без ушкоджень;;;;;;;;49.831391;24.003078;;;;;;;;;;;
2021-06-26;18:30:00;субота;місто;Львів;Залізничний;вулиця;Городоцька;300;;зіткнення бокове;перевищення безпечної швидкості;2;без ушкоджень;легко травмований;;;;;;;;49.824872;23.90992;;;;;;;;;;;
2021-06-12;0:50:00;субота;місто;Львів;Галицький;площа;Святого Юра, пл.;;;наїзд на інші види перешкод;перевищення безпечної швидкості;1;легко травмований;;;;;;;;;49.837318;24.012519;;;;;;;;;;;
2021-06-10;10:05:00;четвер;місто;Львів;Галицький;вулиця;Гашека Я.;15А;;наїзд на пішохода - пішохід рухався у попутному напрямку;порушення правил маневрування;2;легко травмований;без ушкоджень;;;;;;;;49.839387;24.029658;;;;;;;;;;;
2021-06-25;7:25:00;п'ятниця;місто;Львів;Франківський;вулиця;Городоцька;174;;наїзд на пішохода - пішохід переходив дорогу поза межами піш.переходу;перехід у невстановленому місці;2;без ушкоджень;тяжко травмований;;;;;;;;49.835692;23.996876;;;;;;;;;;;
2021-06-07;20:44:00;понеділок;місто;Львів;Личаківський;вулиця;Пасічна;70;;наїзд на пішохода - пішохід рухався у зустрічному напрямку;порушення правил маневрування;2;без ушкоджень;легко травмований;;;;;;;;49.826034;24.073244;;;;;;;;;;;
2021-06-21;14:47:00;понеділок;місто;Львів;Личаківський;вулиця;Пасічна;;вул. Пасічна - вул. Китайська;наїзд на велосипедиста - велосипедист рухався у попутному напрямку;недодержання дистанції;2;без ушкоджень;легко травмований;;;;;;;;49.821677;24.075379;;;;;;;;;;;
2021-06-11;13:01:00;п'ятниця;місто;Львів;Личаківський;вулиця;Личаківська;64;;падіння пасажира;порушення правил маневрування;2;без ушкоджень;легко травмований;;;;;;;;49.839743;24.050258;;;;;;;;;;;
2021-06-27;16:30:00;неділя;місто;Львів;Франківський;вулиця;Тролейбусна;12;;наїзд на транспортний засіб, що стоїть - по ходу руху;керування транспортним засобом у нетверезому стані,перевищення безпечної швидкості,недодержання дистанції;4;легко травмований;легко травмований;легко травмований;без ушкоджень;;;;;;49.804539;24.006715;;;;;;;;;;;
2021-05-26;14:01:00;середа;місто;Львів;Личаківський;вулиця;Пасічна;71;;падіння пасажира;порушення техніки безпеки пасажиром;2;без ушкоджень;легко травмований;;;;;;;;49.820947;24.07568;;;;;;;;;;;