accidentDate;accidentTime;accidentDay;settlementType;settlement;district;streetType;streetName;houseNumber;locationComments;accidentType;mainAccidentCause;totalParticipantsAmount;injuryStatusParticipant1;injuryStatusParticipant2;injuryStatusParticipant3;injuryStatusParticipant4;injuryStatusParticipant5;injuryStatusParticipant6;injuryStatusParticipant7;injuryStatusParticipant8;injuryStatusParticipant9;latitude;longitude;injuryStatusParticipant10;injuryStatusParticipant11;injuryStatusParticipant12;injuryStatusParticipant13;injuryStatusParticipant14;injuryStatusParticipant15;injuryStatusParticipant16;injuryStatusParticipant17;injuryStatusParticipant18;injuryStatusParticipant19;injuryStatusParticipant20
2022-08-31;19:12:00;середа;місто;Львів;Сихівський;вулиця;Зелена;305;;зіткнення бокове;порушення правил маневрування;2;без ушкоджень;легко травмований;;;;;;;;49.797866;24.071947;;;;;;;;;;;
2022-09-08;13:40:00;четвер;місто;Львів;Личаківський;вулиця;Богданівська;44;;зіткнення бокове;перевищення безпечної швидкості, недодержання дистанції;5;без ушкоджень;без ушкоджень;без ушкоджень;без ушкоджень;легко травмований;;;;;49.855942;24.075159;;;;;;;;;;;
2022-08-19;17:22:00;п'ятниця;місто;Львів;Галицький;вулиця;Менцинського М.;12;;наїзд на пішохода - пішохід переходив дорогу поза межами піш.переходу;неочікуваний вихід на проїзну частину;2;без ушкоджень;легко травмований;;;;;;;;49.842892;24.022143;;;;;;;;;;;
2022-08-04;22:30:00;четвер;місто;Львів;Шевченківський;вулиця;Замарстинівська;174;;зіткнення бокове;порушення правил проїзду перехресть;3;без ушкоджень;легко травмований;легко травмований;;;;;;;49.870825;24.019386;;;;;;;;;;;
2022-08-21;11:57:00;неділя;місто;Львів;Залізничний;вулиця;Широка;111а;;наїзд на пішохода - на нерегульованому пішохідному переході;порушення правил проїзду пішохідних переходів;2;без ушкоджень;легко травмований;;;;;;;;49.84266;23.959122;;;;;;;;;;;
2022-08-05;11:33:00;п'ятниця;місто;Львів;Франківський;вулиця;Кульпарківська;78;;зіткнення бокове;невиконання вимог сигналів регулювання;3;без ушкоджень;без ушкоджень;легко травмований;;;;;;;49.825422;23.989795;;;;;;;;;;;
2022-08-31;13:07:00;середа;місто;Львів;Франківський;вулиця;Нечуя-Левицького І.;1;;наїзд на пішохода - на нерегульованому пішохідному переході;порушення правил маневрування;2;без ушкоджень;легко травмований;;;;;;;;49.8324298;24.0179148;;;;;;;;;;;
2022-08-01;16:12:00;понеділок;місто;Львів;Шевченківський;вулиця;Замарстинівська;177;;наїзд на пішохода - на нерегульованому пішохідному переході;порушення правил маневрування;2;без ушкоджень;тяжко травмований;;;;;;;;49.868709;24.023495;;;;;;;;;;;
2022-09-07;19:18:00;середа;місто;Львів;Залізничний;вулиця;Любінська;;вул. Любінська - вул. Зоряна;зіткнення бокове;порушення правил маневрування;2;без ушкоджень;тяжко травмований;;;;;;;;49.825128;23.979238;;;;;;;;;;;
2022-08-30;13:30:00;вівторок;місто;Львів;Сихівський;вулиця;Зелена;;вул. Зелена - вул. Сихівська;зіткнення бокове;перевищення безпечної швидкості, порушення правил проїзду перехресть;2;без ушкоджень;легко травмований;;;;;;;;49.798632;24.070793;;;;;;;;;;;
2022-09-07;16:53:00;середа;місто;Львів;Залізничний;вулиця;Городоцька;162;;наїзд на пішохода - на нерегульованому пішохідному переході;порушення правил проїзду пішохідних переходів;2;без ушкоджень;тяжко травмований;;;;;;;;49.831869;23.975124;;;;;;;;;;;
2022-08-28;20:30:00;неділя;місто;Львів;Шевченківський;вулиця;Шевченка Т.;134а;;наїзд на пішохода - пішохід рухався у попутному напрямку;порушення правил маневрування;2;без ушкоджень;легко травмований;;;;;;;;49.852622;23.992145;;;;;;;;;;;
2022-08-29;10:05:00;понеділок;місто;Львів;Шевченківський;вулиця;Промислова;11;;наїзд на пішохода - пішохід на зупинці громадського транспорту;порушення правил маневрування;2;без ушкоджень;легко травмований;;;;;;;;49.854472;24.040715;;;;;;;;;;;
2022-09-06;8:03:00;вівторок;місто;Львів;Франківський;вулиця;Пулюя І.;20;;наїзд на пішохода - пішохід переходив дорогу поза межами піш.переходу;неочікуваний вихід на проїзну частину;2;без ушкоджень;легко травмований;;;;;;;;49.802406;23.985466;;;;;;;;;;;
2022-09-09;16:30:00;п'ятниця;місто;Львів;Личаківський;вулиця;Богданівська;1;;наїзд на інші види перешкод;перевищення безпечної швидкості;3;легко травмований;легко травмований;легко травмований;;;;;;;49.845618;24.084789;;;;;;;;;;;
2022-08-18;16:57:00;четвер;місто;Дубляни;Шевченківський;вулиця;Володимира Великого;25;;зіткнення бокове;порушення правил маневрування;2;без ушкоджень;легко травмований;;;;;;;;49.891801;24.090464;;;;;;;;;;;
2022-09-01;16:01:00;четвер;місто;Львів;Личаківський;вулиця;Пасічна;5;;падіння пасажира;недодержання дистанції;3;без ушкоджень;без ушкоджень;легко травмований;;;;;;;49.835132;24.068223;;;;;;;;;;;
2022-08-27;19:40:00;субота;місто;Львів;Шевченківський;вулиця;Єрошенка В.;27;;зіткнення бокове;недодержання дистанції;2;без ушкоджень;тяжко травмований;;;;;;;;49.852762;24.003223;;;;;;;;;;;
2022-08-19;13:40:00;п'ятниця;місто;Львів;Сихівський;вулиця;Зелена;131;;падіння пасажира;порушення правил перевезення пасажирів;2;без ушкоджень;легко травмований;;;;;;;;49.817552;24.059832;;;;;;;;;;;
2022-08-06;19:34:00;субота;місто;Львів;Франківський;вулиця;Рубчака І.;8;;наїзд на пішохода - на нерегульованому пішохідному переході;перевищення безпечної швидкості;3;без ушкоджень;легко травмований;легко травмований;;;;;;;49.805768;24.014531;;;;;;;;;;;
2022-09-09;16:19:00;п'ятниця;місто;Львів;Залізничний;вулиця;Любінська;92;;наїзд на пішохода - на регульованому пішохідному переході;перевищення безпечної швидкості;2;без ушкоджень;помер у лікарні протягом 30 діб;;;;;;;;49.824966;23.978857;;;;;;;;;;;
2022-08-31;9:33:00;середа;місто;Львів;Галицький;вулиця;Городоцька;91;;наїзд на пішохода - пішохід переходив дорогу поза межами піш.переходу;неочікуваний вихід на проїзну частину;2;без ушкоджень;легко травмований;;;;;;;;49.839093;24.0093;;;;;;;;;;;
2022-07-18;0:43:00;понеділок;місто;Львів;Галицький;вулиця;Театральна;22;;наїзд на пішохода - стояв на проїздній частині;порушення правил маневрування;2;без ушкоджень;легко травмований;;;;;;;;49.843829;24.028403;;;;;;;;;;;
2022-08-24;21:06:00;середа;місто;Львів;Франківський;вулиця;Городоцька;166;;наїзд на інші види перешкод;порушення правил маневрування;1;легко травмований;;;;;;;;;49.831519;23.973284;;;;;;;;;;;
2022-09-05;12:15:00;понеділок;місто;Львів;Франківський;вулиця;Володимира Великого;61;;наїзд на пішохода - пішохід рухався у попутному напрямку;порушення правил маневрування;2;без ушкоджень;легко травмований;;;;;;;;49.810805;23.9959;;;;;;;;;;;
2022-08-27;22:25:00;субота;місто;Львів;Залізничний;вулиця;Ярослава Мудрого;1;;зіткнення бокове;порушення правил маневрування, порушення правил проїзду перехресть;2;без ушкоджень;легко травмований;;;;;;;;49.840141;24.011918;;;;;;;;;;;
2022-09-11;15:26:00;неділя;місто;Львів;Франківський;вулиця;Володимира Великого;59в;;наїзд на пішохода - пішохід рухався у попутному напрямку;порушення правил маневрування;2;без ушкоджень;легко травмований;;;;;;;;49.808011;24.000245;;;;;;;;;;;
2022-08-02;20:57:00;вівторок;місто;Львів;Франківський;вулиця;Героїв Майдану;;вул. Героїв Майдану - вул. Карпинця І.;наїзд на дорожний знак, бордюрний камінь;недодержання дистанції, перевищення безпечної швидкості, керування транспортним засобом у нетверезому стані;2;без ушкоджень;легко травмований;;;;;;;;49.828453;24.018747;;;;;;;;;;;
2022-08-08;20:04:00;понеділок;місто;Львів;Сихівський;вулиця;Чукаріна В.;22;;наїзд на пішохода - пішохід переходив дорогу поза межами піш.переходу;порушення правил маневрування;2;без ушкоджень;легко травмований;;;;;;;;49.799678;24.043928;;;;;;;;;;;
2022-08-09;8:40:00;вівторок;місто;Львів;Сихівський;вулиця;Стрийська;202б;;наїзд на пішохода - на регульованому пішохідному переході;невиконання вимог сигналів регулювання;2;без ушкоджень;легко травмований;;;;;;;;49.797881;24.01695;;;;;;;;;;;
2022-08-21;9:47:00;неділя;місто;Винники;Личаківський;вулиця;Галицька;60;;зіткнення бокове;порушення правил маневрування;2;без ушкоджень;помер у лікарні протягом 30 діб;;;;;;;;49.817693;24.149355;;;;;;;;;;;
2022-09-01;13:57:00;четвер;місто;Львів;Личаківський;вулиця;Шімзерів;10;;зіткнення бокове;порушення правил маневрування;2;без ушкоджень;легко травмований;;;;;;;;49.834747;24.052044;;;;;;;;;;;
2022-08-17;9:20:00;середа;місто;Львів;Сихівський;вулиця;Вернадського В.;;;наїзд на пішохода - на нерегульованому пішохідному переході;порушення правил маневрування, керування транспортним засобом у нетверезому стані;2;без ушкоджень;легко травмований;;;;;;;;49.787569;24.017579;;;;;;;;;;;
2022-08-31;11:23:00;середа;місто;Львів;Галицький;вулиця;Руставелі Ш.;44;;падіння пасажира;перевищення безпечної швидкості;2;без ушкоджень;тяжко травмований;;;;;;;;49.829692;24.032255;;;;;;;;;;;
2022-08-24;21:51:00;середа;місто;Львів;Шевченківський;вулиця;Шевченка Т.;111;;наїзд на інші види перешкод;перевищення безпечної швидкості;1;легко травмований;;;;;;;;;49.850813;23.992279;;;;;;;;;;;
2022-08-26;19:40:00;п'ятниця;місто;Львів;Шевченківський;проспект;Чорновола В., просп.;;просп. Чорновола В. - вул. Липинського В.;зіткнення бокове;недодержання дистанції;3;без ушкоджень;легко травмований;легко травмований;;;;;;;49.856634;24.021987;;;;;;;;;;;
2022-08-22;20:11:00;понеділок;місто;Винники;Личаківський;вулиця;Галицька;45;;наїзд на велосипедиста - велосипедист рухався у попутному напрямку;порушення правил маневрування, невиконання вимог сигналів регулювання, перевищення безпечної швидкості;2;без ушкоджень;легко травмований;;;;;;;;49.817347;24.1409;;;;;;;;;;;
2022-08-20;7:24:00;субота;місто;Львів;Шевченківський;вулиця;Брюховицька;184;;наїзд на пішохода - пішохід рухався у попутному напрямку;недодержання дистанції;2;без ушкоджень;тяжко травмований;;;;;;;;49.873765;23.951981;;;;;;;;;;;
2022-08-17;14:27:00;середа;місто;Львів;Личаківський;вулиця;"Бобанича Т. ""Хаммера""";1;;наїзд на пішохода - на нерегульованому пішохідному переході;порушення правил маневрування;2;без ушкоджень;легко травмований;;;;;;;;49.842439;24.040672;;;;;;;;;;;
2022-08-31;23:20:00;середа;місто;Львів;Сихівський;вулиця;Антоненка-Давидовича Б.;;вул. Антоненка-Давидовича Б. - вул. Кавалерідзе І.;зіткнення бокове;керування транспортним засобом у нетверезому стані, невиконання вимог сигналів регулювання, порушення правил проїзду перехресть;4;без ушкоджень;без ушкоджень;без ушкоджень;легко травмований;;;;;;49.79295;24.065128;;;;;;;;;;;
2022-07-31;17:26:00;неділя;місто;Львів;Залізничний;вулиця;Виговського І.;100;;зіткнення бокове;перевищення безпечної швидкості;3;легко травмований;легко травмований;тяжко травмований;;;;;;;49.813045;23.977983;;;;;;;;;;;
2022-08-04;7:55:00;четвер;місто;Львів;Галицький;вулиця;Кривоноса М.;27;;зіткнення бокове;порушення правил проїзду перехресть;2;без ушкоджень;легко травмований;;;;;;;;49.846534;24.041294;;;;;;;;;;;
2022-09-02;12:23:00;п'ятниця;місто;Львів;Залізничний;вулиця;Кульпарківська;115;;наїзд на пішохода - пішохід рухався у попутному напрямку;порушення правил маневрування;2;без ушкоджень;легко травмований;;;;;;;;49.812484;23.98353;;;;;;;;;;;
2022-08-05;15:48:00;п'ятниця;місто;Львів;Сихівський;проспект;Червоної Калини, просп.;8;;наїзд на дорожне огородження;порушення правил маневрування;1;тяжко травмований;;;;;;;;;49.811812;24.0458;;;;;;;;;;;
2022-08-02;17:01:00;вівторок;місто;Львів;Залізничний;вулиця;Щирецька;;Нова Лінія;наїзд на пішохода - пішохід на тротуарі чи велосипедній доріжці;порушення правил маневрування;2;без ушкоджень;тяжко травмований;;;;;;;;49.809555;23.97837;;;;;;;;;;;
2022-08-22;17:10:00;понеділок;місто;Львів;Сихівський;вулиця;Вернадського В.;12;;наїзд на пішохода - пішохід рухався у попутному напрямку;перехід у невстановленому місці;2;без ушкоджень;легко травмований;;;;;;;;49.784544;24.057355;;;;;;;;;;;
2022-08-28;20:25:00;неділя;місто;Львів;Галицький;вулиця;Городоцька;16;;наїзд на пішохода - пішохід рухався у попутному напрямку;порушення правил маневрування;2;без ушкоджень;легко травмований;;;;;;;;49.843338;24.023103;;;;;;;;;;;
2022-08-17;22:44:00;середа;місто;Львів;Шевченківський;вулиця;Хмельницького Б.;;вул. Хмельницького Б. - вул. Грінченка Б.;зіткнення бокове;порушення правил проїзду перехресть, керування транспортним засобом у нетверезому стані;2;легко травмований;легко травмований;;;;;;;;49.873235;24.052489;;;;;;;;;;;
2022-08-28;21:49:00;неділя;місто;Львів;Франківський;вулиця;Княгині Ольги;65;;зіткнення бокове;перевищення безпечної швидкості, виїзд на смугу зустрічного руху;3;без ушкоджень;легко травмований;тяжко травмований;;;;;;;49.809929;23.999822;;;;;;;;;;;
2022-08-04;22:15:00;четвер;місто;Львів;Сихівський;вулиця;Зелена;266;;наїзд на інші види перешкод;порушення правил маневрування;1;легко травмований;;;;;;;;;49.801246;24.06508;;;;;;;;;;;
2022-08-04;23:15:00;четвер;місто;Львів;Франківський;вулиця;Володимира Великого;24;;падіння пасажира;перевищення безпечної швидкості;2;без ушкоджень;легко травмований;;;;;;;;49.810677;23.999371;;;;;;;;;;;
2022-09-06;17:32:00;вівторок;місто;Львів;Залізничний;вулиця;Кульпарківська;226;;наїзд на пішохода - на нерегульованому пішохідному переході;порушення правил маневрування;2;без ушкоджень;легко травмований;;;;;;;;49.8062446;23.9815224;;;;;;;;;;;
2022-09-07;16:01:00;середа;місто;Львів;Галицький;проспект;Свободи, просп.;28;;падіння пасажира;порушення правил маневрування;2;без ушкоджень;легко травмований;;;;;;;;49.844068;24.02667;;;;;;;;;;;
2022-08-30;16:26:00;вівторок;місто;Львів;Сихівський;вулиця;Зелена;;вул. Зелена - вул. Пасічна;зіткнення бокове;перевищення безпечної швидкості;2;без ушкоджень;легко травмований;;;;;;;;49.806947;24.062246;;;;;;;;;;;
2022-09-02;22:01:00;п'ятниця;місто;Львів;Франківський;вулиця;Княгині Ольги;69;;зіткнення бокове;виїзд на смугу зустрічного руху;2;без ушкоджень;легко травмований;;;;;;;;49.806931;23.999065;;;;;;;;;;;
2022-08-03;17:55:00;середа;місто;Львів;Сихівський;вулиця;Зелена;214;;наїзд на пішохода - пішохід рухався у попутному напрямку;недодержання дистанції;2;без ушкоджень;легко травмований;;;;;;;;49.807468;24.061571;;;;;;;;;;;
2022-08-30;9:27:00;вівторок;місто;Львів;Галицький;площа;Данила Галицького, пл.;2;;наїзд на пішохода - пішохід рухався у попутному напрямку;неочікуваний вихід на проїзну частину, перехід у невстановленому місці;2;без ушкоджень;легко травмований;;;;;;;;49.844462;24.032255;;;;;;;;;;;
2022-07-30;13:03:00;субота;місто;Львів;Личаківський;вулиця;Хмельницького Б.;;міст;зіткнення бокове;порушення правил маневрування;3;легко травмований;легко травмований;легко травмований;;;;;;;49.87411;24.061003;;;;;;;;;;;
2022-11-16;10:44:00;середа;місто;Львів;Галицький;площа;Кропивницького М., пл.;2;;наїзд на пішохода - пішохід рухався у попутному напрямку;порушення правил маневрування;2;без ушкоджень;легко травмований;;;;;;;;49.83721;24.005423;;;;;;;;;;;
2022-11-17;17:11:00;четвер;місто;Львів;Залізничний;вулиця;Курмановича В., ген.;9;;наїзд на пішохода - на нерегульованому пішохідному переході;порушення правил проїзду пішохідних переходів;2;без ушкоджень;легко травмований;;;;;;;;49.830481;23.952159;;;;;;;;;;;
2022-10-25;12:20:00;вівторок;місто;Львів;Галицький;вулиця;Вітовського Д.;41;;наїзд на пішохода - на нерегульованому пішохідному переході;порушення правил проїзду перехресть;2;без ушкоджень;легко травмований;;;;;;;;49.830173;24.023886;;;;;;;;;;;
2022-10-26;19:01:00;середа;місто;Львів;Залізничний;вулиця;Любінська;102;;наїзд на пішохода - пішохід рухався у попутному напрямку;порушення правил маневрування;2;без ушкоджень;тяжко травмований;;;;;;;;49.82177;23.972095;;;;;;;;;;;
2022-11-11;17:08:00;п'ятниця;місто;Львів;Залізничний;вулиця;Сяйво;18;;наїзд на пішохода - пішохід рухався у попутному напрямку;порушення правил проїзду пішохідних переходів;2;без ушкоджень;легко травмований;;;;;;;;49.844874;23.980408;;;;;;;;;;;
2022-11-16;23:45:00;середа;місто;Львів;Сихівський;вулиця;Зелена;149;;наїзд на пішохода - на нерегульованому пішохідному переході;порушення правил проїзду пішохідних переходів;2;без ушкоджень;тяжко травмований;;;;;;;;49.81175;24.060965;;;;;;;;;;;
2022-11-04;12:55:00;п'ятниця;місто;Львів;Шевченківський;вулиця;Замарстинівська;174;;зіткнення;порушення правил маневрування;2;без ушкоджень;легко травмований;;;;;;;;49.870941;24.019046;;;;;;;;;;;
2022-11-29;13:01:00;вівторок;місто;Львів;Сихівський;проспект;Святого Івана Павла ІІ, просп.;4б;;наїзд на пішохода - пішохід рухався у попутному напрямку;недодержання дистанції;2;без ушкоджень;легко травмований;;;;;;;;49.799148;24.034503;;;;;;;;;;;
2022-11-07;11:28:00;понеділок;місто;Львів;Галицький;площа;Міцкевича А., пл.;8;;наїзд на пішохода - пішохід рухався у попутному напрямку;перевищення безпечної швидкості, недодержання дистанції;2;без ушкоджень;легко травмований;;;;;;;;49.839423;24.030402;;;;;;;;;;;
2022-11-28;19:35:00;понеділок;місто;Львів;Личаківський;вулиця;Глинянський Тракт;11;;наїзд на пішохода - пішохід рухався у попутному напрямку;перехід у невстановленому місці;2;без ушкоджень;помер у лікарні протягом 30 діб;;;;;;;;49.836643;24.072011;;;;;;;;;;;
2022-10-24;15:30:00;понеділок;місто;Львів;Галицький;вулиця;Гавришкевича С.;8;;наїзд на пішохода - пішохід рухався у попутному напрямку;порушення правил маневрування;2;без ушкоджень;легко травмований;;;;;;;;49.844268;24.030456;;;;;;;;;;;
2022-11-16;19:39:00;середа;місто;Львів;Шевченківський;вулиця;Варшавська;2;;наїзд на пішохода - на нерегульованому пішохідному переході;невиконання вимог сигналів регулювання, порушення правил проїзду пішохідних переходів;2;без ушкоджень;тяжко травмований;;;;;;;;49.855112;24.014397;;;;;;;;;;;
2022-11-11;6:55:00;п'ятниця;місто;Львів;Личаківський;вулиця;Пластова;7;;зіткнення бокове;порушення правил маневрування;2;без ушкоджень;легко травмований;;;;;;;;49.862862;24.067896;;;;;;;;;;;
2022-11-09;15:29:00;середа;місто;Львів;Галицький;вулиця;Гуцульська;21;;наїзд на пішохода - на нерегульованому пішохідному переході;порушення правил проїзду пішохідних переходів;2;без ушкоджень;тяжко травмований;;;;;;;;49.844667;24.038697;;;;;;;;;;;
2022-10-22;22:16:00;субота;місто;Львів;Сихівський;вулиця;Сихівська;;вул. Сихівська - вул. Кавалерідзе І.;зіткнення бокове;порушення правил маневрування;5;без ушкоджень;без ушкоджень;без ушкоджень;легко травмований;легко травмований;;;;;49.794532;24.064125;;;;;;;;;;;
2022-11-11;12:39:00;п'ятниця;місто;Львів;Сихівський;вулиця;Сихівська;16а;;наїзд на пішохода - пішохід рухався у попутному напрямку;порушення правил маневрування;2;без ушкоджень;легко травмований;;;;;;;;49.795187;24.064264;;;;;;;;;;;
2022-11-11;23:49:00;п'ятниця;місто;Львів;Сихівський;вулиця;Стрийська;47;;наїзд на пішохода - на нерегульованому пішохідному переході;порушення правил проїзду пішохідних переходів;2;без ушкоджень;тяжко травмований;;;;;;;;49.801277;24.017991;;;;;;;;;;;
2022-11-18;8:30:00;п'ятниця;місто;Львів;Личаківський;вулиця;Тершаковців;6а;;наїзд на пішохода - на регульованому пішохідному переході;порушення правил проїзду пішохідних переходів;2;без ушкоджень;легко травмований;;;;;;;;49.835256;24.04065;;;;;;;;;;;
2022-11-09;19:30:00;середа;місто;Львів;Личаківський;вулиця;Личаківська;17;;наїзд на пішохода - на нерегульованому пішохідному переході;порушення правил проїзду пішохідних переходів;2;без ушкоджень;помер на місці дтп;;;;;;;;49.839861;24.040001;;;;;;;;;;;
2022-10-22;21:48:00;субота;місто;Львів;Шевченківський;вулиця;Мазепи І., гетьм.;22;;наїзд на пішохода - на нерегульованому пішохідному переході;порушення правил проїзду перехресть;2;без ушкоджень;легко травмований;;;;;;;;49.871717;24.039148;;;;;;;;;;;
2022-11-12;23:15:00;субота;місто;Львів;Галицький;вулиця;Вітовського Д.;43а;;наїзд на дерево;недодержання дистанції;1;легко травмований;;;;;;;;;49.831256;24.019611;;;;;;;;;;;
2022-11-22;6:30:00;вівторок;місто;Львів;Франківський;вулиця;Княгині Ольги;116;;наїзд на пішохода - пішохід рухався у попутному напрямку;порушення правил маневрування;2;без ушкоджень;легко травмований;;;;;;;;49.805128;23.998057;;;;;;;;;;;
2022-11-24;18:03:00;четвер;місто;Львів;Галицький;вулиця;Руставелі Ш.;40;;наїзд на пішохода - на нерегульованому пішохідному переході;порушення правил проїзду пішохідних переходів;2;без ушкоджень;легко травмований;;;;;;;;49.829931;24.032711;;;;;;;;;;;
2022-11-02;19:29:00;середа;місто;Львів;Залізничний;вулиця;Городоцька;284;;наїзд на пішохода - на нерегульованому пішохідному переході;порушення правил проїзду пішохідних переходів;3;без ушкоджень;без ушкоджень;тяжко травмований;;;;;;;49.822591;23.924274;;;;;;;;;;;
2022-11-26;17:29:00;субота;місто;Львів;Сихівський;вулиця;Угорська;1;;зіткнення бокове;порушення правил маневрування;1;легко травмований;;;;;;;;;49.813194;24.037555;;;;;;;;;;;
2022-11-17;7:57:00;четвер;місто;Львів;Франківський;вулиця;Героїв Майдану;;вул. Героїв Майдану - вул. Вітовського Д.;наїзд на пішохода - на регульованому пішохідному переході;порушення правил маневрування;2;без ушкоджень;легко травмований;;;;;;;;49.832204;24.018431;;;;;;;;;;;
2022-11-11;13:10:00;п'ятниця;місто;Львів;Галицький;вулиця;Бандери С.;1;;наїзд на інші види перешкод;керування транспортним засобом у нетверезому стані, перевищення безпечної швидкості;1;легко травмований;;;;;;;;;49.834682;24.019053;;;;;;;;;;;
2022-10-31;17:58:00;понеділок;місто;Львів;Шевченківський;вулиця;Долинського Л.;4;;наїзд на транспортний засіб, що стоїть - по ходу руху;порушення правил маневрування, невиконання вимог сигналів регулювання, недодержання дистанції;2;без ушкоджень;легко травмований;;;;;;;;49.85083;24.027894;;;;;;;;;;;
2022-10-28;14:11:00;п'ятниця;місто;Львів;Сихівський;вулиця;Стрийська;;вул. Стрийська - вул. Чмоли І.;зіткнення бокове;недодержання дистанції;3;без ушкоджень;без ушкоджень;легко травмований;;;;;;;49.814682;24.019847;;;;;;;;;;;
2022-11-09;6:59:00;середа;місто;Львів;Галицький;вулиця;Городоцька;113;;наїзд на пішохода - на нерегульованому пішохідному переході;перевищення безпечної швидкості;2;без ушкоджень;тяжко травмований;;;;;;;;49.838259;24.007182;;;;;;;;;;;
2022-11-07;20:51:00;понеділок;місто;Винники;Личаківський;вулиця;Галицька;8;;падіння пасажира;порушення правил маневрування;1;тяжко травмований;;;;;;;;;49.816233;24.129919;;;;;;;;;;;
2022-11-10;10:08:00;четвер;місто;Львів;Залізничний;вулиця;Виговського І.;55;;наїзд на пішохода - пішохід рухався у попутному напрямку;порушення правил маневрування;1;легко травмований;;;;;;;;;49.815149;23.974201;;;;;;;;;;;
2022-10-23;22:01:00;неділя;місто;Львів;Залізничний;вулиця;Широка;27;;наїзд на пішохода - пішохід рухався у попутному напрямку;порушення правил маневрування;2;без ушкоджень;легко травмований;;;;;;;;49.8424;23.976578;;;;;;;;;;;
2022-10-31;19:55:00;понеділок;місто;Львів;Франківський;вулиця;Грабянки Г.;;вул. Грабянки Г. - вул. Кобилиці Л.;зіткнення бокове;порушення правил маневрування;2;без ушкоджень;легко травмований;;;;;;;;49.817136;23.995986;;;;;;;;;;;
2022-11-18;12:29:00;п'ятниця;місто;Львів;Галицький;вулиця;Зелена;115;;наїзд на пішохода - пішохід переходив дорогу поза межами піш.переходу;неочікуваний вихід на проїзну частину;2;без ушкоджень;легко травмований;;;;;;;;49.821556;24.055129;;;;;;;;;;;
2022-11-11;11:39:00;п'ятниця;місто;Львів;Сихівський;вулиця;Сихівська;13;;наїзд на пішохода - пішохід рухався у попутному напрямку;перевищення безпечної швидкості, порушення правил проїзду пішохідних переходів;2;без ушкоджень;легко травмований;;;;;;;;49.796118;24.062687;;;;;;;;;;;
2022-10-24;15:28:00;понеділок;місто;Львів;Франківський;вулиця;Наукова;35;;зіткнення бокове;порушення правил маневрування;3;без ушкоджень;без ушкоджень;легко травмований;;;;;;;49.804038;23.996209;;;;;;;;;;;
2022-10-26;12:55:00;середа;місто;Львів;Галицький;вулиця;Кримська;107;;наїзд на пішохода - пішохід переходив дорогу поза межами піш.переходу;порушення правил проїзду пішохідних переходів;2;без ушкоджень;легко травмований;;;;;;;;49.824565;24.04978;;;;;;;;;;;
2022-11-12;14:10:00;субота;місто;Львів;Шевченківський;вулиця;Щурата В.;;вул. Щурата В. - вул. Миколайчука І.;перекидання тз;перевищення безпечної швидкості;1;легко травмований;;;;;;;;;49.8808257;24.0330358;;;;;;;;;;;
2022-11-11;13:10:00;п'ятниця;місто;Львів;Личаківський;вулиця;Хмельницького Б.;188а;;наїзд на пішохода - пішохід рухався у попутному напрямку;порушення правил проїзду пішохідних переходів;2;без ушкоджень;легко травмований;;;;;;;;49.863371;24.053761;;;;;;;;;;;
2022-10-24;7:33:00;понеділок;місто;Львів;Шевченківський;вулиця;Варшавська;1;;наїзд на пішохода - на нерегульованому пішохідному переході;порушення правил проїзду пішохідних переходів;3;без ушкоджень;легко травмований;тяжко травмований;;;;;;;49.855094;24.014444;;;;;;;;;;;
2022-10-21;16:59:00;п'ятниця;місто;Львів;Сихівський;вулиця;Дністерcька;15;;наїзд на пішохода - на регульованому пішохідному переході;порушення правил маневрування, порушення правил проїзду пішохідних переходів, керування транспортним засобом у нетверезому стані;2;без ушкоджень;помер у лікарні протягом 30 діб;;;;;;;;49.817131;24.053237;;;;;;;;;;;
2022-11-15;7:30:00;вівторок;місто;Львів;Шевченківський;вулиця;Мазепи І., гетьм.;11;;наїзд на пішохода - пішохід переходив дорогу поза межами піш.переходу;порушення правил маневрування;2;без ушкоджень;помер на місці дтп;;;;;;;;49.87058;24.032067;;;;;;;;;;;
2022-11-24;19:37:00;четвер;місто;Львів;Франківський;вулиця;Наукова;51;;наїзд на пішохода - на нерегульованому пішохідному переході;порушення правил проїзду пішохідних переходів;2;без ушкоджень;тяжко травмований;;;;;;;;49.804833;23.987317;;;;;;;;;;;
2022-11-22;9:59:00;вівторок;місто;Львів;Шевченківський;проспект;Чорновола В., просп.;69;;зіткнення бокове;порушення правил маневрування;2;без ушкоджень;тяжко травмований;;;;;;;;49.860155;24.019584;;;;;;;;;;;
2022-11-22;7:10:00;вівторок;місто;Львів;Шевченківський;вулиця;Грінченка Б.;5;;наїзд на пішохода - пішохід рухався у попутному напрямку;порушення правил маневрування;2;без ушкоджень;тяжко травмований;;;;;;;;49.87143;24.053455;;;;;;;;;;;