accidentDate;accidentTime;accidentDay;settlementType;settlement;district;streetType;streetName;houseNumber;locationComments;accidentType;mainAccidentCause;totalParticipantsAmount;injuryStatusParticipant1;injuryStatusParticipant2;injuryStatusParticipant3;injuryStatusParticipant4;injuryStatusParticipant5;injuryStatusParticipant6;injuryStatusParticipant7;injuryStatusParticipant8;injuryStatusParticipant9;latitude;longitude;injuryStatusParticipant10;injuryStatusParticipant11;injuryStatusParticipant12;injuryStatusParticipant13;injuryStatusParticipant14;injuryStatusParticipant15;injuryStatusParticipant16;injuryStatusParticipant17;injuryStatusParticipant18;injuryStatusParticipant19;injuryStatusParticipant20
2022-09-28;21:04:00;середа;місто;Львів;Личаківський;вулиця;Хмельницького Б.;292;;наїзд на пішохода - на регульованому пішохідному переході;порушення правил маневрування;2;без ушкоджень;легко травмований;;;;;;;;49.873412;24.060327;;;;;;;;;;;
2022-10-08;17:50:00;субота;місто;Львів;Шевченківський;вулиця;Промислова;60;;зіткнення бокове;порушення правил маневрування;3;без ушкоджень;без ушкоджень;легко травмований;;;;;;;49.864882;24.045902;;;;;;;;;;;
2022-10-06;8:20:00;четвер;місто;Львів;Сихівський;вулиця;Коломийська;16;;наїзд на пішохода - пішохід рухався у попутному напрямку;порушення правил проїзду пішохідних переходів;2;без ушкоджень;легко травмований;;;;;;;;49.787332;24.064275;;;;;;;;;;;
2022-10-12;14:15:00;середа;місто;Львів;Сихівський;вулиця;Угорська;19;;наїзд на пішохода - пішохід рухався у попутному напрямку;порушення правил маневрування;2;без ушкоджень;легко травмований;;;;;;;;49.811068;24.043665;;;;;;;;;;;
2022-10-03;23:49:00;понеділок;місто;Львів;Личаківський;вулиця;Руставелі Ш.;;вул. Руставелі Ш. - вул. Костомарова М.;наїзд на велосипедиста - велосипедист рухався у зустрічному напрямку;порушення правил проїзду перехресть;2;без ушкоджень;тяжко травмований;;;;;;;;49.832045;24.034857;;;;;;;;;;;
2022-10-06;17:46:00;четвер;місто;Львів;Шевченківський;вулиця;Хмельницького Б.;105;;наїзд на пішохода - пішохід рухався у попутному напрямку;порушення правил маневрування;2;без ушкоджень;легко травмований;;;;;;;;49.853238;24.035822;;;;;;;;;;;
2022-10-05;17:27:00;середа;місто;Львів;Залізничний;вулиця;Кульпарківська;144;;падіння пасажира;порушення правил маневрування;2;без ушкоджень;тяжко травмований;;;;;;;;49.81679;23.986233;;;;;;;;;;;
2022-10-16;14:05:00;неділя;місто;Львів;Галицький;вулиця;Гуцульська;21;;зіткнення бокове;недодержання дистанції;3;без ушкоджень;без ушкоджень;легко травмований;;;;;;;49.844483;24.038671;;;;;;;;;;;
2022-10-06;14:10:00;четвер;місто;Львів;Личаківський;вулиця;Богданівська;100;;зіткнення бокове;перевищення безпечної швидкості;2;легко травмований;легко травмований;;;;;;;;49.853369;24.077836;;;;;;;;;;;
2022-10-19;13:30:00;середа;місто;Львів;Франківський;вулиця;Городоцька;211;;наїзд на велосипедиста - велосипедист рухався у попутному напрямку;порушення правил проїзду перехресть;2;без ушкоджень;легко травмований;;;;;;;;49.833177;23.982661;;;;;;;;;;;
2022-09-25;17:13:00;неділя;місто;Львів;Шевченківський;вулиця;Панча П.;7б;;наїзд на пішохода - на нерегульованому пішохідному переході;порушення правил проїзду пішохідних переходів;2;без ушкоджень;легко травмований;;;;;;;;49.861358;24.012396;;;;;;;;;;;
2022-10-08;18:06:00;субота;місто;Львів;Франківський;вулиця;Княгині Ольги;2;;наїзд на пішохода - на нерегульованому пішохідному переході;порушення правил маневрування;2;без ушкоджень;легко травмований;;;;;;;;49.826796;24.010422;;;;;;;;;;;
2022-09-25;20:04:00;неділя;місто;Львів;Шевченківський;проспект;Чорновола В., просп.;57;;наїзд на пішохода - на нерегульованому пішохідному переході;порушення правил проїзду перехресть, порушення правил проїзду пішохідних переходів;2;без ушкоджень;тяжко травмований;;;;;;;;49.856171;24.021805;;;;;;;;;;;
2022-09-26;10:43:00;понеділок;місто;Львів;Галицький;проспект;Чорновола В., просп.;1;;падіння пасажира;порушення правил маневрування;2;без ушкоджень;легко травмований;;;;;;;;49.845393;24.025286;;;;;;;;;;;
2022-10-08;18:05:00;субота;місто;Львів;Шевченківський;вулиця;Тунельна;15;;наїзд на пішохода - пішохід рухався у попутному напрямку;порушення правил проїзду пішохідних переходів;2;без ушкоджень;легко травмований;;;;;;;;49.86326;24.005191;;;;;;;;;;;
2022-10-07;16:01:00;п'ятниця;місто;Львів;Франківський;вулиця;Рубчака І.;4;;наїзд на велосипедиста - поза межами велосипедної доріжки;порушення правил маневрування;2;без ушкоджень;легко травмований;;;;;;;;49.805616;24.016714;;;;;;;;;;;
2022-10-10;9:20:00;понеділок;місто;Львів;Франківський;вулиця;Кульпарківська;78;;зіткнення бокове;порушення правил проїзду перехресть;2;без ушкоджень;легко травмований;;;;;;;;49.82547;23.989597;;;;;;;;;;;
2022-09-26;16:31:00;понеділок;селище;Рудне;Залізничний;вулиця;Шептицького А.;20;;зіткнення бокове;порушення правил проїзду перехресть;9;без ушкоджень;легко травмований;легко травмований;легко травмований;легко травмований;легко травмований;тяжко травмований;тяжко травмований;тяжко травмований;49.833035;23.886616;;;;;;;;;;;
2022-10-09;18:01:00;неділя;місто;Львів;Залізничний;вулиця;Городоцька;359;;зіткнення бокове;порушення правил маневрування;2;без ушкоджень;легко травмований;;;;;;;;49.821338;23.921995;;;;;;;;;;;
2022-10-20;12:18:00;четвер;місто;Львів;Залізничний;вулиця;Любінська;;вул. Любінська - вул. Петлюри С.;зіткнення бокове;порушення правил проїзду перехресть;3;без ушкоджень;легко травмований;легко травмований;;;;;;;49.824107;23.977312;;;;;;;;;;;
2022-10-03;10:01:00;понеділок;місто;Львів;Личаківський;вулиця;Медової Печери;71;;наїзд на пішохода - пішохід рухався у попутному напрямку;порушення правил маневрування;2;без ушкоджень;тяжко травмований;;;;;;;;49.822619;24.089193;;;;;;;;;;;
2022-10-04;7:18:00;вівторок;місто;Львів;Залізничний;вулиця;Левандівська;18;;наїзд на пішохода - на нерегульованому пішохідному переході;перевищення безпечної швидкості, порушення правил проїзду пішохідних переходів;2;без ушкоджень;тяжко травмований;;;;;;;;49.844621;23.984195;;;;;;;;;;;
2022-10-12;15:53:00;середа;місто;Львів;Сихівський;вулиця;Литвиненка С.;19;;падіння пасажира;перевищення безпечної швидкості;2;без ушкоджень;легко травмований;;;;;;;;49.813664;24.041943;;;;;;;;;;;
2022-10-04;17:03:00;вівторок;місто;Львів;Франківський;вулиця;Наукова;12а;;зіткнення бокове;порушення правил маневрування;3;без ушкоджень;без ушкоджень;легко травмований;;;;;;;49.803529;24.002441;;;;;;;;;;;
2022-10-01;14:44:00;субота;місто;Львів;Франківський;вулиця;Кульпарківська;200а;;наїзд на пішохода - пішохід рухався у попутному напрямку;перевищення безпечної швидкості, недодержання дистанції;2;без ушкоджень;легко травмований;;;;;;;;49.811086;23.983444;;;;;;;;;;;
2022-10-21;9:38:00;п'ятниця;місто;Львів;Залізничний;вулиця;Ясна;31;;наїзд на пішохода - на регульованому пішохідному переході;порушення правил маневрування, порушення правил проїзду пішохідних переходів;2;без ушкоджень;легко травмований;;;;;;;;49.844002;23.998234;;;;;;;;;;;
2022-10-18;14:26:00;вівторок;місто;Львів;Франківський;вулиця;Володимира Великого;51;;зіткнення бокове;порушення правил маневрування, порушення правил проїзду пішохідних переходів;2;без ушкоджень;легко травмований;;;;;;;;49.810199;24.002075;;;;;;;;;;;
2022-09-16;11:10:00;п'ятниця;місто;Львів;Сихівський;вулиця;Хоткевича Г.;1;;наїзд на пішохода - пішохід рухався у попутному напрямку;порушення правил маневрування;2;без ушкоджень;легко травмований;;;;;;;;49.79626;24.053053;;;;;;;;;;;
2022-10-16;16:32:00;неділя;місто;Львів;Шевченківський;вулиця;Батуринська;2;;наїзд на пішохода - пішохід рухався у попутному напрямку;порушення правил обгону;2;без ушкоджень;легко травмований;;;;;;;;49.851373;24.01651;;;;;;;;;;;
2022-10-12;7:35:00;середа;місто;Винники;Личаківський;вулиця;Галицька;18;;наїзд на пішохода - на нерегульованому пішохідному переході;порушення правил проїзду пішохідних переходів;2;без ушкоджень;тяжко травмований;;;;;;;;49.816845;24.137317;;;;;;;;;;;
2022-10-03;16:36:00;понеділок;місто;Львів;Сихівський;вулиця;Коломийська;16а;;наїзд на пішохода - пішохід переходив дорогу поза межами піш.переходу;перехід у невстановленому місці;2;без ушкоджень;легко травмований;;;;;;;;49.787499;24.065133;;;;;;;;;;;
2022-09-28;12:25:00;середа;місто;Львів;Сихівський;вулиця;Хортицька;4б;;наїзд на пішохода;порушення правил маневрування;2;без ушкоджень;легко травмований;;;;;;;;49.798433;24.036729;;;;;;;;;;;
2022-10-15;13:12:00;субота;місто;Львів;Шевченківський;вулиця;Мурована;1;;наїзд на пішохода - на нерегульованому пішохідному переході;порушення правил проїзду пішохідних переходів;2;без ушкоджень;тяжко травмований;;;;;;;;49.876658;24.06229;;;;;;;;;;;
2022-10-05;10:16:00;середа;місто;Львів;Сихівський;вулиця;Луганська;;WOG;зіткнення бокове;недодержання дистанції, керування транспортним засобом у нетверезому стані;3;без ушкоджень;легко травмований;легко травмований;;;;;;;49.811563;24.022207;;;;;;;;;;;
2022-09-02;11:40:00;п'ятниця;місто;Львів;Личаківський;вулиця;Вашингтона Дж.;3;;наїзд на пішохода - пішохід рухався у попутному напрямку;порушення правил маневрування;2;без ушкоджень;легко травмований;;;;;;;;49.815918;24.062414;;;;;;;;;;;
2022-10-10;16:15:00;понеділок;місто;Львів;Сихівський;вулиця;Стрийська;;вул. Стрийська - просп. Святого Івана Павла ІІ;зіткнення бокове;порушення правил проїзду перехресть;4;без ушкоджень;без ушкоджень;легко травмований;легко травмований;;;;;;49.801921;24.018023;;;;;;;;;;;
2022-09-22;7:12:00;четвер;місто;Львів;Сихівський;проспект;Червоної Калини, просп.;36;;зіткнення бокове;невиконання вимог сигналів регулювання;2;без ушкоджень;легко травмований;;;;;;;;49.798916;24.048252;;;;;;;;;;;
2022-09-28;8:53:00;середа;місто;Львів;Шевченківський;вулиця;Хмельницького Б.;77;;наїзд на пішохода - стояв на проїздній частині;порушення правил маневрування;2;без ушкоджень;легко травмований;;;;;;;;49.851636;24.030806;;;;;;;;;;;
2022-09-16;8:01:00;п'ятниця;місто;Львів;Сихівський;проспект;Червоної Калини, просп.;61;;падіння пасажира;порушення правил перевезення пасажирів;2;без ушкоджень;легко травмований;;;;;;;;49.796084;24.054799;;;;;;;;;;;
2022-09-16;10:46:00;п'ятниця;місто;Львів;Шевченківський;вулиця;Гайдамацька;6;;наїзд на велосипедиста - поза межами велосипедної доріжки;порушення правил проїзду перехресть;2;без ушкоджень;легко травмований;;;;;;;;49.852639;24.028822;;;;;;;;;;;
2022-09-12;9:17:00;понеділок;місто;Львів;Личаківський;вулиця;Хмельницького Б.;;Галицьке перехрестя;зіткнення бокове;порушення правил маневрування;2;без ушкоджень;легко травмований;;;;;;;;49.87401315;24.06087822;;;;;;;;;;;
2022-09-14;18:30:00;середа;місто;Львів;Шевченківський;вулиця;Хмельницького Б.;245;;наїзд на пішохода - пішохід рухався у попутному напрямку;порушення правил маневрування;2;без ушкоджень;тяжко травмований;;;;;;;;49.868077;24.055617;;;;;;;;;;;
2022-09-15;12:13:00;четвер;місто;Львів;Шевченківський;вулиця;Замарстинівська;;вул. Замарстинівська - вул. Липинського В.;наїзд на пішохода - на нерегульованому пішохідному переході;неочікуваний вихід на проїзну частину;3;без ушкоджень;легко травмований;легко травмований;;;;;;;49.860092;24.026864;;;;;;;;;;;
2022-09-14;10:43:00;середа;місто;Львів;Сихівський;вулиця;Угорська;23;;наїзд на пішохода - на нерегульованому пішохідному переході;порушення правил проїзду пішохідних переходів;2;без ушкоджень;тяжко травмований;;;;;;;;49.810784;24.044491;;;;;;;;;;;
2022-09-29;16:10:00;четвер;місто;Львів;Галицький;вулиця;Стефаника В.;13;;наїзд на пішохода;порушення правил маневрування;2;без ушкоджень;легко травмований;;;;;;;;49.836346;24.026654;;;;;;;;;;;
2022-09-27;8:28:00;вівторок;місто;Львів;Франківський;вулиця;Кульпарківська;;вул. Кульпарківська - вул. Антоновича В.;зіткнення лобове;невиконання вимог сигналів регулювання;3;без ушкоджень;без ушкоджень;легко травмований;;;;;;;49.825408;23.989779;;;;;;;;;;;
2022-10-04;19:19:00;вівторок;місто;Львів;Галицький;проспект;Свободи, просп.;;просп. Свободи - вул. Торгова;зіткнення бокове;порушення правил маневрування;3;без ушкоджень;без ушкоджень;легко травмований;;;;;;;49.84439;24.025624;;;;;;;;;;;
2022-12-01;20:26:00;четвер;місто;Львів;Личаківський;вулиця;Хмельницького Б.;212;;зіткнення бокове;невиконання вимог сигналів регулювання;2;без ушкоджень;легко травмований;;;;;;;;49.869045;24.056566;;;;;;;;;;;
2022-12-15;14:26:00;четвер;місто;Львів;Сихівський;вулиця;Мирного Панаса;;;зіткнення лобове;перевищення безпечної швидкості;2;без ушкоджень;легко травмований;;;;;;;;49.814443;24.034;;;;;;;;;;;
2022-12-09;13:55:00;п'ятниця;місто;Львів;Залізничний;вулиця;Виговського І.;100;;падіння пасажира;порушення правил маневрування;2;без ушкоджень;легко травмований;;;;;;;;49.813511;23.977149;;;;;;;;;;;
2022-11-23;17:38:00;середа;місто;Львів;Личаківський;вулиця;Хмельницького Б.;196;;наїзд на пішохода - пішохід рухався у попутному напрямку;порушення правил маневрування;2;без ушкоджень;легко травмований;;;;;;;;49.866161;24.05573;;;;;;;;;;;
2022-12-22;17:01:00;четвер;місто;Львів;Шевченківський;вулиця;Миколайчука І.;9б;;наїзд на пішохода - на нерегульованому пішохідному переході;порушення правил проїзду пішохідних переходів;2;без ушкоджень;легко травмований;;;;;;;;49.875883;24.041004;;;;;;;;;;;
2022-12-23;23:18:00;п'ятниця;місто;Львів;Шевченківський;вулиця;Липинського В.;60;;зіткнення бокове;керування транспортним засобом у нетверезому стані, перевищення безпечної швидкості;3;легко травмований;легко травмований;легко травмований;;;;;;;49.865062;24.050531;;;;;;;;;;;
2022-12-06;18:46:00;вівторок;місто;Львів;Личаківський;вулиця;Хмельницького Б.;192а;;наїзд на пішохода - на нерегульованому пішохідному переході;порушення правил маневрування;2;без ушкоджень;легко травмований;;;;;;;;49.865746;24.054453;;;;;;;;;;;
2022-12-09;11:58:00;п'ятниця;місто;Львів;Шевченківський;вулиця;Липинського В.;;вул. Липинського В. - вул. Замарстинівська;зіткнення з задньою частиною тз;недодержання дистанції;6;без ушкоджень;без ушкоджень;легко травмований;легко травмований;легко травмований;легко травмований;;;;49.860148;24.026864;;;;;;;;;;;
2022-12-06;17:52:00;вівторок;місто;Львів;Шевченківський;вулиця;Мазепи І., гетьм.;19;;наїзд на пішохода - на нерегульованому пішохідному переході;перевищення безпечної швидкості, порушення правил проїзду пішохідних переходів;2;без ушкоджень;тяжко травмований;;;;;;;;49.872488;24.035897;;;;;;;;;;;
2022-12-29;22:11:00;четвер;місто;Львів;Личаківський;вулиця;Личаківська;232;;наїзд на пішохода - пішохід рухався у попутному напрямку;порушення правил маневрування, керування транспортним засобом у нетверезому стані;2;без ушкоджень;легко травмований;;;;;;;;49.832803;24.090641;;;;;;;;;;;
2022-12-09;12:57:00;п'ятниця;місто;Львів;Галицький;вулиця;Галицька;8;;падіння пасажира;порушення правил перевезення пасажирів;2;без ушкоджень;легко травмований;;;;;;;;49.840345;24.031445;;;;;;;;;;;
2022-12-07;20:01:00;середа;місто;Львів;Личаківський;площа;Петрушевича Є., пл.;1;;наїзд на пішохода - пішохід рухався у попутному напрямку;порушення правил маневрування;2;без ушкоджень;легко травмований;;;;;;;;49.832758;24.036691;;;;;;;;;;;
2022-12-07;13:30:00;середа;місто;Львів;Залізничний;вулиця;Городоцька;116а;;наїзд на пішохода - на нерегульованому пішохідному переході;недодержання дистанції;2;без ушкоджень;тяжко травмований;;;;;;;;49.835367;23.994795;;;;;;;;;;;
2022-12-11;18:56:00;неділя;місто;Львів;Личаківський;вулиця;Глинянський Тракт;163;;наїзд на пішохода - на нерегульованому пішохідному переході;порушення правил проїзду пішохідних переходів;2;без ушкоджень;легко травмований;;;;;;;;49.842296;24.103174;;;;;;;;;;;
2022-12-08;20:19:00;четвер;місто;Львів;Залізничний;вулиця;Любінська;;вул. Любінська - вул. Петлюри С.;зіткнення бокове;порушення правил маневрування;2;без ушкоджень;тяжко травмований;;;;;;;;49.8241;23.977286;;;;;;;;;;;
2022-11-30;18:07:00;середа;місто;Львів;Залізничний;вулиця;Любінська;91;;наїзд на пішохода - пішохід рухався у попутному напрямку;перехід у невстановленому місці;2;без ушкоджень;помер у лікарні протягом 30 діб;;;;;;;;49.822913;23.974764;;;;;;;;;;;
2022-12-15;8:48:00;четвер;місто;Львів;Залізничний;вулиця;Любінська;96;;наїзд на пішохода - пішохід рухався у попутному напрямку;невиконання вимог сигналів регулювання;3;без ушкоджень;легко травмований;легко травмований;;;;;;;49.823709;23.97588;;;;;;;;;;;
2022-12-15;17:38:00;четвер;місто;Львів;Галицький;вулиця;Франка І.;108;;наїзд на пішохода - пішохід рухався у попутному напрямку;порушення правил проїзду пішохідних переходів;2;без ушкоджень;легко травмований;;;;;;;;49.827024;24.033322;;;;;;;;;;;
2022-11-30;18:08:00;середа;місто;Львів;Шевченківський;проспект;Чорновола В., просп.;14;;наїзд на пішохода - на нерегульованому пішохідному переході;неочікуваний вихід на проїзну частину;2;без ушкоджень;тяжко травмований;;;;;;;;49.858024;24.021006;;;;;;;;;;;
2022-12-29;18:46:00;четвер;місто;Львів;Личаківський;вулиця;Польова;19;;наїзд на пішохода - пішохід рухався у попутному напрямку;неочікуваний вихід на проїзну частину;2;без ушкоджень;легко травмований;;;;;;;;49.8557;24.063642;;;;;;;;;;;
2022-12-15;9:20:00;четвер;місто;Львів;Шевченківський;проспект;Чорновола В., просп.;92;;наїзд на пішохода - пішохід рухався у попутному напрямку;порушення правил маневрування;2;без ушкоджень;помер у лікарні протягом 30 діб;;;;;;;;49.863865;24.017653;;;;;;;;;;;
2022-12-01;16:24:00;четвер;селище;Брюховичі;Шевченківський;вулиця;Незалежності України;;вул. Незалежності України - вул. Сухомлинського;наїзд на велосипедиста - велосипедист рухався у зустрічному напрямку;невиконання вимог сигналів регулювання;2;без ушкоджень;легко травмований;;;;;;;;49.902026;23.941489;;;;;;;;;;;
2022-12-22;7:27:00;четвер;місто;Львів;Залізничний;вулиця;Виговського І.;47;;наїзд на пішохода - пішохід рухався у попутному напрямку;порушення правил проїзду пішохідних переходів;2;без ушкоджень;легко травмований;;;;;;;;49.816686;23.972919;;;;;;;;;;;
2022-12-08;20:21:00;четвер;місто;Львів;Шевченківський;вулиця;Брюховицька;87;;зіткнення бокове;перевищення безпечної швидкості, недодержання дистанції;4;легко травмований;тяжко травмований;тяжко травмований;тяжко травмований;;;;;;49.872146;23.960758;;;;;;;;;;;
2022-12-04;19:50:00;неділя;місто;Львів;Залізничний;вулиця;Городоцька;94;;наїзд на пішохода - пішохід переходив дорогу поза межами піш.переходу;перехід у невстановленому місці;2;без ушкоджень;легко травмований;;;;;;;;49.837692;24.005599;;;;;;;;;;;
2022-12-07;12:37:00;середа;місто;Львів;Сихівський;вулиця;Зелена;283;;зіткнення бокове;порушення правил маневрування;2;без ушкоджень;легко травмований;;;;;;;;49.8;24.068121;;;;;;;;;;;
2022-12-09;6:53:00;п'ятниця;селище;Рудне;Залізничний;вулиця;Мазепи І.;12;;наїзд на пішохода - на регульованому пішохідному переході;порушення правил проїзду пішохідних переходів;2;без ушкоджень;помер у лікарні протягом 30 діб;;;;;;;;49.834426;23.891208;;;;;;;;;;;
2022-12-18;4:33:00;неділя;місто;Львів;Галицький;вулиця;Дорошенка П.;;вул. Дорошенка П. - вул. Словацького Ю.;зіткнення бокове;невиконання вимог сигналів регулювання, порушення правил проїзду перехресть, порушення правил утримання автодоріг та вулиць;3;без ушкоджень;легко травмований;легко травмований;;;;;;;49.838152;24.023522;;;;;;;;;;;
2022-12-10;14:01:00;субота;місто;Львів;Сихівський;проспект;Червоної Калини, просп.;49;;зіткнення бокове;недодержання дистанції;2;без ушкоджень;легко травмований;;;;;;;;49.799082;24.049052;;;;;;;;;;;
2022-12-19;9:01:00;понеділок;місто;Львів;Шевченківський;вулиця;Шевченка Т.;297;;зіткнення бокове;недодержання дистанції;4;без ушкоджень;без ушкоджень;легко травмований;легко травмований;;;;;;49.865494;23.957893;;;;;;;;;;;
2022-12-19;23:28:00;понеділок;місто;Львів;Шевченківський;вулиця;Шевченка Т.;358а;;наїзд на пішохода - на нерегульованому пішохідному переході;порушення правил проїзду пішохідних переходів, перевищення безпечної швидкості;2;без ушкоджень;тяжко травмований;;;;;;;;49.868416;23.951118;;;;;;;;;;;
2022-12-09;6:40:00;п'ятниця;місто;Львів;Шевченківський;вулиця;Липинського В.;60а;;наїзд на пішохода - пішохід рухався у попутному напрямку;перехід у невстановленому місці;2;без ушкоджень;легко травмований;;;;;;;;49.865027;24.050993;;;;;;;;;;;
2022-12-30;20:02:00;п'ятниця;місто;Львів;Франківський;вулиця;Кульпарківська;;вул. Кульпарківська - вул. Перфецького Л.;наїзд на велосипедиста - велосипедист рухався у попутному напрямку;недодержання дистанції;2;без ушкоджень;легко травмований;;;;;;;;49.815007;23.985665;;;;;;;;;;;
2022-12-09;19:50:00;п'ятниця;місто;Винники;Личаківський;вулиця;Галицька;51в;;наїзд на пішохода - пішохід рухався у попутному напрямку;неочікуваний вихід на проїзну частину;2;без ушкоджень;тяжко травмований;;;;;;;;49.817178;24.141759;;;;;;;;;;;
2022-12-09;19:35:00;п'ятниця;місто;Львів;Галицький;вулиця;Городоцька;1;;наїзд на пішохода - на нерегульованому пішохідному переході;порушення правил проїзду пішохідних переходів;2;без ушкоджень;тяжко травмований;;;;;;;;49.844331;24.025399;;;;;;;;;;;
2022-12-21;15:57:00;середа;місто;Львів;Залізничний;вулиця;Виговського І.;69;;падіння пасажира;перевищення безпечної швидкості;2;без ушкоджень;легко травмований;;;;;;;;49.813218;23.977607;;;;;;;;;;;
2022-12-26;18:30:00;понеділок;місто;Львів;Шевченківський;вулиця;Хмельницького Б.;52;;наїзд на пішохода - на нерегульованому пішохідному переході;порушення правил маневрування;2;без ушкоджень;легко травмований;;;;;;;;49.851993;24.032249;;;;;;;;;;;
2022-12-10;19:30:00;субота;місто;Винники;Личаківський;вулиця;Винна гора;;вул. Винна гора - вул. Івасюка В.;зіткнення бокове;порушення правил проїзду перехресть;3;без ушкоджень;легко травмований;легко травмований;;;;;;;49.823318;24.136974;;;;;;;;;;;
2022-12-14;18:36:00;середа;місто;Львів;Сихівський;вулиця;Зелена;;вул. Зелена - вул. Вулецька;наїзд на пішохода - на нерегульованому пішохідному переході;перевищення безпечної швидкості;3;без ушкоджень;тяжко травмований;тяжко травмований;;;;;;;49.796045;24.073218;;;;;;;;;;;
2022-12-17;11:13:00;субота;місто;Львів;Личаківський;площа;Петрушевича Є., пл.;3;;наїзд на пішохода - пішохід переходив дорогу поза межами піш.переходу;перехід у невстановленому місці;2;без ушкоджень;легко травмований;;;;;;;;49.832623;24.035103;;;;;;;;;;;
2022-12-08;9:40:00;четвер;місто;Львів;Залізничний;вулиця;Авіаційна;1;;наїзд на пішохода - пішохід рухався у попутному напрямку;порушення правил маневрування;2;без ушкоджень;легко травмований;;;;;;;;49.825228;23.940346;;;;;;;;;;;
2022-12-07;21:40:00;середа;місто;Львів;Сихівський;вулиця;Угорська;;вул. Угорська - просп. Червоної Калини;наїзд на пішохода - пішохід рухався у попутному напрямку;перевищення безпечної швидкості, порушення правил маневрування;2;без ушкоджень;легко травмований;;;;;;;;49.810258;24.046213;;;;;;;;;;;
2022-12-17;23:50:00;субота;місто;Львів;Сихівський;проспект;Червоної Калини, просп.;1;;зіткнення бокове;порушення правил маневрування;2;без ушкоджень;легко травмований;;;;;;;;49.81364;24.045838;;;;;;;;;;;
2022-12-18;13:44:00;неділя;місто;Львів;Шевченківський;вулиця;Мазепи І., гетьм.;24;;наїзд на пішохода - пішохід рухався у попутному напрямку;порушення правил маневрування;2;без ушкоджень;легко травмований;;;;;;;;49.870984;24.040296;;;;;;;;;;;
2022-12-09;17:01:00;п'ятниця;місто;Львів;Залізничний;вулиця;Городоцька;245;;наїзд на пішохода - на нерегульованому пішохідному переході;порушення правил проїзду пішохідних переходів;2;без ушкоджень;помер у лікарні протягом 30 діб;;;;;;;;49.831156;23.971251;;;;;;;;;;;
2022-12-29;8:20:00;четвер;місто;Львів;Шевченківський;вулиця;Величковського І.;14;;наїзд на пішохода - пішохід рухався у зустрічному напрямку;порушення правил маневрування;2;без ушкоджень;легко травмований;;;;;;;;49.874794;23.928845;;;;;;;;;;;
2022-12-09;23:01:00;п'ятниця;місто;Львів;Сихівський;вулиця;Навроцького В.;8;;наїзд на пішохода - лежав на дорозі;порушення правил маневрування;2;без ушкоджень;помер на місці дтп;;;;;;;;49.8113;24.048064;;;;;;;;;;;
2022-12-02;14:30:00;п'ятниця;місто;Львів;Сихівський;проспект;Червоної Калини, просп.;;;падіння пасажира;порушення правил перевезення пасажирів;2;без ушкоджень;легко травмований;;;;;;;;49.798345;24.049394;;;;;;;;;;;
2022-12-09;16:50:00;п'ятниця;місто;Львів;Личаківський;вулиця;Пасічна;71а;;зіткнення бокове;порушення правил проїзду перехресть;4;без ушкоджень;без ушкоджень;без ушкоджень;легко травмований;;;;;;49.821736;24.075395;;;;;;;;;;;
2022-12-22;13:50:00;четвер;місто;Львів;Личаківський;вулиця;Китайська;;вул. Китайська - вул. Пасічна;зіткнення бокове;порушення правил маневрування, порушення правил проїзду перехресть;3;без ушкоджень;легко травмований;легко травмований;;;;;;;49.821746;24.075336;;;;;;;;;;;
2022-12-10;17:02:00;субота;місто;Львів;Сихівський;вулиця;Зубрівська;6;;зіткнення бокове;порушення правил маневрування;2;без ушкоджень;легко травмований;;;;;;;;49.799799;24.064168;;;;;;;;;;;
2022-12-03;19:40:00;субота;місто;Львів;Залізничний;вулиця;Щирецька;36;;наїзд на пішохода - пішохід рухався у попутному напрямку;порушення правил маневрування;2;без ушкоджень;тяжко травмований;;;;;;;;49.811217;23.974936;;;;;;;;;;;
2022-12-10;18:45:00;субота;місто;Дубляни;Шевченківський;вулиця;Львівська;2;;наїзд на пішохода - пішохід рухався у попутному напрямку;недодержання дистанції, порушення правил маневрування;2;без ушкоджень;легко травмований;;;;;;;;49.889817;24.09084;;;;;;;;;;;
2022-12-20;18:03:00;вівторок;місто;Львів;Шевченківський;вулиця;Хмельницького Б.;291;;наїзд на інші види перешкод;перевищення безпечної швидкості;1;легко травмований;;;;;;;;;49.876758;24.063411;;;;;;;;;;;
2022-12-10;20:43:00;субота;місто;Львів;Залізничний;вулиця;Городоцька;218;;наїзд на пішохода - пішохід рухався у попутному напрямку;порушення правил маневрування;3;без ушкоджень;без ушкоджень;легко травмований;;;;;;;49.828924;23.958467;;;;;;;;;;;
2022-12-14;13:40:00;середа;місто;Львів;Шевченківський;вулиця;Плужника Є.;3а;;наїзд на пішохода - пішохід переходив дорогу поза межами піш.переходу;перехід у невстановленому місці;2;без ушкоджень;легко травмований;;;;;;;;49.86408;24.009762;;;;;;;;;;;