accidentDate;accidentTime;accidentDay;settlementType;settlement;district;streetType;streetName;houseNumber;locationComments;accidentType;mainAccidentCause;totalParticipantsAmount;injuryStatusParticipant1;injuryStatusParticipant2;injuryStatusParticipant3;injuryStatusParticipant4;injuryStatusParticipant5;injuryStatusParticipant6;injuryStatusParticipant7;injuryStatusParticipant8;injuryStatusParticipant9;latitude;longitude;injuryStatusParticipant10;injuryStatusParticipant11;injuryStatusParticipant12;injuryStatusParticipant13;injuryStatusParticipant14;injuryStatusParticipant15;injuryStatusParticipant16;injuryStatusParticipant17;injuryStatusParticipant18;injuryStatusParticipant19;injuryStatusParticipant20
2023-11-22;15:49:00;середа;місто;Львів;Шевченківський;вулиця;Варшавська;;;наїзд на пішохода - пішохід переходив дорогу поза межами піш.переходу;порушення правил маневрування;2;без ушкоджень;легко травмований;;;;;;;;49.86558187470234;24.011261439503294;;;;;;;;;;;
2023-11-21;16:23:00;вівторок;місто;Львів;Личаківський;вулиця;Мечникова І.;;;наїзд на пішохода - на нерегульованому пішохідному переході;порушення правил маневрування;2;без ушкоджень;легко травмований;;;;;;;;49.834699;24.0527;;;;;;;;;;;
2023-11-23;18:10:00;четвер;місто;Львів;Франківський;вулиця;Кульпарківська;11;;наїзд на пішохода - на нерегульованому пішохідному переході;порушення правил проїзду пішохідних переходів;2;без ушкоджень;легко травмований;;;;;;;;49.83344;23.99075;;;;;;;;;;;
2023-11-11;11:59:00;субота;місто;Львів;Сихівський;вулиця;Зелена;273;;наїзд на пішохода - на нерегульованому пішохідному переході;порушення правил маневрування;2;без ушкоджень;легко травмований;;;;;;;;49.802029;24.066083;;;;;;;;;;;
2023-11-09;7:30:00;четвер;місто;Львів;Сихівський;проспект;Святого Івана Павла ІІ, просп.;15;;наїзд на пішохода - на нерегульованому пішохідному переході;порушення правил проїзду пішохідних переходів;2;без ушкоджень;легко травмований;;;;;;;;49.801604;24.020675;;;;;;;;;;;
2023-12-02;12:16:00;субота;місто;Львів;Галицький;вулиця;Вітовського Д.;;вул. Вітовського Д. - вул. Болгарська;зіткнення лобове;порушення правил маневрування, невиконання вимог сигналів регулювання, порушення правил проїзду перехресть;2;без ушкоджень;легко травмований;;;;;;;;49.83023;24.02369;;;;;;;;;;;
2023-11-16;14:30:00;четвер;місто;Львів;Залізничний;вулиця;Юнаківа М., ген.;11;;наїзд на пішохода - пішохід переходив дорогу поза межами піш.переходу;перехід у невстановленому місці;2;без ушкоджень;легко травмований;;;;;;;;49.846496;24.00046;;;;;;;;;;;
2023-11-05;11:30:00;неділя;місто;Львів;Личаківський;вулиця;Личаківська;105;;наїзд на пішохода;порушення правил проїзду пішохідних переходів;2;без ушкоджень;легко травмований;;;;;;;;49.838733;24.053997;;;;;;;;;;;
2023-11-17;8:44:00;п'ятниця;місто;Львів;Шевченківський;вулиця;Замарстинівська;67;;наїзд на пішохода - на нерегульованому пішохідному переході;порушення правил маневрування, порушення правил проїзду пішохідних переходів;2;без ушкоджень;легко травмований;;;;;;;;49.857025;24.027717;;;;;;;;;;;
2023-11-24;20:55:00;п'ятниця;місто;Львів;Сихівський;проспект;Червоної Калини, просп.;;просп. Червоної Калини - вул. Луганська;зіткнення з задньою частиною тз;порушення правил маневрування, керування транспортним засобом у нетверезому стані, недодержання дистанції;2;без ушкоджень;легко травмований;;;;;;;;49.807658;24.046894;;;;;;;;;;;
2023-11-18;18:25:00;субота;місто;Львів;Залізничний;вулиця;Городоцька;116;;наїзд на пішохода - на нерегульованому пішохідному переході;порушення правил проїзду пішохідних переходів;2;без ушкоджень;легко травмований;;;;;;;;49.838007;24.006457;;;;;;;;;;;
2023-12-04;18:30:00;понеділок;місто;Львів;Личаківський;вулиця;Личаківська;46;;зіткнення бокове;недодержання дистанції;3;без ушкоджень;без ушкоджень;легко травмований;;;;;;;49.840233;24.048238;;;;;;;;;;;
2023-11-19;18:53:00;неділя;місто;Львів;Шевченківський;вулиця;Варшавська;125;;наїзд на пішохода - пішохід переходив дорогу поза межами піш.переходу;порушення правил маневрування;2;без ушкоджень;легко травмований;;;;;;;;49.86465;24.007654;;;;;;;;;;;
2023-11-18;11:26:00;субота;місто;Львів;Франківський;вулиця;Бандери С.;;вул. Бандери С. - вул. Героїв УПА;наїзд на пішохода - на регульованому пішохідному переході;пішоходи невиконання вимог сигналів регулювання;2;без ушкоджень;легко травмований;;;;;;;;49.835414;24.0052486;;;;;;;;;;;
2023-11-06;7:52:00;понеділок;місто;Львів;Сихівський;проспект;Святого Івана Павла ІІ, просп.;;міст;наїзд на пішохода - лежав на дорозі;порушення правил маневрування;2;без ушкоджень;легко травмований;;;;;;;;49.801904;24.046197;;;;;;;;;;;
2023-11-05;15:20:00;неділя;місто;Львів;Шевченківський;вулиця;Лінкольна А.;;вул. Лінкольна А. - вул. Цісик К.;наїзд на велосипедиста - велосипедист рухався у попутному напрямку;порушення правил маневрування, порушення правил обгону;2;без ушкоджень;легко травмований;;;;;;;;49.86649;24.039534;;;;;;;;;;;
2023-11-07;16:45:00;вівторок;місто;Львів;Сихівський;вулиця;Стрийська;115в;;зіткнення бокове;порушення правил проїзду перехресть;2;без ушкоджень;легко травмований;;;;;;;;49.786209;24.02645;;;;;;;;;;;
2023-11-30;23:45:00;четвер;місто;Львів;Франківський;вулиця;Тролейбусна;;вул. Тролейбусна - вул. Трускавецька;зіткнення з задньою частиною тз;порушення правил проїзду перехресть, невиконання вимог сигналів регулювання;2;без ушкоджень;легко травмований;;;;;;;;49.79786;24.005116;;;;;;;;;;;
2023-11-17;6:33:00;п'ятниця;місто;Львів;Сихівський;проспект;Святого Івана Павла ІІ, просп.;59;;наїзд на пішохода - на нерегульованому пішохідному переході;порушення правил маневрування;2;без ушкоджень;легко травмований;;;;;;;;49.802143;24.029031;;;;;;;;;;;
2023-11-18;17:50:00;субота;місто;Львів;Галицький;вулиця;Стуса В.;25;;наїзд на пішохода - на регульованому пішохідному переході;пішоходи невиконання вимог сигналів регулювання;2;без ушкоджень;легко травмований;;;;;;;;49.820743;24.03991;;;;;;;;;;;
2023-11-17;17:45:00;п'ятниця;місто;Львів;Франківський;вулиця;Княгині Ольги;114;;наїзд на пішохода - на нерегульованому пішохідному переході;порушення правил проїзду пішохідних переходів;2;без ушкоджень;легко травмований;;;;;;;;49.80673;23.998647;;;;;;;;;;;
2023-11-24;21:30:00;п'ятниця;місто;Львів;Залізничний;вулиця;Городоцька;331;;наїзд на дорожний знак, бордюрний камінь;перевищення безпечної швидкості;1;легко травмований;;;;;;;;;49.82531;23.938902;;;;;;;;;;;
2023-11-22;18:35:00;середа;місто;Львів;Залізничний;вулиця;Городоцька;293;;зіткнення лобове;порушення правил маневрування, керування транспортним засобом у нетверезому стані;2;без ушкоджень;легко травмований;;;;;;;;49.82883;23.958408;;;;;;;;;;;
2023-11-17;22:30:00;п'ятниця;місто;Львів;Шевченківський;вулиця;Єрошенка В.;;;наїзд на транспортний засіб, що стоїть - по ходу руху;порушення правил маневрування, керування транспортним засобом у нетверезому стані;2;без ушкоджень;легко травмований;;;;;;;;49.511;45467.0;;;;;;;;;;;
2023-11-15;17:40:00;середа;місто;Львів;Залізничний;вулиця;Сяйво;13;;зіткнення з задньою частиною тз;перевищення безпечної швидкості, недодержання дистанції;3;без ушкоджень;без ушкоджень;легко травмований;;;;;;;49.839148;23.977377;;;;;;;;;;;
2023-11-28;5:35:00;вівторок;місто;Львів;Франківський;вулиця;Кульпарківська;52;;наїзд на дерево;перевищення безпечної швидкості;1;легко травмований;;;;;;;;;49.829176;23.990257;;;;;;;;;;;
2023-11-05;15:01:00;неділя;місто;Львів;Личаківський;вулиця;Пасічна;51;;наїзд на пішохода - на нерегульованому пішохідному переході;порушення правил проїзду пішохідних переходів;2;без ушкоджень;легко травмований;;;;;;;;49.82782;24.071227;;;;;;;;;;;
2023-11-28;17:01:00;вівторок;місто;Львів;Залізничний;вулиця;Виговського І.;100;;зіткнення з задньою частиною тз;порушення правил маневрування, недодержання дистанції;2;без ушкоджень;легко травмований;;;;;;;;49.8134;23.978067;;;;;;;;;;;
2023-11-07;12:40:00;вівторок;місто;Львів;Франківський;вулиця;Княгині Ольги;;;наїзд на велосипедиста - велосипедист рухався у попутному напрямку;порушення правил проїзду пішохідних переходів;2;без ушкоджень;легко травмований;;;;;;;;49.804241;23.997178;;;;;;;;;;;
2023-11-06;20:46:00;понеділок;місто;Львів;Сихівський;вулиця;Зелена;281а;;перекидання тз;порушення правил маневрування;1;легко травмований;;;;;;;;;49.799439;24.069414;;;;;;;;;;;
2023-11-21;14:10:00;вівторок;місто;Львів;Залізничний;вулиця;Залізнична;8;;зіткнення з задньою частиною тз;перевищення безпечної швидкості, недодержання дистанції;3;без ушкоджень;без ушкоджень;легко травмований;;;;;;;49.837519;24.002037;;;;;;;;;;;
2023-11-19;12:25:00;неділя;місто;Львів;Шевченківський;вулиця;Липинського В.;60а;;наїзд на пішохода - на нерегульованому пішохідному переході;порушення правил проїзду пішохідних переходів;2;без ушкоджень;легко травмований;;;;;;;;49.865024;24.050944;;;;;;;;;;;
2023-11-04;9:52:00;субота;місто;Львів;Галицький;площа;Князя Ярослава Осмомисла, пл.;11;;зіткнення лобове;порушення правил маневрування;2;без ушкоджень;легко травмований;;;;;;;;49.844701;24.028602;;;;;;;;;;;
2023-11-30;13:01:00;четвер;місто;Львів;Франківський;вулиця;Коновальця Є.;77;;наїзд на пішохода - пішохід переходив дорогу поза межами піш.переходу;перехід у невстановленому місці;2;без ушкоджень;легко травмований;;;;;;;;49.828969;24.000591;;;;;;;;;;;
2023-11-23;21:09:00;четвер;місто;Львів;Франківський;вулиця;Кульпарківська;93;;наїзд на інші види перешкод;порушення правил маневрування;2;без ушкоджень;легко травмований;;;;;;;;49.82292075416931;23.98917599139344;;;;;;;;;;;
2023-11-17;6:49:00;п'ятниця;місто;Львів;Залізничний;вулиця;Яворницького Д.;8;;наїзд на пішохода - на нерегульованому пішохідному переході;порушення правил проїзду пішохідних переходів;2;без ушкоджень;помер по дорозі в лікарню;;;;;;;;49.825519;23.975767;;;;;;;;;;;
2023-11-15;20:09:00;середа;місто;Львів;Галицький;вулиця;Кривоноса М.;15;;зіткнення з задньою частиною тз;перевищення безпечної швидкості, керування транспортним засобом у нетверезому стані;2;без ушкоджень;легко травмований;;;;;;;;49.845292;24.040221;;;;;;;;;;;
2023-11-22;20:50:00;середа;місто;Львів;Шевченківський;вулиця;Хмельницького Б.;291;;наїзд на інші види перешкод;перевищення безпечної швидкості;2;без ушкоджень;легко травмований;;;;;;;;49.873439;24.060311;;;;;;;;;;;
2023-11-21;16:46:00;вівторок;місто;Львів;Франківський;вулиця;Чупринки Т., ген.;71;;наїзд на пішохода - пішохід переходив дорогу поза межами піш.переходу;перехід у невстановленому місці;2;без ушкоджень;помер у лікарні протягом 30 діб;;;;;;;;49.828151;24.005095;;;;;;;;;;;
2023-11-12;14:09:00;неділя;місто;Львів;Сихівський;вулиця;Сихівська;8;;наїзд на пішохода - на нерегульованому пішохідному переході;порушення правил маневрування;2;без ушкоджень;легко травмований;;;;;;;;49.79471;24.0652;;;;;;;;;;;
2023-12-05;7:30:00;вівторок;місто;Львів;Франківський;вулиця;Симоненка В.;;вул. Симоненка В. - вул. Наукова;зіткнення бокове;порушення правил проїзду перехресть;3;легко травмований;легко травмований;легко травмований;;;;;;;49.805017;23.986545;;;;;;;;;;;
2023-11-08;13:13:00;середа;місто;Львів;Галицький;площа;Ринок, пл.;;;наїзд на пішохода - пішохід переходив дорогу поза межами піш.переходу;порушення правил маневрування;2;без ушкоджень;легко травмований;;;;;;;;49.84156899590784;24.032668929875545;;;;;;;;;;;
2023-11-28;11:20:00;вівторок;місто;Львів;Галицький;вулиця;Кривоноса М.;18;;наїзд на пішохода - пішохід рухався у попутному напрямку;порушення правил маневрування;2;без ушкоджень;легко травмований;;;;;;;;49.847178;24.041685;;;;;;;;;;;
2023-11-21;20:21:00;вівторок;місто;Львів;Шевченківський;вулиця;Варшавська;126;;зіткнення з задньою частиною тз;перевищення безпечної швидкості, недодержання дистанції;4;без ушкоджень;без ушкоджень;без ушкоджень;тяжко травмований;;;;;;49.86547;24.01099;;;;;;;;;;;
2023-11-08;14:27:00;середа;місто;Львів;Шевченківський;вулиця;Шевченка Т.;360в;;зіткнення бокове;невиконання вимог сигналів регулювання, керування транспортним засобом у нетверезому стані;3;без ушкоджень;легко травмований;легко травмований;;;;;;;49.867923;23.952793;;;;;;;;;;;
2023-11-09;6:45:00;четвер;місто;Львів;Залізничний;вулиця;Городоцька;257;;наїзд на пішохода - пішохід переходив дорогу поза межами піш.переходу;перехід у невстановленому місці;2;без ушкоджень;легко травмований;;;;;;;;49.830363;23.966868;;;;;;;;;;;
2023-01-02;19:28:00;понеділок;місто;Львів;Сихівський;проспект;Святого Івана Павла ІІ, просп.;4б;;наїзд на пішохода - пішохід рухався у попутному напрямку;перевищення безпечної швидкості, керування транспортним засобом у нетверезому стані;2;без ушкоджень;легко травмований;;;;;;;;49.799924;24.034781;;;;;;;;;;;
2023-01-02;7:40:00;понеділок;місто;Львів;Сихівський;вулиця;Зелена;263;;наїзд на пішохода - пішохід рухався у попутному напрямку;перехід у невстановленому місці;2;без ушкоджень;тяжко травмований;;;;;;;;49.80179;24.065772;;;;;;;;;;;
2023-01-02;14:34:00;понеділок;місто;Львів;Сихівський;вулиця;Зубрівська;11;;наїзд на велосипедиста - велосипедист рухався у попутному напрямку;порушення правил маневрування;2;без ушкоджень;легко травмований;;;;;;;;49.797756;24.062489;;;;;;;;;;;
2023-01-02;17:30:00;понеділок;місто;Львів;Франківський;вулиця;Музики Я.;39;;наїзд на велосипедиста - велосипедист рухався у попутному напрямку;порушення правил проїзду перехресть;2;без ушкоджень;легко травмований;;;;;;;;49.814488;24.001458;;;;;;;;;;;
2023-02-21;12:15:00;вівторок;місто;Львів;Залізничний;вулиця;Виговського І.;100;;зіткнення бокове;недодержання дистанції;3;без ушкоджень;без ушкоджень;легко травмований;;;;;;;49.813079;23.977876;;;;;;;;;;;
2023-03-02;16:54:00;четвер;місто;Львів;Франківський;вулиця;Київська;15;;наїзд на пішохода - на нерегульованому пішохідному переході;порушення правил проїзду пішохідних переходів, порушення правил маневрування;2;без ушкоджень;легко травмований;;;;;;;;49.83308;24.009622;;;;;;;;;;;
2023-03-09;19:17:00;четвер;місто;Львів;Шевченківський;вулиця;Грінченка Б.;6б;;наїзд на пішохода - на нерегульованому пішохідному переході;порушення правил проїзду пішохідних переходів;2;без ушкоджень;легко травмований;;;;;;;;49.872596;24.0508;;;;;;;;;;;
2023-02-25;21:34:00;субота;місто;Львів;Шевченківський;вулиця;Хмельницького Б.;;вул. Хмельницького Б. - вул. Липинського В.;зіткнення з задньою частиною тз;порушення правил маневрування, перевищення безпечної швидкості, недодержання дистанції;2;без ушкоджень;легко травмований;;;;;;;;49.864564;24.053058;;;;;;;;;;;
2023-03-23;16:50:00;четвер;місто;Львів;Залізничний;вулиця;Кульчицької О.;3;;наїзд на пішохода - пішохід рухався у попутному напрямку;порушення правил маневрування;2;без ушкоджень;легко травмований;;;;;;;;49.817749;23.973391;;;;;;;;;;;
2023-03-28;18:20:00;вівторок;місто;Львів;Франківський;вулиця;Гіпсова;58;;наїзд на пішохода - пішохід рухався у попутному напрямку;порушення правил маневрування;2;без ушкоджень;легко травмований;;;;;;;;49.82502;23.992156;;;;;;;;;;;
2023-03-04;8:23:00;субота;місто;Львів;Залізничний;вулиця;Шевченка Т.;81;;наїзд на пішохода - на нерегульованому пішохідному переході;порушення правил проїзду пішохідних переходів;2;без ушкоджень;легко травмований;;;;;;;;49.84824;23.999253;;;;;;;;;;;
2023-03-22;20:23:00;середа;місто;Львів;Сихівський;проспект;Святого Івана Павла ІІ, просп.;4б;;наїзд на інші види перешкод;перевищення безпечної швидкості;1;тяжко травмований;;;;;;;;;49.798497;24.034631;;;;;;;;;;;
2023-03-21;10:05:00;вівторок;місто;Львів;Личаківський;вулиця;Зелена;58;;наїзд на пішохода - пішохід рухався у попутному напрямку;порушення правил маневрування, порушення правил проїзду пішохідних переходів;2;без ушкоджень;легко травмований;;;;;;;;49.83044;24.043697;;;;;;;;;;;
2023-02-28;11:58:00;вівторок;місто;Винники;Личаківський;вулиця;Івасюка В.;1а;;наїзд на пішохода - пішохід рухався у попутному напрямку;порушення правил маневрування;3;без ушкоджень;без ушкоджень;легко травмований;;;;;;;49.817049;24.137471;;;;;;;;;;;
2023-03-10;9:06:00;п'ятниця;місто;Львів;Франківський;вулиця;Тролейбусна;;вул. Тролейбусна - вул. Трускавецька;наїзд на пішохода - на регульованому пішохідному переході;порушення правил маневрування;2;без ушкоджень;легко травмований;;;;;;;;49.797943;24.005105;;;;;;;;;;;
2023-02-24;21:50:00;п'ятниця;місто;Львів;Шевченківський;вулиця;Хмельницького Б.;74;;наїзд на пішохода - пішохід рухався у попутному напрямку;порушення правил проїзду пішохідних переходів;2;без ушкоджень;легко травмований;;;;;;;;49.853058;24.035618;;;;;;;;;;;
2023-02-20;17:02:00;понеділок;село;Підбірці;Личаківський;вулиця;Тракт-Глинянський;;;зіткнення бокове;перевищення безпечної швидкості;4;без ушкоджень;без ушкоджень;легко травмований;легко травмований;;;;;;49.841463;24.151425;;;;;;;;;;;
2023-03-26;22:41:00;неділя;місто;Львів;Франківський;вулиця;Сахарова А., акад.;28;;наїзд на інші види перешкод;перевищення безпечної швидкості, недодержання дистанції;2;легко травмований;легко травмований;;;;;;;;49.830391798054;24.0145089739863;;;;;;;;;;;
2023-02-19;20:01:00;неділя;місто;Львів;Шевченківський;вулиця;Хмельницького Б.;291;;наїзд на опори (леп, телефонних та телеграфних ліній, рекламоносіїв, щогли антен моб. зв'язку, тощо);перевищення безпечної швидкості;2;легко травмований;легко травмований;;;;;;;;49.876758;24.063411;;;;;;;;;;;
2023-03-20;13:36:00;понеділок;місто;Львів;Шевченківський;вулиця;Варшавська;;;наїзд на пішохода - пішохід рухався у попутному напрямку;порушення правил проїзду пішохідних переходів;2;без ушкоджень;тяжко травмований;;;;;;;;49.862043;24.007552;;;;;;;;;;;
2023-02-23;22:20:00;четвер;місто;Львів;Залізничний;вулиця;Виговського І.;;вул. Виговського І. - вул. Кульчицької О.;зіткнення бокове;керування транспортним засобом у нетверезому стані, перевищення безпечної швидкості, недодержання дистанції;3;без ушкоджень;без ушкоджень;легко травмований;;;;;;;49.81716;23.971862;;;;;;;;;;;
2023-03-20;8:55:00;понеділок;місто;Львів;Сихівський;проспект;Святого Івана Павла ІІ, просп.;5;;наїзд на пішохода - пішохід рухався у попутному напрямку;порушення правил проїзду пішохідних переходів;2;без ушкоджень;легко травмований;;;;;;;;49.801679;24.020626;;;;;;;;;;;
2023-03-21;12:10:00;вівторок;місто;Львів;Франківський;вулиця;Володимира Великого;39;;наїзд на пішохода - пішохід рухався у попутному напрямку;порушення правил маневрування;2;без ушкоджень;легко травмований;;;;;;;;49.808153;24.005502;;;;;;;;;;;
2023-02-15;14:14:00;середа;місто;Львів;Сихівський;вулиця;Гашека Я.;20;;наїзд на пішохода - на нерегульованому пішохідному переході;порушення правил проїзду пішохідних переходів, керування транспортним засобом у нетверезому стані;2;без ушкоджень;легко травмований;;;;;;;;49.796641;24.021097;;;;;;;;;;;
2023-02-25;17:01:00;субота;місто;Львів;Шевченківський;вулиця;Шевченка Т.;323;;наїзд на транспортний засіб, що стоїть - по ходу руху;перевищення безпечної швидкості, недодержання дистанції;3;без ушкоджень;без ушкоджень;легко травмований;;;;;;;49.871816;23.928902;;;;;;;;;;;
2023-02-25;18:50:00;субота;місто;Львів;Франківський;вулиця;Наукова;7;;зіткнення з задньою частиною тз;перевищення безпечної швидкості, недодержання дистанції, керування транспортним засобом у нетверезому стані;4;без ушкоджень;без ушкоджень;без ушкоджень;легко травмований;;;;;;49.803081;24.005588;;;;;;;;;;;
2023-03-28;22:45:00;вівторок;місто;Львів;Залізничний;вулиця;Городоцька;;;наїзд на пішохода - пішохід рухався у попутному напрямку;порушення правил маневрування;2;без ушкоджень;легко травмований;;;;;;;;49.833069;23.981985;;;;;;;;;;;
2023-03-23;8:45:00;четвер;місто;Львів;Сихівський;вулиця;Угорська;12;;зіткнення бокове;порушення правил маневрування;2;без ушкоджень;легко травмований;;;;;;;;49.812048;24.040752;;;;;;;;;;;
2023-03-22;13:30:00;середа;місто;Львів;Франківський;вулиця;Київська;25;;наїзд на пішохода - пішохід рухався у попутному напрямку;порушення правил маневрування;2;без ушкоджень;легко травмований;;;;;;;;49.833294;24.008158;;;;;;;;;;;
2023-03-29;9:25:00;середа;місто;Львів;Шевченківський;вулиця;Єрошенка В.;2;;наїзд на пішохода - пішохід рухався у попутному напрямку;перевищення безпечної швидкості, недодержання дистанції;2;без ушкоджень;легко травмований;;;;;;;;49.848226;24.001045;;;;;;;;;;;
2023-02-15;14:20:00;середа;місто;Львів;Залізничний;вулиця;Кричевського М.;67;;наїзд на пішохода - пішохід рухався у попутному напрямку;порушення правил маневрування;2;без ушкоджень;легко травмований;;;;;;;;49.822584;23.96587;;;;;;;;;;;
2023-02-22;20:50:00;середа;місто;Львів;Залізничний;вулиця;Кульпарківська;130;;наїзд на пішохода - пішохід рухався у попутному напрямку;порушення правил маневрування;2;без ушкоджень;легко травмований;;;;;;;;49.804522;23.981073;;;;;;;;;;;
2023-03-07;19:01:00;вівторок;місто;Львів;Залізничний;вулиця;Городоцька;300;;наїзд на пішохода - пішохід рухався у попутному напрямку;неочікуваний вихід на проїзну частину;2;без ушкоджень;легко травмований;;;;;;;;49.821611;23.918706;;;;;;;;;;;
2023-03-18;0:05:00;субота;місто;Львів;Франківський;вулиця;Стрийська;204;;наїзд на опори (леп, телефонних та телеграфних ліній, рекламоносіїв, щогли антен моб. зв'язку, тощо);перевищення безпечної швидкості;2;легко травмований;тяжко травмований;;;;;;;;49.796305;24.016591;;;;;;;;;;;
2023-03-09;16:07:00;четвер;місто;Львів;Шевченківський;вулиця;Єрошенка В.;;;зіткнення бокове;порушення правил маневрування;3;без ушкоджень;без ушкоджень;помер на місці дтп;;;;;;;49.855782;24.073646;;;;;;;;;;;
2023-03-20;13:24:00;понеділок;місто;Львів;Залізничний;вулиця;Авіаційна;7;;наїзд на пішохода - пішохід рухався у попутному напрямку;порушення правил маневрування;2;без ушкоджень;помер у лікарні протягом 30 діб;;;;;;;;49.814481;23.930352;;;;;;;;;;;
2023-03-14;16:10:00;вівторок;місто;Львів;Личаківський;вулиця;Пекарська;69;;наїзд на пішохода - пішохід рухався у попутному напрямку;порушення правил маневрування;2;без ушкоджень;легко травмований;;;;;;;;49.835785;24.048337;;;;;;;;;;;
2023-03-28;9:35:00;вівторок;місто;Львів;Залізничний;вулиця;Городоцька;80;;зіткнення бокове;порушення правил проїзду перехресть;3;без ушкоджень;без ушкоджень;легко травмований;;;;;;;49.838346;24.007112;;;;;;;;;;;
2023-03-04;21:33:00;субота;місто;Львів;Залізничний;вулиця;Виговського І.;87;;наїзд на пішохода - пішохід переходив дорогу поза межами піш.переходу;перехід у невстановленому місці;2;без ушкоджень;легко травмований;;;;;;;;49.813169;23.980891;;;;;;;;;;;
2023-03-30;11:45:00;четвер;місто;Львів;Сихівський;вулиця;Полуботка П.;31;;зіткнення бокове;виїзд на смугу зустрічного руху;2;без ушкоджень;легко травмований;;;;;;;;49.791727;24.070417;;;;;;;;;;;
2023-03-05;19:34:00;неділя;місто;Львів;Галицький;вулиця;Дорошенка П.;44;;наїзд на пішохода - пішохід переходив дорогу поза межами піш.переходу;неочікуваний вихід на проїзну частину;2;без ушкоджень;легко травмований;;;;;;;;49.837488;24.0224;;;;;;;;;;;
2023-02-15;8:56:00;середа;місто;Львів;Франківський;вулиця;Симоненка В.;4;;наїзд на пішохода - на нерегульованому пішохідному переході;порушення правил проїзду пішохідних переходів;2;без ушкоджень;легко травмований;;;;;;;;49.8096;23.988401;;;;;;;;;;;
2023-03-06;11:17:00;понеділок;місто;Львів;Франківський;вулиця;Бандери С.;51;;наїзд на пішохода - на нерегульованому пішохідному переході;порушення правил проїзду пішохідних переходів;2;без ушкоджень;легко травмований;;;;;;;;49.834727;24.010416;;;;;;;;;;;
2023-02-16;10:10:00;четвер;місто;Львів;Личаківський;вулиця;Глинянський Тракт;68;;зіткнення бокове;недодержання дистанції;2;без ушкоджень;легко травмований;;;;;;;;49.840235;24.084933;;;;;;;;;;;
2023-03-12;13:25:00;неділя;місто;Львів;Залізничний;вулиця;Чернівецька;9;;наїзд на пішохода - на нерегульованому пішохідному переході;порушення правил проїзду пішохідних переходів;2;без ушкоджень;легко травмований;;;;;;;;49.837519;23.999264;;;;;;;;;;;
2023-02-18;19:03:00;субота;місто;Львів;Залізничний;вулиця;Широка;65б;;наїзд на пішохода - пішохід рухався у попутному напрямку;порушення правил маневрування, недодержання дистанції;2;без ушкоджень;помер у лікарні протягом 30 діб;;;;;;;;49.841885;23.970038;;;;;;;;;;;
2023-03-22;9:47:00;середа;місто;Львів;Франківський;вулиця;Наукова;;вул. Наукова - вул. Княгині Ольги;зіткнення бокове;порушення правил маневрування;3;без ушкоджень;без ушкоджень;легко травмований;;;;;;;49.80412;23.997359;;;;;;;;;;;
2023-02-27;19:50:00;понеділок;місто;Львів;Личаківський;вулиця;Богданівська;100;;зіткнення бокове;перевищення безпечної швидкості;4;без ушкоджень;без ушкоджень;легко травмований;легко травмований;;;;;;49.85341079170039;24.077378947110237;;;;;;;;;;;
2023-03-23;19:10:00;четвер;місто;Львів;Франківський;вулиця;Поліщука В.;;вул. Боберського І. - вул. Поліщука В.;наїзд на пішохода - пішохід рухався у попутному напрямку;порушення правил маневрування;2;без ушкоджень;легко травмований;;;;;;;;49.831595;23.993025;;;;;;;;;;;
2023-02-25;13:31:00;субота;місто;Львів;Галицький;вулиця;Листопадового Чину;14;;наїзд на пішохода - пішохід рухався у попутному напрямку;перевищення безпечної швидкості;2;без ушкоджень;тяжко травмований;;;;;;;;49.840062;24.019858;;;;;;;;;;;
2023-03-01;12:16:00;середа;місто;Львів;Сихівський;проспект;Червоної Калини, просп.;90;;наїзд на пішохода - пішохід рухався у попутному напрямку;порушення правил маневрування;2;без ушкоджень;тяжко травмований;;;;;;;;49.786113;24.058873;;;;;;;;;;;
2023-03-15;12:38:00;середа;місто;Львів;Сихівський;вулиця;Зелена;298;;наїзд на транспортний засіб, що стоїть - по ходу руху;недодержання дистанції, перевищення безпечної швидкості, порушення правил маневрування;2;легко травмований;легко травмований;;;;;;;;49.792164;24.074306;;;;;;;;;;;
2023-03-13;20:22:00;понеділок;місто;Львів;Шевченківський;вулиця;Сеньковича Ф.;40;;наїзд на пішохода - на нерегульованому пішохідному переході;порушення правил проїзду пішохідних переходів;2;без ушкоджень;помер у лікарні протягом 30 діб;;;;;;;;49.869041;24.018146;;;;;;;;;;;
2023-02-21;13:28:00;вівторок;селище;Брюховичі;Шевченківський;вулиця;Смолиста;31;;зіткнення бокове;перевищення безпечної швидкості;3;без ушкоджень;без ушкоджень;легко травмований;;;;;;;49.894828;23.946601;;;;;;;;;;;
2023-03-05;16:17:00;неділя;місто;Львів;Личаківський;вулиця;Пасічна;51;;зіткнення бокове;перевищення безпечної швидкості, недодержання дистанції, керування транспортним засобом у нетверезому стані;3;без ушкоджень;без ушкоджень;легко травмований;;;;;;;49.827965;24.071154;;;;;;;;;;;