accidentDate;accidentTime;accidentDay;settlementType;settlement;district;streetType;streetName;houseNumber;locationComments;accidentType;mainAccidentCause;totalParticipantsAmount;injuryStatusParticipant1;injuryStatusParticipant2;injuryStatusParticipant3;injuryStatusParticipant4;injuryStatusParticipant5;injuryStatusParticipant6;injuryStatusParticipant7;injuryStatusParticipant8;injuryStatusParticipant9;latitude;longitude;injuryStatusParticipant10;injuryStatusParticipant11;injuryStatusParticipant12;injuryStatusParticipant13;injuryStatusParticipant14;injuryStatusParticipant15;injuryStatusParticipant16;injuryStatusParticipant17;injuryStatusParticipant18;injuryStatusParticipant19;injuryStatusParticipant20
2023-10-26;18:11:00;четвер;місто;Львів;Галицький;вулиця;Під Дубом;2;;зіткнення з задньою частиною тз;порушення правил маневрування;3;без ушкоджень;без ушкоджень;легко травмований;;;;;;;49.850734;24.025238;;;;;;;;;;;
2023-10-16;7:30:00;понеділок;місто;Львів;Франківський;вулиця;Стрийська;260;;наїзд на пішохода - пішохід рухався у попутному напрямку;перевищення безпечної швидкості;2;без ушкоджень;легко травмований;;;;;;;;49.792063;24.015647;;;;;;;;;;;
2023-10-29;20:30:00;неділя;місто;Львів;Залізничний;вулиця;Городоцька;;вул. Городоцька - вул. Збиральна;наїзд на транспортний засіб, що стоїть - по ходу руху;порушення правил проїзду перехресть;3;без ушкоджень;без ушкоджень;легко травмований;;;;;;;49.823575;23.929492;;;;;;;;;;;
2023-10-01;10:30:00;неділя;місто;Львів;Шевченківський;проспект;Чорновола В., просп.;12;;наїзд на пішохода - пішохід рухався у попутному напрямку;порушення правил маневрування;2;без ушкоджень;легко травмований;;;;;;;;49.856295;24.022443;;;;;;;;;;;
2023-10-12;9:20:00;четвер;місто;Львів;Сихівський;вулиця;Трильовського К.;22;;наїзд на пішохода - на нерегульованому пішохідному переході;порушення правил проїзду пішохідних переходів;2;без ушкоджень;легко травмований;;;;;;;;49.783273;24.064533;;;;;;;;;;;
2023-10-10;14:49:00;вівторок;місто;Львів;Личаківський;вулиця;Личаківська;64;;наїзд на пішохода - на нерегульованому пішохідному переході;порушення правил проїзду пішохідних переходів;2;без ушкоджень;легко травмований;;;;;;;;49.83993;24.049228;;;;;;;;;;;
2023-10-21;15:45:00;субота;місто;Львів;Франківський;вулиця;Сахарова А., акад.;;вул. Сахарова А., акад. - вул. Коперника М.;зіткнення бокове;порушення правил проїзду перехресть;2;без ушкоджень;легко травмований;;;;;;;;49.832369;24.018167;;;;;;;;;;;
2023-10-25;12:10:00;середа;місто;Львів;Залізничний;вулиця;Городоцька;76;;наїзд на пішохода - на нерегульованому пішохідному переході;порушення правил проїзду пішохідних переходів;2;без ушкоджень;легко травмований;;;;;;;;49.838612;24.008056;;;;;;;;;;;
2023-10-25;7:05:00;середа;місто;Львів;Франківський;вулиця;Володимира Великого;51;;наїзд на пішохода - на нерегульованому пішохідному переході;порушення правил проїзду пішохідних переходів;2;без ушкоджень;легко травмований;;;;;;;;49.810189;24.002295;;;;;;;;;;;
2023-10-13;11:50:00;п'ятниця;місто;Львів;Франківський;вулиця;Городоцька;209;;наїзд на інші види перешкод;порушення правил маневрування;2;без ушкоджень;легко травмований;;;;;;;;49.833139;23.983541;;;;;;;;;;;
2023-10-09;19:50:00;понеділок;місто;Львів;Шевченківський;вулиця;Шевченка Т.;120;;зіткнення лобове;порушення правил проїзду перехресть;3;легко травмований;легко травмований;легко травмований;;;;;;;49.848824;23.997418;;;;;;;;;;;
2023-10-15;19:01:00;неділя;місто;Львів;Сихівський;вулиця;Луганська;6;;наїзд на пішохода - на нерегульованому пішохідному переході;порушення правил маневрування;2;без ушкоджень;легко травмований;;;;;;;;49.807205;24.057317;;;;;;;;;;;
2023-10-30;13:50:00;понеділок;місто;Львів;Сихівський;вулиця;Зелена;;вул. Зелена - вул. Сихівська;наїзд на велосипедиста - велосипедист рухався у попутному напрямку;недодержання дистанції;2;без ушкоджень;легко травмований;;;;;;;;49.798694;24.0707;;;;;;;;;;;
2023-10-30;21:01:00;понеділок;місто;Львів;Личаківський;вулиця;Хмельницького Б.;222;;зіткнення з задньою частиною тз;перевищення безпечної швидкості, порушення правил маневрування;3;без ушкоджень;легко травмований;легко травмований;;;;;;;49.870618;24.057924;;;;;;;;;;;
2023-10-15;15:49:00;неділя;місто;Львів;Залізничний;вулиця;Городоцька;276;;зіткнення лобове;невиконання вимог сигналів регулювання, порушення правил проїзду перехресть;3;без ушкоджень;без ушкоджень;легко травмований;;;;;;;49.824446;23.931946;;;;;;;;;;;
2023-10-08;8:21:00;неділя;місто;Львів;Личаківський;вулиця;Зелена;113;;наїзд на дерево;перевищення безпечної швидкості;1;легко травмований;;;;;;;;;49.822317;24.05441;;;;;;;;;;;
2023-10-17;9:16:00;вівторок;місто;Львів;Сихівський;вулиця;Драгана М.;9;;наїзд на пішохода - пішохід переходив дорогу поза межами піш.переходу;перехід у невстановленому місці;2;без ушкоджень;легко травмований;;;;;;;;49.784891;24.056513;;;;;;;;;;;
2023-10-24;18:30:00;вівторок;місто;Дубляни;Шевченківський;вулиця;Львівська;2;;наїзд на велосипедиста - поза межами велосипедної доріжки;порушення правил маневрування;2;без ушкоджень;легко травмований;;;;;;;;49.889402;24.087514;;;;;;;;;;;
2023-10-23;15:33:00;понеділок;місто;Львів;Франківський;вулиця;Княгині Ольги;109;;падіння пасажира;порушення правил маневрування;2;без ушкоджень;легко травмований;;;;;;;;49.808264;23.999038;;;;;;;;;;;
2023-10-03;23:50:00;вівторок;місто;Львів;Сихівський;проспект;Червоної Калини, просп.;;;зіткнення лобове;порушення правил проїзду перехресть;3;без ушкоджень;легко травмований;легко травмований;;;;;;;49.798403;24.048869;;;;;;;;;;;
2023-10-17;21:05:00;вівторок;місто;Львів;Шевченківський;вулиця;Шевченка Т.;340;;наїзд на пішохода - пішохід переходив дорогу поза межами піш.переходу;перехід у невстановленому місці, перевищення безпечної швидкості, недодержання дистанції;2;без ушкоджень;помер у лікарні протягом 30 діб;;;;;;;;49.867718;23.953489;;;;;;;;;;;
2023-10-03;20:05:00;вівторок;місто;Львів;Шевченківський;вулиця;Шевченка Т.;262;;наїзд на пішохода - на нерегульованому пішохідному переході;порушення правил маневрування;2;без ушкоджень;тяжко травмований;;;;;;;;49.861441;23.967013;;;;;;;;;;;
2023-10-04;7:33:00;середа;місто;Львів;Личаківський;вулиця;Мечникова І.;17;;наїзд на пішохода - на нерегульованому пішохідному переході;порушення правил проїзду пішохідних переходів, перевищення безпечної швидкості;2;без ушкоджень;легко травмований;;;;;;;;49.837062;24.054276;;;;;;;;;;;
2023-10-09;20:08:00;понеділок;місто;Львів;Шевченківський;вулиця;Липинського В.;54а;;наїзд на транспортний засіб, що стоїть - по ходу руху;перевищення безпечної швидкості, недодержання дистанції;2;без ушкоджень;легко травмований;;;;;;;;49.864871;24.041058;;;;;;;;;;;
2023-10-27;15:20:00;п'ятниця;місто;Львів;Франківський;вулиця;Наукова;118;;наїзд на пішохода - на регульованому пішохідному переході;перевищення безпечної швидкості;2;без ушкоджень;легко травмований;;;;;;;;49.805512;23.983664;;;;;;;;;;;
2023-10-18;17:10:00;середа;місто;Львів;Франківський;вулиця;Кондукторська;;вул. Кондукторська - вул. Городоцька;наїзд на пішохода - на нерегульованому пішохідному переході;неочікуваний вихід на проїзну частину;2;без ушкоджень;легко травмований;;;;;;;;49.832571;23.980004;;;;;;;;;;;
2023-10-15;21:15:00;неділя;місто;Львів;Франківський;вулиця;Кульпарківська;36/42;;наїзд на пішохода - на нерегульованому пішохідному переході;порушення правил проїзду пішохідних переходів;2;без ушкоджень;помер у лікарні протягом 30 діб;;;;;;;;49.829848;23.990386;;;;;;;;;;;
2023-11-03;7:45:00;п'ятниця;місто;Львів;Залізничний;вулиця;Суботівська;;вул. Суботівська - вул. Повітряна;наїзд на пішохода - на нерегульованому пішохідному переході;порушення правил маневрування;2;без ушкоджень;легко травмований;;;;;;;;49.844786;23.96695;;;;;;;;;;;
2023-10-25;16:37:00;середа;місто;Львів;Залізничний;вулиця;Городоцька;313;;зіткнення з задньою частиною тз;перевищення безпечної швидкості;2;без ушкоджень;легко травмований;;;;;;;;49.827675;23.952025;;;;;;;;;;;
2023-10-03;18:53:00;вівторок;місто;Львів;Личаківський;вулиця;Зелена;;вул. Зелена - вул. Тарнавського М., ген.;наїзд на транспортний засіб, що стоїть - по ходу руху;перевищення безпечної швидкості, недодержання дистанції;2;без ушкоджень;легко травмований;;;;;;;;49.82688;24.04354;;;;;;;;;;;
2023-10-08;18:10:00;неділя;місто;Львів;Залізничний;вулиця;Городоцька;226;;наїзд на пішохода - на нерегульованому пішохідному переході;невиконання вимог сигналів регулювання;2;без ушкоджень;легко травмований;;;;;;;;49.827339;23.949782;;;;;;;;;;;
2023-10-12;12:10:00;четвер;місто;Львів;Личаківський;вулиця;Зелена;49;;наїзд на велосипедиста - велосипедист рухався у попутному напрямку;недодержання дистанції;2;без ушкоджень;легко травмований;;;;;;;;49.832238;24.041696;;;;;;;;;;;
2023-10-16;9:15:00;понеділок;село;Малехів;Шевченківський;вулиця;Шевченка;60;;наїзд на пішохода - пішохід рухався у попутному напрямку;недодержання дистанції;2;без ушкоджень;легко травмований;;;;;;;;49.886807;24.068878;;;;;;;;;;;
2023-10-09;8:25:00;понеділок;місто;Львів;Залізничний;вулиця;Повітряна;19;;наїзд на пішохода - на нерегульованому пішохідному переході;неочікуваний вихід на проїзну частину;2;без ушкоджень;легко травмований;;;;;;;;49.845825;23.982237;;;;;;;;;;;
2023-10-27;14:16:00;п'ятниця;місто;Львів;Личаківський;вулиця;Польова;55;;зіткнення лобове;недодержання дистанції, перевищення безпечної швидкості;2;без ушкоджень;легко травмований;;;;;;;;49.860272;24.063653;;;;;;;;;;;
2023-10-10;14:01:00;вівторок;місто;Львів;Залізничний;вулиця;Кульпарківська;;вул. Кульпарківська - вул. Ранкова;наїзд на інші види перешкод;порушення правил маневрування;2;без ушкоджень;легко травмований;;;;;;;;49.818338;23.98753;;;;;;;;;;;
2023-11-03;16:01:00;п'ятниця;місто;Львів;Франківський;вулиця;Антоновича В.;;вул. Антоновича В. - вул. Кульпарківська;зіткнення лобове;невиконання вимог сигналів регулювання;3;без ушкоджень;без ушкоджень;легко травмований;;;;;;;49.82809;23.990209;;;;;;;;;;;
2023-10-12;22:01:00;четвер;місто;Львів;Шевченківський;проспект;Чорновола В., просп.;12;;наїзд на пішохода - стояв на проїздній частині;перевищення безпечної швидкості, керування транспортним засобом у нетверезому стані;2;без ушкоджень;тяжко травмований;;;;;;;;49.856288;24.02195;;;;;;;;;;;
2023-10-12;15:25:00;четвер;село;Лисиничі;Личаківський;вулиця;Хмельницького Б.;9б;;наїзд на велосипедиста - велосипедист рухався у попутному напрямку;порушення правил маневрування;2;без ушкоджень;легко травмований;;;;;;;;49.834692;24.119577;;;;;;;;;;;
2023-10-09;7:51:00;понеділок;місто;Львів;Сихівський;вулиця;Ярославенка Я.;26;;наїзд на велосипедиста - велосипедист рухався у попутному напрямку;порушення правил маневрування;2;без ушкоджень;легко травмований;;;;;;;;49.819922;24.03226;;;;;;;;;;;
2023-12-14;14:12:00;четвер;місто;Львів;Франківський;вулиця;Княгині Ольги;3;;наїзд на пішохода - пішохід рухався у попутному напрямку;порушення правил маневрування;2;без ушкоджень;легко травмований;;;;;;;;49.823778;24.007605;;;;;;;;;;;
2023-12-16;19:01:00;субота;місто;Львів;Шевченківський;вулиця;Липинського В.;54;;зіткнення з задньою частиною тз;недодержання дистанції, порушення правил маневрування;2;без ушкоджень;легко травмований;;;;;;;;49.864896;24.041219;;;;;;;;;;;
2023-12-26;18:55:00;вівторок;місто;Львів;Сихівський;вулиця;Коломийська;16а;;наїзд на транспортний засіб, що стоїть - по ходу руху;перевищення безпечної швидкості, недодержання дистанції;2;без ушкоджень;легко травмований;;;;;;;;49.787495;24.065149;;;;;;;;;;;
2023-12-21;21:40:00;четвер;місто;Львів;Франківський;вулиця;Володимира Великого;51;;зіткнення лобове;перевищення безпечної швидкості, керування транспортним засобом у нетверезому стані;5;без ушкоджень;без ушкоджень;без ушкоджень;легко травмований;легко травмований;;;;;49.810199;24.002193;;;;;;;;;;;
2023-12-15;12:31:00;п'ятниця;місто;Львів;Франківський;вулиця;Чупринки Т., ген.;7;;наїзд на пішохода - пішохід рухався у попутному напрямку;перевищення безпечної швидкості;2;без ушкоджень;легко травмований;;;;;;;;49.833578;24.014542;;;;;;;;;;;
2023-12-26;17:45:00;вівторок;місто;Львів;Залізничний;вулиця;Шевченка Т.;111а;;наїзд на пішохода - пішохід переходив дорогу поза межами піш.переходу;перехід у невстановленому місці;2;без ушкоджень;легко травмований;;;;;;;;49.851086;23.991716;;;;;;;;;;;
2023-12-21;10:01:00;четвер;місто;Львів;Франківський;вулиця;Кульпарківська;93;;наїзд на пішохода - стояв на проїздній частині;виїзд на смугу зустрічного руху;2;без ушкоджень;легко травмований;;;;;;;;49.823764;23.989345;;;;;;;;;;;
2023-12-27;22:30:00;середа;місто;Львів;Шевченківський;вулиця;Липинського В.;;вул. Липинського В. - вул. Замарстинівська;зіткнення бокове;порушення правил проїзду перехресть;3;легко травмований;легко травмований;легко травмований;;;;;;;49.86004;24.026758;;;;;;;;;;;
2023-12-12;12:09:00;вівторок;місто;Львів;Франківський;вулиця;Чупринки Т., ген.;;вул. Чупринки Т., ген. - вул. Левинського І.;зіткнення бокове;керування транспортним засобом у нетверезому стані, порушення правил проїзду перехресть;2;легко травмований;легко травмований;;;;;;;;49.831457;24.010229;;;;;;;;;;;
2023-12-15;12:55:00;п'ятниця;місто;Львів;Сихівський;вулиця;Гашека Я.;17;;наїзд на пішохода - на регульованому пішохідному переході;порушення правил маневрування;2;без ушкоджень;помер у лікарні протягом 30 діб;;;;;;;;49.797313;24.019949;;;;;;;;;;;
2023-12-25;18:16:00;понеділок;місто;Львів;Залізничний;вулиця;Чернівецька;9;;наїзд на пішохода - на нерегульованому пішохідному переході;порушення правил проїзду пішохідних переходів;2;без ушкоджень;легко травмований;;;;;;;;49.837515;23.999258;;;;;;;;;;;
2023-12-22;11:46:00;п'ятниця;місто;Львів;Шевченківський;вулиця;Брюховицька;;вул. Брюховицька - вул. Ряснянська;зіткнення лобове;порушення правил проїзду перехресть;3;без ушкоджень;без ушкоджень;легко травмований;;;;;;;49.8703;23.965538;;;;;;;;;;;
2023-12-24;19:53:00;неділя;місто;Львів;Залізничний;вулиця;Зоряна;;вул. Любінська - вул. Зоряна;наїзд на пішохода - на нерегульованому пішохідному переході;порушення правил проїзду пішохідних переходів;2;без ушкоджень;легко травмований;;;;;;;;49.825131021245255;23.979325775071768;;;;;;;;;;;
2023-12-06;21:20:00;середа;місто;Львів;Сихівський;вулиця;Хоткевича Г.;;вул. Хоткевича Г. - просп. Святого Івана Павла ІІ;зіткнення з задньою частиною тз;порушення правил маневрування, керування транспортним засобом у нетверезому стані;3;без ушкоджень;без ушкоджень;легко травмований;;;;;;;49.800415;24.040189;;;;;;;;;;;
2023-12-15;7:06:00;п'ятниця;місто;Львів;Залізничний;вулиця;Городоцька;120;;наїзд на пішохода - пішохід рухався у попутному напрямку;неочікуваний вихід на проїзну частину;2;без ушкоджень;легко травмований;;;;;;;;49.834941;23.992596;;;;;;;;;;;
2023-12-17;21:33:00;неділя;місто;Львів;Залізничний;площа;Двірцева, пл.;1;;наїзд на пішохода - на нерегульованому пішохідному переході;порушення правил проїзду пішохідних переходів;2;без ушкоджень;помер на місці дтп;;;;;;;;49.839311;23.994945;;;;;;;;;;;
2023-12-13;19:55:00;середа;місто;Винники;Личаківський;вулиця;Івасюка В.;42а;;зіткнення лобове;перевтома, сон за кермом, виїзд на смугу зустрічного руху, порушення правил маневрування;2;легко травмований;легко травмований;;;;;;;;49.82194;24.137165;;;;;;;;;;;
2023-12-20;6:32:00;середа;місто;Львів;Залізничний;вулиця;Городоцька;280;;наїзд на пішохода - на нерегульованому пішохідному переході;порушення правил проїзду пішохідних переходів;2;без ушкоджень;помер у лікарні протягом 30 діб;;;;;;;;49.823674;23.93002;;;;;;;;;;;
2023-12-29;19:30:00;п'ятниця;місто;Львів;Галицький;вулиця;Хмельницького Б.;8;;наїзд на пішохода - пішохід рухався у попутному напрямку;порушення правил маневрування;2;без ушкоджень;легко травмований;;;;;;;;49.845531;24.02946;;;;;;;;;;;
2023-12-28;13:35:00;четвер;місто;Львів;Франківський;вулиця;Тролейбусна;8;;наїзд на пішохода - на нерегульованому пішохідному переході;порушення правил проїзду пішохідних переходів;2;без ушкоджень;легко травмований;;;;;;;;49.806189;24.007147;;;;;;;;;;;
2023-12-21;14:01:00;четвер;місто;Львів;Шевченківський;вулиця;Панча П.;5;;наїзд на пішохода - пішохід переходив дорогу поза межами піш.переходу;перехід у невстановленому місці;2;без ушкоджень;легко травмований;;;;;;;;49.861341;24.012787;;;;;;;;;;;
2023-12-13;18:01:00;середа;місто;Львів;Франківський;вулиця;Володимира Великого;;вул. Володимира Великого - вул. Куровця І. - Т.;зіткнення лобове;перевищення безпечної швидкості, порушення правил проїзду перехресть;3;без ушкоджень;легко травмований;легко травмований;;;;;;;49.811342;23.990616;;;;;;;;;;;
2023-12-26;22:40:00;вівторок;місто;Львів;Личаківський;вулиця;Тарнавського М., ген.;33;;наїзд на пішохода - на нерегульованому пішохідному переході;порушення правил проїзду пішохідних переходів;3;без ушкоджень;легко травмований;легко травмований;;;;;;;49.830053;24.039639;;;;;;;;;;;
2023-12-22;22:22:00;п'ятниця;місто;Львів;Шевченківський;вулиця;Шевченка Т.;;вул. Шевченка Т. - вул. о. Омеляна Ковча;наїзд на інші види перешкод;перевищення безпечної швидкості;1;легко травмований;;;;;;;;;49.853397;23.986749;;;;;;;;;;;
2023-12-27;11:54:00;середа;місто;Львів;Залізничний;вулиця;Патона Є.;1;;наїзд на пішохода - пішохід рухався у попутному напрямку;порушення правил маневрування;2;без ушкоджень;легко травмований;;;;;;;;49.824456;23.949246;;;;;;;;;;;
2023-12-28;14:16:00;четвер;місто;Львів;Залізничний;вулиця;Виговського І.;100;;зіткнення лобове;порушення правил проїзду перехресть;2;без ушкоджень;легко травмований;;;;;;;;49.813176;23.984624;;;;;;;;;;;
2023-12-28;16:12:00;четвер;місто;Львів;Франківський;вулиця;Наукова;3;;наїзд на велосипедиста - велосипедист рухався у попутному напрямку;порушення правил маневрування;1;легко травмований;;;;;;;;;49.802372;24.012691;;;;;;;;;;;
2023-12-20;19:18:00;середа;місто;Дубляни;Шевченківський;вулиця;Київська;7;;зіткнення з задньою частиною тз;порушення правил проїзду перехресть;2;без ушкоджень;легко травмований;;;;;;;;49.891611;24.09335;;;;;;;;;;;
2023-12-05;17:01:00;вівторок;місто;Львів;Личаківський;вулиця;Студентська;2;;наїзд на пішохода - пішохід рухався у попутному напрямку;порушення правил маневрування;2;без ушкоджень;легко травмований;;;;;;;;49.829367;24.045752;;;;;;;;;;;
2023-12-29;11:53:00;п'ятниця;місто;Львів;Личаківський;вулиця;Пасічна;;вул. Пасічна - вул. Китайська;зіткнення бокове;порушення правил проїзду перехресть;4;без ушкоджень;без ушкоджень;без ушкоджень;легко травмований;;;;;;49.821802;24.075379;;;;;;;;;;;
2023-12-29;22:05:00;п'ятниця;місто;Львів;Сихівський;вулиця;Луганська;18;;зіткнення бокове;порушення правил маневрування;3;без ушкоджень;без ушкоджень;легко травмований;;;;;;;49.808887;24.043992;;;;;;;;;;;
2023-12-07;20:24:00;четвер;місто;Львів;Личаківський;вулиця;Пластова;10;;зіткнення лобове;перевищення безпечної швидкості, недодержання дистанції;2;легко травмований;легко травмований;;;;;;;;49.858415;24.084027;;;;;;;;;;;
2023-12-19;20:06:00;вівторок;місто;Львів;Шевченківський;вулиця;Липинського В.;28;;наїзд на велосипедиста - велосипедист рухався у попутному напрямку;порушення правил маневрування, порушення правил проїзду перехресть;2;без ушкоджень;легко травмований;;;;;;;;49.86207;24.029117;;;;;;;;;;;
2023-12-21;18:46:00;четвер;місто;Львів;Шевченківський;вулиця;Єрошенка В.;;вул. Єрошенка В. - вул. Клепарівська;зіткнення з задньою частиною тз;недодержання дистанції;3;без ушкоджень;легко травмований;легко травмований;;;;;;;49.854268;24.014391;;;;;;;;;;;
2023-12-17;19:30:00;неділя;місто;Львів;Шевченківський;вулиця;Єрошенка В.;9;;наїзд на пішохода - на нерегульованому пішохідному переході;порушення правил проїзду пішохідних переходів;3;без ушкоджень;легко травмований;легко травмований;;;;;;;49.85451;24.002314;;;;;;;;;;;
2023-12-21;16:17:00;четвер;місто;Львів;Шевченківський;вулиця;Шевченка Т.;335;;наїзд на інші види перешкод;порушення правил маневрування;1;легко травмований;;;;;;;;;49.865452;23.958081;;;;;;;;;;;
2023-12-17;0:02:00;неділя;місто;Львів;Франківський;вулиця;Володимира Великого;;вул. Володимира Великого - вул. Караффи-Корбут С.;наїзд на пішохода - на регульованому пішохідному переході;порушення правил маневрування;2;без ушкоджень;легко травмований;;;;;;;;49.810697;23.997231;;;;;;;;;;;
2023-12-22;7:15:00;п'ятниця;місто;Львів;Сихівський;проспект;Святого Івана Павла ІІ, просп.;22а;;наїзд на пішохода - на регульованому пішохідному переході;порушення правил проїзду пішохідних переходів;2;без ушкоджень;тяжко травмований;;;;;;;;49.799917;24.035028;;;;;;;;;;;
2023-12-11;10:01:00;понеділок;місто;Львів;Галицький;вулиця;Коперника М.;5;;наїзд на пішохода - пішохід переходив дорогу поза межами піш.переходу;перехід у невстановленому місці;2;без ушкоджень;легко травмований;;;;;;;;49.839062;24.027668;;;;;;;;;;;
2023-12-16;14:01:00;субота;місто;Львів;Сихівський;вулиця;Вашингтона Дж.;8г;;наїзд на пішохода - пішохід рухався у попутному напрямку;недодержання дистанції;2;без ушкоджень;легко травмований;;;;;;;;49.814945;24.073765;;;;;;;;;;;
2023-12-08;10:53:00;п'ятниця;місто;Львів;Франківський;вулиця;Симоненка В.;22;;зіткнення бокове;порушення правил маневрування;3;легко травмований;легко травмований;легко травмований;;;;;;;49.806183;23.986614;;;;;;;;;;;
2023-12-25;16:58:00;понеділок;місто;Львів;Шевченківський;вулиця;Миколайчука І.;32;;наїзд на пішохода - на нерегульованому пішохідному переході;порушення правил маневрування;2;без ушкоджень;легко травмований;;;;;;;;49.879717;24.035581;;;;;;;;;;;
2023-12-22;10:29:00;п'ятниця;місто;Львів;Личаківський;вулиця;Хмельницького Б.;214;;зіткнення з задньою частиною тз;перевищення безпечної швидкості, недодержання дистанції;3;без ушкоджень;без ушкоджень;легко травмований;;;;;;;49.869567;24.057044;;;;;;;;;;;
2023-12-05;10:39:00;вівторок;місто;Львів;Франківський;вулиця;Лазаренка Є., акад.;1а;;наїзд на пішохода - пішохід рухався у попутному напрямку;недодержання дистанції;2;без ушкоджень;легко травмований;;;;;;;;49.814339;24.019133;;;;;;;;;;;
2023-12-31;16:05:00;неділя;місто;Львів;Галицький;вулиця;Городоцька;39;;зіткнення бокове;порушення правил проїзду перехресть;3;без ушкоджень;без ушкоджень;легко травмований;;;;;;;49.842931;24.02036;;;;;;;;;;;
2023-12-27;6:01:00;середа;місто;Львів;Сихівський;вулиця;Гориня М.;17;;наїзд на пішохода - на нерегульованому пішохідному переході;порушення правил проїзду перехресть;2;без ушкоджень;легко травмований;;;;;;;;49.787443;24.052621;;;;;;;;;;;
2024-01-20;13:08:00;субота;місто;Львів;Сихівський;вулиця;Стрийська;45;;зіткнення бокове;порушення правил маневрування, порушення правил проїзду перехресть;5;легко травмований;легко травмований;легко травмований;легко травмований;легко травмований;;;;;49.806862;24.019042;;;;;;;;;;;
2024-01-20;13:05:00;субота;місто;Львів;Франківський;вулиця;Наукова;55;;наїзд на пішохода - на регульованому пішохідному переході;пішоходи невиконання вимог сигналів регулювання;2;без ушкоджень;помер на місці дтп;;;;;;;;49.805076;23.985938;;;;;;;;;;;
2024-01-23;8:31:00;вівторок;місто;Львів;Шевченківський;вулиця;Мазепи І., гетьм.;1;;зіткнення лобове;порушення правил маневрування;1;легко травмований;;;;;;;;;49.869788;24.027228;;;;;;;;;;;
2024-01-23;9:45:00;вівторок;місто;Львів;Сихівський;вулиця;Демнянська;4;;зіткнення з задньою частиною тз;перевищення безпечної швидкості;2;без ушкоджень;легко травмований;;;;;;;;49.79946;24.030849;;;;;;;;;;;
2024-02-16;10:20:00;п'ятниця;місто;Львів;Галицький;вулиця;Папарівка;14;;наїзд на інші види перешкод;перевищення безпечної швидкості;1;легко травмований;;;;;;;;;49.851678;24.037018;;;;;;;;;;;
2024-01-12;18:26:00;п'ятниця;місто;Львів;Франківський;вулиця;Київська;31;;зіткнення з задньою частиною тз;недодержання дистанції;2;без ушкоджень;легко травмований;;;;;;;;49.833678;24.007133;;;;;;;;;;;
2024-02-09;21:40:00;п'ятниця;місто;Львів;Сихівський;вулиця;Зубрівська;77а;;падіння пасажира;порушення техніки безпеки пасажиром;2;без ушкоджень;легко травмований;;;;;;;;49.794449;24.059941;;;;;;;;;;;
2024-01-18;17:50:00;четвер;місто;Львів;Шевченківський;вулиця;Шевченка Т.;80;;наїзд на пішохода - на нерегульованому пішохідному переході;неочікуваний вихід на проїжджу частину;2;без ушкоджень;легко травмований;;;;;;;;49.84678;24.004472;;;;;;;;;;;
2024-01-26;18:45:00;п'ятниця;село;Гряда;Шевченківський;;;;М09;зіткнення з задньою частиною тз;порушення швидкості руху;4;без ушкоджень;без ушкоджень;легко травмований;легко травмований;;;;;;49.933147;24.051315;;;;;;;;;;;
2024-01-28;14:30:00;неділя;місто;Львів;Залізничний;вулиця;Кульпарківська;111;;наїзд на пішохода - на нерегульованому пішохідному переході;порушення правил проїзду нерегульованих пішохідних переходів;2;без ушкоджень;легко травмований;;;;;;;;49.813187;23.983305;;;;;;;;;;;
2024-02-03;20:01:00;субота;місто;Львів;Франківський;вулиця;Наукова;112;;наїзд на пішохода - на нерегульованому пішохідному переході;порушення правил проїзду пішохідних переходів;3;без ушкоджень;легко травмований;легко травмований;;;;;;;49.80491;23.98664;;;;;;;;;;;
2024-01-29;22:40:00;понеділок;місто;Львів;Сихівський;вулиця;Навроцького В.;33;;зіткнення лобове;порушення правил маневрування;3;без ушкоджень;тяжко травмований;тяжко травмований;;;;;;;49.811134;24.051808;;;;;;;;;;;
2024-02-14;23:46:00;середа;місто;Львів;Шевченківський;вулиця;Липинського В.;54б;;зіткнення з задньою частиною тз;перевищення безпечної швидкості, недодержання дистанції;4;без ушкоджень;без ушкоджень;без ушкоджень;легко травмований;;;;;;49.865279;24.0447;;;;;;;;;;;
2024-02-15;14:35:00;четвер;місто;Львів;Шевченківський;вулиця;Мазепи І., гетьм.;14;;зіткнення з задньою частиною тз;порушення правил маневрування;2;без ушкоджень;легко травмований;;;;;;;;49.870421;24.033483;;;;;;;;;;;
2024-01-29;18:45:00;понеділок;місто;Львів;Шевченківський;вулиця;Хмельницького Б.;;;падіння пасажира;порушення правил маневрування;2;без ушкоджень;легко травмований;;;;;;;;49.85778851370144;24.04705564620365;;;;;;;;;;;
2024-01-29;16:35:00;понеділок;місто;Львів;Галицький;вулиця;Митрополита Андрея;13;;наїзд на пішохода - на нерегульованому пішохідному переході;порушення правил проїзду пішохідних переходів;2;без ушкоджень;легко травмований;;;;;;;;49.836062;24.009354;;;;;;;;;;;