accidentDate;accidentTime;accidentDay;settlementType;settlement;district;streetType;streetName;houseNumber;locationComments;accidentType;mainAccidentCause;totalParticipantsAmount;injuryStatusParticipant1;injuryStatusParticipant2;injuryStatusParticipant3;injuryStatusParticipant4;injuryStatusParticipant5;injuryStatusParticipant6;injuryStatusParticipant7;injuryStatusParticipant8;injuryStatusParticipant9;latitude;longitude;injuryStatusParticipant10;injuryStatusParticipant11;injuryStatusParticipant12;injuryStatusParticipant13;injuryStatusParticipant14;injuryStatusParticipant15;injuryStatusParticipant16;injuryStatusParticipant17;injuryStatusParticipant18;injuryStatusParticipant19;injuryStatusParticipant20
2024-01-30;12:20:00;вівторок;місто;Львів;Франківський;вулиця;Чупринки Т., ген.;115;;наїзд на пішохода - пішохід переходив дорогу поза межами піш. переходу;неочікуваний вихід на проїжджу частину;2;без ушкоджень;легко травмований;;;;;;;;49.823224;24.000299;;;;;;;;;;;
2024-02-08;17:25:00;четвер;місто;Львів;Залізничний;вулиця;Патона Є.;7а;;наїзд на пішохода - на нерегульованому пішохідному переході;порушення правил проїзду пішохідних переходів;2;без ушкоджень;легко травмований;;;;;;;;49.822619;23.966063;;;;;;;;;;;
2024-01-23;8:12:00;вівторок;місто;Львів;Шевченківський;вулиця;Жовківська;1;;наїзд на пішохода - пішохід переходив дорогу поза межами піш. переходу;перехід пішоходів у невстановленому місці;2;без ушкоджень;помер на місці дтп;;;;;;;;49.852242;24.032379;;;;;;;;;;;
2024-01-16;18:52:00;вівторок;місто;Львів;Галицький;вулиця;Озаркевича Є.;12;;наїзд на пішохода - пішохід рухався у попутному напрямку;порушення правил маневрування;2;без ушкоджень;легко травмований;;;;;;;;49.838083;24.012364;;;;;;;;;;;
2024-02-11;9:50:00;неділя;місто;Львів;Галицький;вулиця;Болгарська;;вул. Болгарська - вул. Вітовського Д.;зіткнення бокове;порушення правил проїзду перехресть;4;без ушкоджень;легко травмований;легко травмований;легко травмований;;;;;;49.830173;24.023718;;;;;;;;;;;
2024-01-16;9:33:00;вівторок;місто;Львів;Шевченківський;вулиця;Шевченка Т.;31;;наїзд на пішохода - на регульованому пішохідному переході;пішоходи невиконання вимог сигналів регулювання;2;без ушкоджень;легко травмований;;;;;;;;49.845829;24.007021;;;;;;;;;;;
2024-01-23;14:39:00;вівторок;місто;Львів;Франківський;вулиця;Окружна;;вул. Окружна - вул. Любінська;наїзд на пішохода - пішохід рухався у попутному напрямку;порушення правил проїзду перехресть;2;без ушкоджень;легко травмований;;;;;;;;49.827107;23.982747;;;;;;;;;;;
2024-02-08;19:01:00;четвер;місто;Львів;Сихівський;вулиця;Трильовського К.;;вул. Трильовського К. - вул. Коломийська;наїзд на пішохода - на регульованому пішохідному переході;порушення правил проїзду нерегульованих пішохідних переходів;2;без ушкоджень;легко травмований;;;;;;;;49.787693;24.066389;;;;;;;;;;;
2024-02-10;16:09:00;субота;місто;Львів;Франківський;площа;Липнева, пл.;3;;наїзд на пішохода - пішохід рухався у попутному напрямку;перехід пішоходів у невстановленому місці;2;без ушкоджень;легко травмований;;;;;;;;49.834401;24.002262;;;;;;;;;;;
2024-02-01;13:03:00;четвер;місто;Львів;Галицький;вулиця;Городоцька;35;;наїзд на пішохода - на нерегульованому пішохідному переході;порушення правил проїзду пішохідних переходів, керування транспортним засобом у нетверезому стані;2;без ушкоджень;легко травмований;;;;;;;;49.843058;24.021081;;;;;;;;;;;
2024-01-17;11:20:00;середа;місто;Львів;Сихівський;проспект;Святого Івана Павла ІІ, просп.;4б;;зіткнення з задньою частиною тз;недодержання дистанції;3;без ушкоджень;без ушкоджень;легко травмований;;;;;;;49.799899;24.026504;;;;;;;;;;;
2024-01-20;17:45:00;субота;місто;Львів;Сихівський;вулиця;Пасічна;167;;зіткнення з задньою частиною тз;порушення правил маневрування;2;без ушкоджень;легко травмований;;;;;;;;49.807063;24.065643;;;;;;;;;;;
2024-01-23;7:01:00;вівторок;місто;Львів;Шевченківський;вулиця;Жовківська;28;;наїзд на пішохода - пішохід рухався у попутному напрямку;перевищення безпечної швидкості;2;без ушкоджень;легко травмований;;;;;;;;49.858291;24.038038;;;;;;;;;;;
2024-02-05;18:30:00;понеділок;місто;Львів;Залізничний;вулиця;Любінська;96;;наїзд на пішохода - на нерегульованому пішохідному переході;порушення правил проїзду пішохідних переходів;2;без ушкоджень;легко травмований;;;;;;;;49.823619;23.976245;;;;;;;;;;;
2024-01-25;7:15:00;четвер;місто;Львів;Галицький;вулиця;Городоцька;42;;наїзд на пішохода - пішохід переходив дорогу поза межами піш. переходу;перехід у невстановленому місці;2;без ушкоджень;легко травмований;;;;;;;;49.840695;24.013399;;;;;;;;;;;
2024-02-07;20:40:00;середа;місто;Львів;Залізничний;вулиця;Головатого А.;17;;наїзд на пішохода - пішохід рухався у попутному напрямку;перехід пішоходів у невстановленому місці;2;без ушкоджень;легко травмований;;;;;;;;49.826055;23.968064;;;;;;;;;;;
2024-02-06;13:34:00;вівторок;місто;Львів;Франківський;вулиця;Володимира Великого;;вул. Володимира Великого - вул. Янева В.;перекидання тз;перевищення безпечної швидкості;1;легко травмований;;;;;;;;;49.808998;24.011747;;;;;;;;;;;
2024-01-17;23:45:00;середа;місто;Львів;Галицький;вулиця;Джерельна;28;;наїзд на пішохода - пішохід рухався у попутному напрямку;порушення правил маневрування;2;без ушкоджень;легко травмований;;;;;;;;49.848267;24.020303;;;;;;;;;;;
2024-02-07;19:54:00;середа;місто;Львів;Сихівський;вулиця;Гориня М.;15а;;наїзд на пішохода - на нерегульованому пішохідному переході;порушення правил проїзду пішохідних переходів;2;без ушкоджень;легко травмований;;;;;;;;49.787814;24.05286;;;;;;;;;;;
2024-01-16;15:30:00;вівторок;місто;Львів;Франківський;вулиця;Володимира Великого;;вул. Володимира Великого - вул. Янева В.;зіткнення бокове;порушення правил проїзду перехресть;2;легко травмований;легко травмований;;;;;;;;49.809002;24.011768;;;;;;;;;;;
2024-01-13;21:01:00;субота;місто;Львів;Франківський;вулиця;Стрийська;204;;зіткнення бокове;порушення правил проїзду перехресть;4;без ушкоджень;легко травмований;легко травмований;легко травмований;;;;;;49.797874;24.016945;;;;;;;;;;;
2024-01-16;8:55:00;вівторок;місто;Львів;Шевченківський;вулиця;Замарстинівська;76;;наїзд на пішохода - пішохід рухався у попутному напрямку;порушення правил проїзду пішохідних переходів;2;без ушкоджень;легко травмований;;;;;;;;49.856554;24.027931;;;;;;;;;;;
2024-01-27;20:45:00;субота;місто;Львів;Залізничний;вулиця;Сяйво;9;;зіткнення бокове;виїзд на смугу зустрічного руху, керування транспортним засобом у нетверезому стані;2;без ушкоджень;легко травмований;;;;;;;;49.836149;23.976803;;;;;;;;;;;
2024-02-08;8:02:00;четвер;місто;Львів;Личаківський;вулиця;Левицького К.;19;;наїзд на пішохода - пішохід рухався у попутному напрямку;порушення правил маневрування;2;без ушкоджень;легко травмований;;;;;;;;49.835232;24.037893;;;;;;;;;;;
2024-01-23;18:55:00;вівторок;місто;Львів;Франківський;вулиця;Київська;;;падіння пасажира;порушення правил маневрування;2;без ушкоджень;легко травмований;;;;;;;;49.83330243738981;24.00926705484132;;;;;;;;;;;
2024-01-29;18:10:00;понеділок;місто;Львів;Галицький;вулиця;Січових Стрільців;;вул. Січових Стрільців - вул. Гнатюка В., акад.;наїзд на пішохода - на нерегульованому пішохідному переході;порушення правил проїзду пішохідних переходів;2;без ушкоджень;легко травмований;;;;;;;;49.841353;24.025873;;;;;;;;;;;
2024-02-06;11:15:00;вівторок;місто;Львів;Шевченківський;вулиця;Шевченка Т.;359;;наїзд на пішохода - на регульованому пішохідному переході;пішоходи невиконання вимог сигналів регулювання;2;без ушкоджень;легко травмований;;;;;;;;49.868132;23.951998;;;;;;;;;;;
2024-01-28;17:25:00;неділя;місто;Львів;Шевченківський;вулиця;Шевченка Т.;19;;наїзд на пішохода - на нерегульованому пішохідному переході;неочікуваний вихід на проїжджу частину;2;без ушкоджень;легко травмований;;;;;;;;49.84541;24.008276;;;;;;;;;;;
2024-01-18;13:17:00;четвер;місто;Львів;Сихівський;вулиця;Навроцького В.;23;;наїзд на інші види перешкод;інші порушення правил руху;2;без ушкоджень;легко травмований;;;;;;;;49.811283;24.052811;;;;;;;;;;;
2024-01-19;17:01:00;п'ятниця;місто;Львів;Франківський;вулиця;Русових;3;;зіткнення лобове;перевищення безпечної швидкості, недодержання дистанції, керування транспортним засобом у нетверезому стані;4;без ушкоджень;без ушкоджень;без ушкоджень;легко травмований;;;;;;49.834152;24.007597;;;;;;;;;;;
2024-01-24;11:30:00;середа;місто;Львів;Шевченківський;вулиця;Замарстинівська;54;;наїзд на пішохода - на нерегульованому пішохідному переході;порушення правил проїзду пішохідних переходів;2;без ушкоджень;легко травмований;;;;;;;;49.854217;24.028215;;;;;;;;;;;
2024-02-13;19:20:00;вівторок;місто;Львів;Галицький;площа;Старий Ринок, пл.;1;;зіткнення бокове;порушення правил проїзду перехресть, керування транспортним засобом у нетверезому стані, невиконання вимог сигналів регулювання;3;без ушкоджень;легко травмований;легко травмований;;;;;;;49.846503;24.029535;;;;;;;;;;;
2024-02-15;21:45:00;четвер;місто;Львів;Галицький;площа;Катедральна, пл.;2;;наїзд на пішохода - пішохід рухався у попутному напрямку;порушення швидкості руху;2;без ушкоджень;легко травмований;;;;;;;;49.840992;24.030163;;;;;;;;;;;
2024-01-12;15:02:00;п'ятниця;місто;Львів;Залізничний;вулиця;Городоцька;76;;зіткнення лобове;порушення правил маневрування;3;легко травмований;легко травмований;легко травмований;;;;;;;49.838636;24.008045;;;;;;;;;;;
2024-01-11;9:32:00;четвер;місто;Львів;Шевченківський;вулиця;Шевченка Т.;;"Магазин ""Сільпо""";падіння пасажира;порушення правил маневрування, невиконання вимог сигналів регулювання;2;без ушкоджень;легко травмований;;;;;;;;49.86848398426019;23.951060215342203;;;;;;;;;;;
2024-02-04;3:28:00;неділя;місто;Львів;Галицький;вулиця;Зелена;8;;наїзд на пішохода - пішохід рухався у попутному напрямку;перехід пішоходів у невстановленому місці;1;легко травмований;;;;;;;;;49.821151;24.055499;;;;;;;;;;;
2024-02-02;17:51:00;п'ятниця;місто;Львів;Сихівський;вулиця;Запорізька;27;;наїзд на пішохода - на регульованому пішохідному переході;порушення правил проїзду пішохідних переходів;2;без ушкоджень;легко травмований;;;;;;;;49.814457;24.03447;;;;;;;;;;;
2024-04-17;17:44:00;середа;місто;Львів;Франківський;вулиця;Стрийська;204;;зіткнення з задньою частиною тз;перевищення безпечної швидкості, недодержання дистанції;2;без ушкоджень;легко травмований;;;;;;;;49.798532;24.017074;;;;;;;;;;;
2024-04-05;21:54:00;п'ятниця;місто;Львів;Сихівський;проспект;Святого Івана Павла ІІ, просп.;23;;наїзд на велосипедиста - поза межами велосипедної доріжки;порушення правил проїзду перехресть;2;без ушкоджень;легко травмований;;;;;;;;49.80171;24.025233;;;;;;;;;;;
2024-04-21;18:30:00;неділя;місто;Львів;Сихівський;вулиця;Козельницька;;;наїзд на велосипедиста - велосипедист рухався у попутному напрямку;порушення правил маневрування;2;без ушкоджень;легко травмований;;;;;;;;49.81461427594241;24.02556911066612;;;;;;;;;;;
2024-04-09;19:15:00;вівторок;місто;Львів;Шевченківський;вулиця;Липинського В.;44;;наїзд на велосипедиста - велосипедист рухався у попутному напрямку;порушення правил маневрування;2;без ушкоджень;легко травмований;;;;;;;;49.863754;24.033907;;;;;;;;;;;
2024-04-01;13:20:00;понеділок;місто;Львів;Шевченківський;вулиця;Липинського В.;50б;;зіткнення лобове;недодержання дистанції;2;без ушкоджень;легко травмований;;;;;;;;49.864439;24.037426;;;;;;;;;;;
2024-04-11;10:39:00;четвер;місто;Львів;Залізничний;вулиця;Городоцька;99;;наїзд на пішохода - на нерегульованому пішохідному переході;порушення правил маневрування;2;без ушкоджень;легко травмований;;;;;;;;49.838851;24.008673;;;;;;;;;;;
2024-04-22;17:58:00;понеділок;місто;Львів;Галицький;вулиця;Коперника М.;;;падіння пасажира;порушення правил маневрування;2;без ушкоджень;легко травмований;;;;;;;;49.8368721676146;24.02392381435545;;;;;;;;;;;
2024-04-25;15:26:00;четвер;місто;Львів;Залізничний;вулиця;Кульчицької О.;12;;наїзд на пішохода - пішохід переходив дорогу поза межами піш. переходу;перехід у невстановленому місці;2;без ушкоджень;легко травмований;;;;;;;;49.818206;23.975971;;;;;;;;;;;
2024-04-26;21:50:00;п'ятниця;місто;Львів;Шевченківський;вулиця;Хмельницького Б.;;вул. Хмельницького Б. - вул. Грінченка Б.;зіткнення з задньою частиною тз;порушення правил проїзду перехресть;3;без ушкоджень;легко травмований;легко травмований;;;;;;;49.86982801961752;24.057139060960694;;;;;;;;;;;
2024-04-29;16:01:00;понеділок;місто;Львів;Залізничний;вулиця;Шевченка Т.;31;;зіткнення з задньою частиною тз;порушення правил маневрування, порушення правил обгону, виїзд на смугу зустрічного руху;3;без ушкоджень;легко травмований;легко травмований;;;;;;;49.845877;24.006849;;;;;;;;;;;
2024-03-28;23:14:00;четвер;місто;Львів;Шевченківський;вулиця;Грінченка Б.;1;;наїзд на пішохода - на нерегульованому пішохідному переході;порушення правил під час руху заднім ходом;1;легко травмований;;;;;;;;;49.87095497189726;24.054571942175617;;;;;;;;;;;
2024-04-16;23:47:00;вівторок;місто;Львів;Галицький;вулиця;Вітовського Д.;;;наїзд на пішохода - пішохід на зупинці громадського транспорту;порушення правил маневрування;2;без ушкоджень;легко травмований;;;;;;;;49.830554;24.022443;;;;;;;;;;;
2024-04-29;8:04:00;понеділок;місто;Львів;Франківський;вулиця;Пулюя І.;24;;наїзд на пішохода - на нерегульованому пішохідному переході;порушення правил проїзду пішохідних переходів;2;без ушкоджень;легко травмований;;;;;;;;49.801378;23.98331;;;;;;;;;;;
2024-04-26;22:32:00;п'ятниця;місто;Львів;Галицький;вулиця;Зелена;24;;наїзд на пішохода - на нерегульованому пішохідному переході;порушення правил маневрування;2;без ушкоджень;легко травмований;;;;;;;;49.821161;24.055451;;;;;;;;;;;
2024-04-19;16:20:00;п'ятниця;місто;Львів;Сихівський;вулиця;Луганська;3;;наїзд на пішохода - на нерегульованому пішохідному переході;порушення правил проїзду пішохідних переходів;2;без ушкоджень;легко травмований;;;;;;;;49.807732565037085;24.05256212999208;;;;;;;;;;;
2024-04-13;17:23:00;субота;місто;Львів;Франківський;вулиця;Наукова;64;;наїзд на пішохода - на нерегульованому пішохідному переході;порушення правил маневрування;2;без ушкоджень;легко травмований;;;;;;;;49.804574;23.992655;;;;;;;;;;;
2024-04-07;12:10:00;неділя;місто;Львів;Франківський;вулиця;Княгині Ольги;;;наїзд на велосипедиста - велосипедист рухався у попутному напрямку;перевищення безпечної швидкості;2;без ушкоджень;легко травмований;;;;;;;;49.823543;24.007078;;;;;;;;;;;
2024-04-16;14:06:00;вівторок;місто;Львів;Франківський;вулиця;Наукова;29;;наїзд на пішохода - на нерегульованому пішохідному переході;порушення правил маневрування;2;без ушкоджень;легко травмований;;;;;;;;49.804387;23.99295;;;;;;;;;;;
2024-04-01;23:25:00;понеділок;місто;Львів;Сихівський;вулиця;Стрийська;47;;наїзд на дорожний знак, бордюрний камінь;порушення правил маневрування, недодержання дистанції;1;легко травмований;;;;;;;;;49.801281;24.017969;;;;;;;;;;;
2024-04-09;14:35:00;вівторок;місто;Львів;Сихівський;вулиця;Зелена;204;;наїзд на пішохода - на нерегульованому пішохідному переході;порушення правил проїзду пішохідних переходів;2;без ушкоджень;легко травмований;;;;;;;;49.811404;24.061003;;;;;;;;;;;
2024-04-25;13:22:00;четвер;місто;Львів;Шевченківський;вулиця;Єрошенка В.;;вул. Єрошенка В. - вул. Золота;зіткнення бокове;порушення правил обгону;2;без ушкоджень;легко травмований;;;;;;;;49.850657;24.002445;;;;;;;;;;;
2024-04-29;16:01:00;понеділок;місто;Львів;Шевченківський;вулиця;Шевченка Т.;128;;зіткнення бокове;порушення правил маневрування;2;без ушкоджень;легко травмований;;;;;;;;49.850111;23.993958;;;;;;;;;;;
2024-04-11;18:27:00;четвер;місто;Львів;Залізничний;вулиця;Городоцька;302;;наїзд на пішохода - на нерегульованому пішохідному переході;порушення правил маневрування;2;без ушкоджень;легко травмований;;;;;;;;49.825494;23.912344;;;;;;;;;;;
2024-04-03;10:23:00;середа;місто;Львів;Сихівський;вулиця;Стрийська;;вул. Стрийська - вул. Мікльоша К.;зіткнення лобове;невиконання вимог сигналів регулювання;2;без ушкоджень;легко травмований;;;;;;;;49.783748;24.014214;;;;;;;;;;;
2024-04-20;5:45:00;субота;місто;Львів;Сихівський;проспект;Святого Івана Павла ІІ, просп.;;;наїзд на опори (ЛЕП, телефонних та телеграфних ліній, рекламоносіїв, щогли антен моб. зв'язку, тощо);порушення правил маневрування;1;легко травмований;;;;;;;;;49.801677;24.045644;;;;;;;;;;;
2024-05-01;16:20:00;середа;місто;Львів;Галицький;проспект;Свободи, просп.;;просп. Свободи - вул. Дорошенка П.;зіткнення з задньою частиною тз;порушення правил маневрування, невиконання вимог сигналів регулювання, порушення правил проїзду перехресть;2;без ушкоджень;легко травмований;;;;;;;;49.840508;24.027835;;;;;;;;;;;
2024-04-29;8:09:00;понеділок;місто;Львів;Франківський;вулиця;Стрийська;202;;наїзд на пішохода - пішохід на тротуарі чи велосипедній доріжці;порушення правил маневрування;2;без ушкоджень;легко травмований;;;;;;;;49.798677;24.015904;;;;;;;;;;;
2024-04-03;20:29:00;середа;місто;Львів;Личаківський;вулиця;Личаківська;;;наїзд на пішохода - на нерегульованому пішохідному переході;порушення правил проїзду перехресть;2;без ушкоджень;легко травмований;;;;;;;;49.836183;24.06714;;;;;;;;;;;
2024-04-20;15:50:00;субота;місто;Львів;Залізничний;вулиця;Щирецька;;;зіткнення з задньою частиною тз;порушення правил маневрування;2;легко травмований;легко травмований;;;;;;;;49.8094;23.98062;;;;;;;;;;;
2024-04-21;6:35:00;неділя;місто;Львів;Шевченківський;вулиця;Замарстинівська;186;;наїзд на інші види перешкод;порушення правил маневрування, перевищення безпечної швидкості;1;легко травмований;;;;;;;;;49.871873;24.017613;;;;;;;;;;;
2024-04-24;15:59:00;середа;місто;Львів;Галицький;вулиця;Замарстинівська;7;;зіткнення лобове;порушення правил маневрування;2;без ушкоджень;легко травмований;;;;;;;;49.847866;24.027958;;;;;;;;;;;
2024-05-01;22:01:00;середа;місто;Львів;Залізничний;вулиця;Городоцька;253;;зіткнення бокове;недодержання дистанції;3;без ушкоджень;без ушкоджень;легко травмований;;;;;;;49.830467;23.967592;;;;;;;;;;;
2024-04-05;8:15:00;п'ятниця;місто;Львів;Сихівський;проспект;Червоної Калини, просп.;62;;наїзд на пішохода - пішохід переходив дорогу поза межами піш. переходу;порушення правил проїзду пішохідних переходів;2;без ушкоджень;легко травмований;;;;;;;;49.795872;24.054099;;;;;;;;;;;
2024-04-05;14:50:00;п'ятниця;місто;Львів;Шевченківський;вулиця;Замарстинівська;233;;падіння пасажира;порушення правил маневрування;2;без ушкоджень;легко травмований;;;;;;;;49.874155;24.012991;;;;;;;;;;;
2024-04-29;14:30:00;понеділок;місто;Львів;Шевченківський;вулиця;Липинського В.;48;;зіткнення з задньою частиною тз;недодержання дистанції;2;легко травмований;легко травмований;;;;;;;;49.863153;24.032153;;;;;;;;;;;
2024-04-26;9:06:00;п'ятниця;місто;Львів;Франківський;вулиця;Єфремова С., акад.;;вул. Єфремова С., акад. - вул. Мельника А.;зіткнення бокове;порушення правил маневрування;2;без ушкоджень;легко травмований;;;;;;;;49.830443;24.004371;;;;;;;;;;;
2024-04-16;13:20:00;вівторок;місто;Львів;Сихівський;проспект;Святого Івана Павла ІІ, просп.;4б;;наїзд на пішохода - на нерегульованому пішохідному переході;перехід у невстановленому місці;2;без ушкоджень;легко травмований;;;;;;;;49.799494;24.030737;;;;;;;;;;;
2024-04-17;23:32:00;середа;місто;Львів;Личаківський;вулиця;Личаківська;16;;зіткнення з задньою частиною тз;порушення правил маневрування;3;без ушкоджень;без ушкоджень;легко травмований;;;;;;;49.839847;24.039958;;;;;;;;;;;
2024-04-07;12:41:00;неділя;місто;Львів;Франківський;вулиця;Кульпарківська;73;;наїзд на велосипедиста - велосипедист рухався у попутному напрямку;порушення правил проїзду перехресть;2;без ушкоджень;легко травмований;;;;;;;;49.825287;23.989763;;;;;;;;;;;
2024-04-08;12:30:00;понеділок;місто;Львів;Шевченківський;вулиця;Хмельницького Б.;76;;наїзд на пішохода - на нерегульованому пішохідному переході;порушення правил маневрування;2;без ушкоджень;легко травмований;;;;;;;;49.853096;24.035699;;;;;;;;;;;
2024-04-08;15:12:00;понеділок;місто;Львів;Шевченківський;вулиця;Липинського В.;;;падіння пасажира;порушення правил перевезення пасажирів;2;без ушкоджень;легко травмований;;;;;;;;49.863017955582215;24.03128361245105;;;;;;;;;;;
2024-04-27;17:04:00;субота;місто;Львів;Личаківський;вулиця;Личаківська;232;;зіткнення лобове;невиконання вимог сигналів регулювання;3;легко травмований;легко травмований;легко травмований;;;;;;;49.832862;24.090502;;;;;;;;;;;
2024-04-09;19:24:00;вівторок;місто;Винники;Личаківський;вулиця;Стрілецька;4;;наїзд на велосипедиста - велосипедист рухався у попутному напрямку;порушення правил маневрування, недодержання дистанції;2;легко травмований;легко травмований;;;;;;;;49.813069;24.142526;;;;;;;;;;;
2024-04-07;11:02:00;неділя;місто;Львів;Шевченківський;вулиця;Єрошенка В.;;вул. Єрошенка В. - вул. Золота;зіткнення з задньою частиною тз;недодержання дистанції, порушення правил маневрування;2;без ушкоджень;легко травмований;;;;;;;;49.850657;24.002359;;;;;;;;;;;
2024-05-01;11:10:00;середа;місто;Львів;Залізничний;вулиця;Повітряна;;вул. Повітряна - вул. Суботівська;зіткнення лобове;порушення правил проїзду перехресть;2;без ушкоджень;легко травмований;;;;;;;;49.844995;23.966726;;;;;;;;;;;
2024-04-21;12:14:00;неділя;місто;Львів;Личаківський;вулиця;Богданівська;44;;наїзд на велосипедиста - велосипедист рухався у попутному напрямку;порушення правил маневрування, порушення правил проїзду пішохідних переходів;2;без ушкоджень;легко травмований;;;;;;;;49.858685;24.07259;;;;;;;;;;;
2024-04-02;14:40:00;вівторок;місто;Львів;Залізничний;вулиця;Шевченка Т.;17;;наїзд на пішохода - пішохід рухався у попутному напрямку;перевищення безпечної швидкості;2;без ушкоджень;легко травмований;;;;;;;;49.844749;24.009236;;;;;;;;;;;
2024-04-30;13:01:00;вівторок;місто;Львів;Франківський;вулиця;Володимира Великого;125;;наїзд на пішохода - на нерегульованому пішохідному переході;порушення правил проїзду пішохідних переходів;2;без ушкоджень;легко травмований;;;;;;;;49.811861;23.985536;;;;;;;;;;;
2024-04-03;15:42:00;середа;місто;Львів;Сихівський;вулиця;Максимовича М.;1;;зіткнення бокове;порушення правил маневрування;2;без ушкоджень;легко травмований;;;;;;;;49.794188;24.01663;;;;;;;;;;;
2024-04-11;15:20:00;четвер;місто;Винники;Личаківський;вулиця;Галицька;57г;;падіння пасажира;порушення техніки безпеки пасажиром;2;без ушкоджень;легко травмований;;;;;;;;49.817361;24.144081;;;;;;;;;;;
2024-04-12;9:37:00;п'ятниця;місто;Львів;Сихівський;проспект;Червоної Калини, просп.;77;;зіткнення бокове;порушення правил маневрування;2;без ушкоджень;легко травмований;;;;;;;;49.795827;24.05522;;;;;;;;;;;
2024-04-04;13:14:00;четвер;місто;Львів;Сихівський;вулиця;Зелена;147;;наїзд на велосипедиста - поза межами велосипедної доріжки;порушення правил маневрування;2;без ушкоджень;легко травмований;;;;;;;;49.813606;24.06222;;;;;;;;;;;
2024-04-15;10:06:00;понеділок;місто;Львів;Франківський;вулиця;Стрийська;74;;зіткнення з задньою частиною тз;порушення правил маневрування;2;без ушкоджень;легко травмований;;;;;;;;49.820483;24.020362;;;;;;;;;;;
2024-04-12;21:40:00;п'ятниця;місто;Львів;Франківський;вулиця;Княгині Ольги;;вул. Княгині Ольги - вул. Музики Я.;наїзд на велосипедиста - велосипедист рухався у попутному напрямку;порушення правил маневрування;2;без ушкоджень;легко травмований;;;;;;;;49.814507;24.001135;;;;;;;;;;;
2024-04-30;19:36:00;вівторок;місто;Львів;Залізничний;вулиця;Городоцька;300;;наїзд на пішохода - на нерегульованому пішохідному переході;порушення правил проїзду нерегульованих пішохідних переходів;2;без ушкоджень;легко травмований;;;;;;;;49.821068;23.916373;;;;;;;;;;;
2024-04-29;18:16:00;понеділок;місто;Львів;Залізничний;вулиця;Кульпарківська;234;;зіткнення з задньою частиною тз;порушення правил маневрування;2;без ушкоджень;легко травмований;;;;;;;;49.806367;23.98155;;;;;;;;;;;
2024-04-27;22:51:00;субота;місто;Львів;Галицький;вулиця;Під Дубом;2а;;зіткнення лобове;порушення правил зупинки і стоянки транспортних засобів;3;без ушкоджень;без ушкоджень;легко травмований;;;;;;;49.850744;24.024315;;;;;;;;;;;
2024-04-03;12:10:00;середа;місто;Львів;Шевченківський;вулиця;Грінченка Б.;5;;наїзд на пішохода - пішохід переходив дорогу поза межами піш. переходу;перехід у невстановленому місці;2;без ушкоджень;легко травмований;;;;;;;;49.871427;24.053476;;;;;;;;;;;
2024-04-09;8:26:00;вівторок;місто;Львів;Залізничний;вулиця;Садова;;вул. Садова - вул. Петлюри С.;падіння пасажира;порушення правил перевезення пасажирів;2;без ушкоджень;легко травмований;;;;;;;;49.822335;23.979174;;;;;;;;;;;
2024-04-25;16:05:00;четвер;місто;Львів;Галицький;вулиця;Джерельна;41;;наїзд на пішохода - на нерегульованому пішохідному переході;перевищення безпечної швидкості, недодержання дистанції;2;без ушкоджень;легко травмований;;;;;;;;49.84916;24.020212;;;;;;;;;;;
2024-04-25;9:20:00;четвер;місто;Львів;Галицький;площа;Кропивницького М., пл.;5;;наїзд на пішохода - на нерегульованому пішохідному переході;порушення правил маневрування, порушення правил проїзду пішохідних переходів, порушення правил проїзду перехресть;2;без ушкоджень;легко травмований;;;;;;;;49.836702;24.00583;;;;;;;;;;;
2024-04-28;17:30:00;неділя;місто;Львів;Личаківський;вулиця;Медової Печери;39;;наїзд на пішохода - на нерегульованому пішохідному переході;неочікуваний вихід на проїжджу частину;2;без ушкоджень;легко травмований;;;;;;;;49.825764;24.077944;;;;;;;;;;;
2024-04-05;21:04:00;п'ятниця;місто;Львів;Галицький;вулиця;Снопківська;4;;перекидання тз;порушення правил маневрування;1;легко травмований;;;;;;;;;49.828304;24.034299;;;;;;;;;;;
2024-04-09;8:35:00;вівторок;місто;Львів;Личаківський;вулиця;Хмельницького Б.;267;;наїзд на велосипедиста - велосипедист рухався у попутному напрямку;порушення правил маневрування, порушення правил проїзду перехресть;2;без ушкоджень;легко травмований;;;;;;;;49.871164;24.05838;;;;;;;;;;;
2024-04-10;14:20:00;середа;місто;Львів;Сихівський;вулиця;Дністерська;5;;наїзд на пішохода - на нерегульованому пішохідному переході;порушення правил маневрування, керування транспортним засобом у нетверезому стані;2;без ушкоджень;легко травмований;;;;;;;;49.817696;24.055831;;;;;;;;;;;