accidentDate;accidentTime;accidentDay;settlementType;settlement;district;streetType;streetName;houseNumber;locationComments;accidentType;mainAccidentCause;totalParticipantsAmount;injuryStatusParticipant1;injuryStatusParticipant2;injuryStatusParticipant3;injuryStatusParticipant4;injuryStatusParticipant5;injuryStatusParticipant6;injuryStatusParticipant7;injuryStatusParticipant8;injuryStatusParticipant9;latitude;longitude;injuryStatusParticipant10;injuryStatusParticipant11;injuryStatusParticipant12;injuryStatusParticipant13;injuryStatusParticipant14;injuryStatusParticipant15;injuryStatusParticipant16;injuryStatusParticipant17;injuryStatusParticipant18;injuryStatusParticipant19;injuryStatusParticipant20
2024-04-16;8:40:00;вівторок;місто;Львів;Шевченківський;вулиця;Винниця;60;;зіткнення з задньою частиною тз;невиконання вимог сигналів регулювання, порушення правил проїзду перехресть;3;без ушкоджень;легко травмований;легко травмований;;;;;;;49.861769;23.99207;;;;;;;;;;;
2024-04-17;23:25:00;середа;місто;Львів;Залізничний;вулиця;Городоцька;218;;зіткнення з задньою частиною тз;порушення правил проїзду перехресть;2;легко травмований;легко травмований;;;;;;;;49.828958;23.958682;;;;;;;;;;;
2024-04-13;16:20:00;субота;місто;Львів;Сихівський;проспект;Святого Івана Павла ІІ, просп.;23;;наїзд на інші види перешкод;порушення правил маневрування;1;помер на місці дтп;;;;;;;;;49.80206;24.025388;;;;;;;;;;;
2024-04-04;11:49:00;четвер;місто;Львів;Галицький;вулиця;Зелена;22;;зіткнення бокове;порушення правил зупинки і стоянки транспортних засобів;2;без ушкоджень;легко травмований;;;;;;;;49.821158;24.055472;;;;;;;;;;;
2024-04-20;18:38:00;субота;місто;Львів;Залізничний;вулиця;Патона Є.;9;;наїзд на пішохода - на нерегульованому пішохідному переході;порушення правил проїзду пішохідних переходів;2;без ушкоджень;легко травмований;;;;;;;;49.82267;23.965382;;;;;;;;;;;
2024-04-21;21:50:00;неділя;місто;Львів;Личаківський;вулиця;Медової Печери;24;;зіткнення з задньою частиною тз;недодержання дистанції;2;без ушкоджень;легко травмований;;;;;;;;49.824721;24.078819;;;;;;;;;;;
2024-04-23;23:24:00;вівторок;місто;Львів;Залізничний;вулиця;Городоцька;217;;наїзд на пішохода - пішохід на тротуарі чи велосипедній доріжці;порушення правил маневрування;2;без ушкоджень;легко травмований;;;;;;;;49.829003;23.958929;;;;;;;;;;;
2024-04-01;16:06:00;понеділок;місто;Львів;Шевченківський;вулиця;Малоголосківська;;вул. Варшавська - вул. Малоголосківська;зіткнення лобове;порушення правил маневрування, недодержання дистанції;3;без ушкоджень;без ушкоджень;легко травмований;;;;;;;49.864851;24.008056;;;;;;;;;;;
2024-04-10;19:20:00;середа;село;Зашків;Шевченківський;вулиця;Коновальця Є.;80;;зіткнення бокове;порушення правил маневрування, перевищення безпечної швидкості;1;легко травмований;;;;;;;;;49.954475;23.997735;;;;;;;;;;;
2024-04-11;17:49:00;четвер;місто;Львів;Личаківський;вулиця;Пасічна;104;;зіткнення з задньою частиною тз;порушення правил маневрування;2;без ушкоджень;легко травмований;;;;;;;;49.814564;24.078099;;;;;;;;;;;
2024-04-10;7:20:00;середа;місто;Львів;Шевченківський;вулиця;Гайдамацька;10;;наїзд на пішохода - на нерегульованому пішохідному переході;перевищення безпечної швидкості, порушення правил проїзду пішохідних переходів;2;без ушкоджень;легко травмований;;;;;;;;49.85293;24.028628;;;;;;;;;;;
2024-06-16;18:01:00;неділя;місто;Львів;Галицький;вулиця;Насипна;9;;наїзд на пішохода - на нерегульованому пішохідному переході;порушення правил маневрування;2;без ушкоджень;легко травмований;;;;;;;;49.844749;24.032963;;;;;;;;;;;
2024-06-18;20:44:00;вівторок;місто;Львів;Личаківський;вулиця;Пчілки О.;17;;наїзд на пішохода - пішохід рухався у попутному напрямку;порушення правил маневрування;2;без ушкоджень;легко травмований;;;;;;;;49.831768;24.037549;;;;;;;;;;;
2024-06-14;22:19:00;п'ятниця;місто;Львів;Шевченківський;вулиця;Тунельна;17;;наїзд на транспортний засіб, що стоїть - по ходу руху;перевищення безпечної швидкості, керування транспортним засобом у нетверезому стані;2;без ушкоджень;легко травмований;;;;;;;;49.863004;24.004574;;;;;;;;;;;
2024-06-19;18:01:00;середа;місто;Львів;Галицький;вулиця;Валова;4;;наїзд на пішохода - на нерегульованому пішохідному переході;інші порушення правил руху;2;без ушкоджень;легко травмований;;;;;;;;49.839505;24.031155;;;;;;;;;;;
2024-06-30;15:20:00;неділя;місто;Львів;Галицький;вулиця;Героїв Майдану;32;;наїзд на пішохода - на нерегульованому пішохідному переході;порушення правил проїзду пішохідних переходів;2;без ушкоджень;легко травмований;;;;;;;;49.82645;24.01819;;;;;;;;;;;
2024-06-20;1:31:00;четвер;місто;Львів;Франківський;вулиця;Княгині Ольги;5в;;наїзд на пішохода - пішохід рухався у попутному напрямку;порушення правил проїзду пішохідних переходів;2;без ушкоджень;легко травмований;;;;;;;;49.822016;24.006355;;;;;;;;;;;
2024-06-22;17:30:00;субота;місто;Львів;Залізничний;вулиця;Городоцька;159;;наїзд на пішохода - пішохід на тротуарі чи велосипедній доріжці;інші порушення правил руху;2;без ушкоджень;легко травмований;;;;;;;;49.836031;23.998738;;;;;;;;;;;
2024-06-25;17:40:00;вівторок;місто;Львів;Личаківський;вулиця;Пасічна;;вул. Пасічна - вул. Вашингтона Дж.;падіння пасажира;порушення правил маневрування;3;без ушкоджень;без ушкоджень;легко травмований;;;;;;;49.813993;24.078319;;;;;;;;;;;
2024-06-22;23:40:00;субота;місто;Львів;Залізничний;вулиця;Городоцька;;вул. Городоцька - вул. Величка С.;зіткнення з задньою частиною тз;невиконання вимог сигналів регулювання;3;легко травмований;легко травмований;легко травмований;;;;;;;49.8291;23.959751;;;;;;;;;;;
2024-06-26;1:54:00;середа;місто;Львів;Галицький;вулиця;Галицька;;;перекидання тз;порушення правил маневрування;1;легко травмований;;;;;;;;;49.83998269241756;24.03163539982281;;;;;;;;;;;
2024-06-13;10:53:00;четвер;місто;Львів;Галицький;вулиця;Городоцька;36;;наїзд на велосипедиста - велосипедист рухався у попутному напрямку;порушення правил зупинки і стоянки транспортних засобів;2;без ушкоджень;легко травмований;;;;;;;;49.841812;24.016258;;;;;;;;;;;
2024-06-15;19:54:00;субота;місто;Львів;Шевченківський;вулиця;Шевченка Т.;360в;;зіткнення бокове;порушення правил проїзду перехресть;2;без ушкоджень;легко травмований;;;;;;;;49.859708;23.96852;;;;;;;;;;;
2024-06-25;21:50:00;вівторок;місто;Львів;Шевченківський;вулиця;Липинського В.;11;;наїзд на пішохода - на нерегульованому пішохідному переході;порушення правил проїзду нерегульованих пішохідних переходів;2;без ушкоджень;легко травмований;;;;;;;;49.85828;24.022851;;;;;;;;;;;
2024-06-24;17:45:00;понеділок;місто;Львів;Шевченківський;вулиця;Липинського В.;28;;зіткнення з задньою частиною тз;невиконання вимог сигналів регулювання;2;без ушкоджень;легко травмований;;;;;;;;49.862029;24.029079;;;;;;;;;;;
2024-06-19;20:30:00;середа;місто;Львів;Сихівський;вулиця;Зелена;325;;наїзд на пішохода - на нерегульованому пішохідному переході;інші порушення правил руху;2;без ушкоджень;легко травмований;;;;;;;;49.796139;24.073126;;;;;;;;;;;
2024-06-27;11:15:00;четвер;місто;Львів;Шевченківський;вулиця;Варшавська;153;;зіткнення з задньою частиною тз;недодержання дистанції;2;без ушкоджень;легко травмований;;;;;;;;49.861427;24.007922;;;;;;;;;;;
2024-07-07;14:55:00;неділя;місто;Львів;Шевченківський;проспект;Чорновола В., просп.;93;;наїзд на пішохода - на нерегульованому пішохідному переході;пішоходи невиконання вимог сигналів регулювання;2;без ушкоджень;помер у лікарні протягом 30 діб;;;;;;;;49.863651;24.017755;;;;;;;;;;;
2024-06-28;10:35:00;п'ятниця;місто;Львів;Галицький;вулиця;Франка І.;38;;наїзд на пішохода - пішохід на тротуарі чи велосипедній доріжці;інші порушення правил руху;2;без ушкоджень;легко травмований;;;;;;;;49.832914;24.033891;;;;;;;;;;;
2024-06-29;23:25:00;субота;місто;Львів;Франківський;вулиця;Городоцька;215;;наїзд на пішохода - на нерегульованому пішохідному переході;порушення правил проїзду нерегульованих пішохідних переходів;2;без ушкоджень;легко травмований;;;;;;;;49.832824;23.980762;;;;;;;;;;;
2024-06-17;18:55:00;понеділок;місто;Львів;Шевченківський;вулиця;Грінченка Б.;16;;зіткнення з задньою частиною тз;порушення правил маневрування;2;без ушкоджень;легко травмований;;;;;;;;49.874328;24.050805;;;;;;;;;;;
2024-07-08;16:04:00;понеділок;місто;Львів;Шевченківський;вулиця;Миколайчука І.;;вул. Миколайчука І. - вул. Орлика П.;зіткнення з задньою частиною тз;порушення правил проїзду перехресть;4;без ушкоджень;без ушкоджень;легко травмований;легко травмований;;;;;;49.876551;24.040704;;;;;;;;;;;
2024-06-25;16:31:00;вівторок;місто;Львів;Галицький;вулиця;Городоцька;8;;падіння пасажира;перевищення безпечної швидкості;2;без ушкоджень;легко травмований;;;;;;;;49.843929;24.024176;;;;;;;;;;;
2024-06-25;8:55:00;вівторок;місто;Львів;Шевченківський;вулиця;Промислова;50;;зіткнення бокове;порушення правил маневрування;3;без ушкоджень;без ушкоджень;легко травмований;;;;;;;49.861009;24.043772;;;;;;;;;;;
2024-06-14;8:40:00;п'ятниця;місто;Львів;Личаківський;вулиця;Пасічна;;вул. Пасічна - вул. Голубця М.;зіткнення бокове;порушення правил проїзду перехресть;4;без ушкоджень;без ушкоджень;без ушкоджень;легко травмований;;;;;;49.833483;24.067733;;;;;;;;;;;
2024-07-04;23:44:00;четвер;місто;Львів;Залізничний;вулиця;Любінська;;;перекидання тз;порушення правил маневрування;2;помер у лікарні протягом 30 діб;легко травмований;;;;;;;;49.82316307532578;23.975172897171188;;;;;;;;;;;
2024-07-04;20:50:00;четвер;селище;Рудне;Залізничний;вулиця;Грушевського М.;72;;зіткнення з задньою частиною тз;порушення правил маневрування;3;без ушкоджень;без ушкоджень;легко травмований;;;;;;;49.837737;23.874686;;;;;;;;;;;
2024-06-19;14:43:00;середа;місто;Львів;Галицький;вулиця;Франка І.;95;;наїзд на пішохода - на нерегульованому пішохідному переході;порушення правил проїзду пішохідних переходів;2;без ушкоджень;легко травмований;;;;;;;;49.828713;24.033;;;;;;;;;;;
2024-06-19;16:07:00;середа;місто;Львів;Галицький;вулиця;Городоцька;2;;наїзд на пішохода - на нерегульованому пішохідному переході;інші порушення правил проїзду нерегульованих перехресть;2;без ушкоджень;помер у лікарні протягом 30 діб;;;;;;;;49.844417;24.025131;;;;;;;;;;;
2024-06-19;19:06:00;середа;місто;Львів;Галицький;площа;Кропивницького М., пл.;1;;падіння пасажира;порушення правил маневрування;2;без ушкоджень;легко травмований;;;;;;;;49.836434;24.004404;;;;;;;;;;;
2024-06-30;22:48:00;неділя;місто;Львів;Залізничний;вулиця;Кульпарківська;230а;;наїзд на пішохода - на нерегульованому пішохідному переході;порушення правил проїзду нерегульованих пішохідних переходів;2;;;;;;;;;;49.803843;23.980891;;;;;;;;;;;
2024-06-20;12:41:00;четвер;місто;Львів;Залізничний;вулиця;Шевченка Т.;128;;наїзд на пішохода - пішохід рухався у попутному напрямку;інші порушення правил руху;2;без ушкоджень;легко травмований;;;;;;;;49.850097;23.993846;;;;;;;;;;;
2024-06-22;19:16:00;субота;місто;Львів;Шевченківський;проспект;Чорновола В., просп.;93;;зіткнення з задньою частиною тз;порушення правил маневрування;3;без ушкоджень;легко травмований;легко травмований;;;;;;;49.863665;24.017787;;;;;;;;;;;
2024-06-29;13:12:00;субота;місто;Львів;Шевченківський;вулиця;Липинського В.;5;;наїзд на пішохода - на нерегульованому пішохідному переході;керування транспортним засобом у стані сп'яніння;2;без ушкоджень;легко травмований;;;;;;;;49.855908;24.018635;;;;;;;;;;;
2024-06-14;22:35:00;п'ятниця;місто;Львів;Галицький;вулиця;Гоголя М.;13;;наїзд на інші види перешкод;порушення правил маневрування;2;без ушкоджень;легко травмований;;;;;;;;49.840916;24.016784;;;;;;;;;;;
2024-06-15;17:44:00;субота;місто;Львів;Шевченківський;проспект;Чорновола В., просп.;99;;зіткнення бокове;порушення правил маневрування;3;без ушкоджень;легко травмований;легко травмований;;;;;;;49.864342;24.016478;;;;;;;;;;;
2024-06-21;9:30:00;п'ятниця;місто;Львів;Сихівський;вулиця;Хоткевича Г.;52;;зіткнення бокове;порушення правил маневрування;2;без ушкоджень;легко травмований;;;;;;;;49.794899;24.040452;;;;;;;;;;;
2024-07-08;8:55:00;понеділок;місто;Львів;Галицький;проспект;Свободи, просп.;37;;наїзд на пішохода - на нерегульованому пішохідному переході;порушення швидкості руху;2;без ушкоджень;легко травмований;;;;;;;;49.843097;24.026212;;;;;;;;;;;
2024-06-30;20:41:00;неділя;місто;Львів;Личаківський;вулиця;Китайська;22;;наїзд на пішохода - на нерегульованому пішохідному переході;інші порушення правил руху;2;без ушкоджень;легко травмований;;;;;;;;49.821991;24.078264;;;;;;;;;;;
2024-07-05;23:41:00;п'ятниця;місто;Львів;Шевченківський;вулиця;Шевченка Т.;;вул. Шевченка Т. - вул. Скляна;зіткнення бокове;порушення правил маневрування;2;без ушкоджень;легко травмований;;;;;;;;49.846244;24.006007;;;;;;;;;;;
2024-06-22;18:42:00;субота;місто;Львів;Личаківський;вулиця;Старознесенська;343;;наїзд на інші види перешкод;недодержання дистанції;1;легко травмований;;;;;;;;;49.850469;24.080854;;;;;;;;;;;
2024-06-15;23:30:00;субота;місто;Львів;Личаківський;вулиця;Личаківська;122;;наїзд на пішохода - на нерегульованому пішохідному переході;керування транспортним засобом у нетверезому стані;2;без ушкоджень;легко травмований;;;;;;;;49.837245;24.060282;;;;;;;;;;;
2024-07-08;16:56:00;понеділок;місто;Львів;Шевченківський;вулиця;Замарстинівська;244а;;зіткнення бокове;перевищення безпечної швидкості;2;без ушкоджень;легко травмований;;;;;;;;49.875233;24.010781;;;;;;;;;;;
2024-07-04;11:40:00;четвер;місто;Львів;Сихівський;вулиця;Чмоли І.;;вул. Стрийська - вул. Чмоли І.;зіткнення бокове;недодержання дистанції;3;без ушкоджень;легко травмований;легко травмований;;;;;;;49.814672;24.019761;;;;;;;;;;;
2024-07-07;23:30:00;неділя;місто;Львів;Галицький;проспект;Чорновола В., просп.;7;;наїзд на пішохода - на нерегульованому пішохідному переході;порушення правил проїзду пішохідних переходів;2;без ушкоджень;помер на місці дтп;;;;;;;;49.84632;24.025378;;;;;;;;;;;
2024-07-03;17:53:00;середа;місто;Львів;Шевченківський;вулиця;Панча П.;;вул. Панча П. - просп. Чорновола В.;наїзд на пішохода - на нерегульованому пішохідному переході;порушення правил проїзду пішохідних переходів;2;без ушкоджень;легко травмований;;;;;;;;49.862126;24.018517;;;;;;;;;;;
2024-07-10;9:34:00;середа;місто;Львів;Сихівський;вулиця;Пасічна;164;;наїзд на пішохода - на нерегульованому пішохідному переході;порушення правил проїзду пішохідних переходів;2;без ушкоджень;легко травмований;;;;;;;;49.80905;24.061233;;;;;;;;;;;
2024-07-05;14:20:00;п'ятниця;місто;Львів;Залізничний;вулиця;Щирецька;;вул. Щирецька - вул. Кульпарківська;зіткнення з задньою частиною тз;недодержання дистанції;4;без ушкоджень;без ушкоджень;без ушкоджень;легко травмований;;;;;;49.808877;23.982212;;;;;;;;;;;
2024-07-10;21:48:00;середа;місто;Львів;Галицький;проспект;Свободи, просп.;25;;перекидання тз;порушення правил маневрування;1;легко травмований;;;;;;;;;49.842099;24.026842;;;;;;;;;;;
2024-06-13;23:20:00;четвер;місто;Львів;Залізничний;вулиця;Гніздовського Я.;75б;;зіткнення лобове;керування транспортним засобом у нетверезому стані;3;без ушкоджень;без ушкоджень;легко травмований;;;;;;;49.839052;23.969625;;;;;;;;;;;
2024-07-05;14:43:00;п'ятниця;місто;Львів;Личаківський;вулиця;Богданівська;;вул. Богданівська - вул. Глинянський Тракт;зіткнення лобове;порушення правил проїзду перехресть;2;без ушкоджень;легко травмований;;;;;;;;49.840381;24.085591;;;;;;;;;;;
2024-07-05;17:01:00;п'ятниця;місто;Львів;Залізничний;вулиця;Виговського І.;53/69;;наїзд на пішохода - пішоходний перехід, тз здійснював поворот вліво (вправо);порушення правил маневрування;2;без ушкоджень;легко травмований;;;;;;;;49.813348;23.977334;;;;;;;;;;;
2024-06-10;10:30:00;понеділок;місто;Львів;Залізничний;вулиця;Виговського І.;;;наїзд на пішохода - на нерегульованому пішохідному переході;порушення правил проїзду пішохідних переходів;2;без ушкоджень;легко травмований;;;;;;;;49.812167;23.982755;;;;;;;;;;;
2024-06-17;10:20:00;понеділок;місто;Львів;Личаківський;площа;Петрушевича Є., пл.;;пл. Петрушевича Є. - вул. Руставелі Ш.;наїзд на пішохода - на нерегульованому пішохідному переході;порушення правил проїзду пішохідних переходів;2;без ушкоджень;легко травмований;;;;;;;;49.833454;24.035314;;;;;;;;;;;
2024-06-15;9:10:00;субота;місто;Львів;Залізничний;вулиця;Городоцька;;вул. Городоцька - вул. Станційна;зіткнення бокове;недодержання дистанції, перевищення безпечної швидкості;3;без ушкоджень;без ушкоджень;легко травмований;;;;;;;49.822124;23.925723;;;;;;;;;;;
2024-06-27;11:04:00;четвер;місто;Львів;Сихівський;проспект;Червоної Калини, просп.;;;наїзд на пішохода - пішохід на тротуарі чи велосипедній доріжці;інші порушення правил руху;2;без ушкоджень;легко травмований;;;;;;;;49.79836790075259;24.05014858183047;;;;;;;;;;;
2024-06-28;13:09:00;п'ятниця;місто;Львів;Личаківський;вулиця;Пасічна;56;;наїзд на пішохода - пішохід рухався у зустрічному напрямку;інші порушення правил руху;2;без ушкоджень;легко травмований;;;;;;;;49.829375131896406;24.06981451941517;;;;;;;;;;;
2024-06-18;7:45:00;вівторок;місто;Львів;Сихівський;вулиця;Угорська;2;;наїзд на пішохода - на нерегульованому пішохідному переході;порушення правил проїзду пішохідних переходів;3;без ушкоджень;без ушкоджень;легко травмований;;;;;;;49.813284;24.037249;;;;;;;;;;;
2024-07-10;19:33:00;середа;місто;Львів;Франківський;вулиця;Городоцька;;вул. Городоцька - вул. Кульпарківська;зіткнення бокове;порушення правил маневрування, перевищення встановленої швидкості, порушення правил проїзду перехресть;2;без ушкоджень;легко травмований;;;;;;;;49.834107;23.990793;;;;;;;;;;;
2024-07-05;18:15:00;п'ятниця;місто;Львів;Франківський;вулиця;;;;падіння пасажира;порушення правил маневрування;2;без ушкоджень;легко травмований;;;;;;;;49.816915;24.009097;;;;;;;;;;;
2024-06-08;9:30:00;субота;місто;Львів;Франківський;вулиця;Володимира Великого;50;;падіння пасажира;порушення правил маневрування;2;без ушкоджень;легко травмований;;;;;;;;49.811459;23.990214;;;;;;;;;;;
2024-06-07;23:45:00;п'ятниця;місто;Львів;Франківський;вулиця;Тролейбусна;;вул. Тролейбусна - вул. Наукова;зіткнення бокове;порушення правил маневрування;4;легко травмований;легко травмований;легко травмований;легко травмований;;;;;;49.803109;24.00635;;;;;;;;;;;
2024-06-29;13:26:00;субота;місто;Львів;Сихівський;вулиця;Стрийська;103;;наїзд на транспортний засіб, що стоїть - по ходу руху;порушення правил маневрування;2;без ушкоджень;легко травмований;;;;;;;;49.788013;24.020873;;;;;;;;;;;
2024-06-29;19:56:00;субота;місто;Львів;Галицький;проспект;Чорновола В., просп.;7;;наїзд на пішохода - на нерегульованому пішохідному переході;порушення правил проїзду нерегульованих пішохідних переходів;2;без ушкоджень;легко травмований;;;;;;;;49.846254;24.025388;;;;;;;;;;;
2024-06-15;14:44:00;субота;місто;Львів;Франківський;вулиця;Володимира Великого;61;;наїзд на транспортний засіб, що стоїть - по ходу руху;недодержання дистанції;2;без ушкоджень;легко травмований;;;;;;;;49.810829;23.995707;;;;;;;;;;;
2024-06-13;13:14:00;четвер;місто;Львів;Залізничний;вулиця;Городоцька;;;зіткнення лобове;порушення правил проїзду перехресть;3;без ушкоджень;без ушкоджень;легко травмований;;;;;;;49.829;23.9598;;;;;;;;;;;
2024-06-15;23:23:00;субота;місто;Львів;Сихівський;вулиця;Луганська;9;;зіткнення з задньою частиною тз;керування транспортним засобом у нетверезому стані;2;без ушкоджень;легко травмований;;;;;;;;49.808593;24.03881;;;;;;;;;;;
2024-06-10;9:30:00;понеділок;місто;Львів;Франківський;вулиця;Сахарова А., акад.;6;;наїзд на пішохода - на нерегульованому пішохідному переході;порушення правил проїзду пішохідних переходів;2;без ушкоджень;легко травмований;;;;;;;;49.831952;24.017331;;;;;;;;;;;
2024-06-24;8:37:00;понеділок;місто;Львів;Франківський;вулиця;Наукова;2;;наїзд на пішохода - на нерегульованому пішохідному переході;порушення правил проїзду нерегульованих пішохідних переходів;2;без ушкоджень;легко травмований;;;;;;;;49.803902;24.007959;;;;;;;;;;;
2024-07-04;13:20:00;четвер;місто;Львів;Сихівський;вулиця;Зелена;273;;падіння пасажира;недодержання дистанції;3;без ушкоджень;без ушкоджень;легко травмований;;;;;;;49.801014;24.066609;;;;;;;;;;;
2024-06-07;23:52:00;п'ятниця;місто;Львів;Залізничний;вулиця;Садова;;вул. Садова - вул. Кульпарківська;перекидання тз;порушення швидкості руху;1;легко травмований;;;;;;;;;49.821386;23.988562;;;;;;;;;;;
2024-06-24;12:30:00;понеділок;місто;Львів;Галицький;вулиця;Городоцька;33;;зіткнення з задньою частиною тз;недодержання дистанції;4;без ушкоджень;без ушкоджень;без ушкоджень;легко травмований;;;;;;49.843068;24.02129;;;;;;;;;;;
2024-06-20;15:50:00;четвер;місто;Львів;Галицький;вулиця;Городоцька;;вул. Городоцька - вул. Лепкого Б.;наїзд на велосипедиста - велосипедист рухався у зустрічному напрямку;порушення правил маневрування, невиконання вимог сигналів регулювання;2;без ушкоджень;легко травмований;;;;;;;;49.842817;24.020357;;;;;;;;;;;
2024-06-18;6:58:00;вівторок;місто;Львів;Шевченківський;вулиця;Липинського В.;3;;наїзд на транспортний засіб, що стоїть - по ходу руху;керування транспортним засобом у нетверезому стані;3;без ушкоджень;без ушкоджень;легко травмований;;;;;;;49.855441;24.016993;;;;;;;;;;;
2024-06-07;17:37:00;п'ятниця;місто;Львів;Личаківський;вулиця;Чернігівська;79;;зіткнення лобове;перевищення безпечної швидкості;4;без ушкоджень;без ушкоджень;легко травмований;легко травмований;;;;;;49.839218;24.045011;;;;;;;;;;;
2024-06-17;13:37:00;понеділок;місто;Львів;Франківський;вулиця;Наукова;;;наїзд на пішохода - на нерегульованому пішохідному переході;порушення правил проїзду нерегульованих пішохідних переходів;2;без ушкоджень;легко травмований;;;;;;;;49.802216;24.014547;;;;;;;;;;;
2024-07-04;19:55:00;четвер;місто;Львів;Галицький;площа;Міцкевича А., пл.;6/7;;зіткнення з задньою частиною тз;порушення правил маневрування;2;без ушкоджень;легко травмований;;;;;;;;49.839446;24.02924;;;;;;;;;;;
2024-06-09;20:43:00;неділя;місто;Львів;Франківський;вулиця;Стрийська;74;;зіткнення з задньою частиною тз;керування транспортним засобом у нетверезому стані;3;без ушкоджень;без ушкоджень;легко травмований;;;;;;;49.820525;24.020351;;;;;;;;;;;
2024-07-06;8:01:00;субота;місто;Львів;Сихівський;вулиця;Кавалерідзе І.;1;;зіткнення бокове;порушення правил проїзду перехресть;3;легко травмований;легко травмований;легко травмований;;;;;;;49.794047;24.064795;;;;;;;;;;;
2024-06-19;10:05:00;середа;місто;Львів;Галицький;вулиця;Зелена;105;;наїзд на пішохода - на нерегульованому пішохідному переході;інші порушення правил проїзду нерегульованих перехресть;2;без ушкоджень;легко травмований;;;;;;;;49.824643;24.049823;;;;;;;;;;;
2024-06-25;23:42:00;вівторок;місто;Львів;Личаківський;вулиця;Опришківська;;;наїзд на велосипедиста - велосипедист рухався у попутному напрямку;порушення правил маневрування;2;без ушкоджень;легко травмований;;;;;;;;49.85063149814156;24.043564212511896;;;;;;;;;;;
2024-07-04;16:10:00;четвер;місто;Львів;Личаківський;вулиця;Шімзерів;;вул. Шімзерів - вул. Мечникова І.;наїзд на пішохода - пішохід рухався у попутному напрямку;перевищення безпечної швидкості;3;без ушкоджень;легко травмований;легко травмований;;;;;;;49.834592;24.052565;;;;;;;;;;;
2024-07-10;13:01:00;середа;місто;Львів;Сихівський;проспект;Червоної Калини, просп.;80;;зіткнення з задньою частиною тз;перевищення безпечної швидкості;2;без ушкоджень;легко травмований;;;;;;;;49.787738;24.058825;;;;;;;;;;;
2024-06-27;11:01:00;четвер;місто;Львів;Франківський;вулиця;Стрийська;244;;наїзд на інші види перешкод;порушення правил маневрування;8;легко травмований;легко травмований;легко травмований;легко травмований;легко травмований;легко травмований;легко травмований;легко травмований;;49.79359;24.016017;;;;;;;;;;;
2024-06-09;15:11:00;неділя;місто;Львів;Шевченківський;вулиця;Хмельницького Б.;;вул. Хмельницького Б. - вул. Липинського В.;зіткнення з задньою частиною тз;порушення правил маневрування;1;легко травмований;;;;;;;;;49.864823;24.052591;;;;;;;;;;;
2024-07-09;12:10:00;вівторок;місто;Львів;Шевченківський;вулиця;Липинського В.;58;;наїзд на пішохода - на нерегульованому пішохідному переході;порушення правил проїзду пішохідних переходів;2;без ушкоджень;легко травмований;;;;;;;;49.865245;24.048316;;;;;;;;;;;
2024-07-09;17:50:00;вівторок;місто;Львів;Личаківський;вулиця;Хмельницького Б.;221;;наїзд на пішохода - на нерегульованому пішохідному переході;неочікуваний вихід на проїжджу частину, перехід у невстановленому місці;2;без ушкоджень;тяжко травмований;;;;;;;;49.862115;24.050773;;;;;;;;;;;
2024-06-15;22:20:00;субота;місто;Львів;Шевченківський;вулиця;Миколайчука І.;1;;перекидання тз;порушення правил маневрування;1;легко травмований;;;;;;;;;49.86846;24.04345;;;;;;;;;;;
2024-06-27;20:36:00;четвер;місто;Львів;Галицький;вулиця;Зелена;44;;наїзд на пішохода - на нерегульованому пішохідному переході;інші порушення правил руху;2;без ушкоджень;легко травмований;;;;;;;;49.821255;24.055413;;;;;;;;;;;
2024-06-30;19:50:00;неділя;місто;Львів;Сихівський;проспект;Червоної Калини, просп.;;просп. Червоної Калини - вул. Хоткевича Г.;зіткнення з задньою частиною тз;порушення правил проїзду перехресть;2;легко травмований;легко травмований;;;;;;;;49.796339;24.053176;;;;;;;;;;;
2024-07-09;2:05:00;вівторок;місто;Львів;Галицький;вулиця;Сербська;;;наїзд на пішохода - пішохід рухався у попутному напрямку;перехід пішоходів у невстановленому місці;2;без ушкоджень;легко травмований;;;;;;;;49.84062309018667;24.033413797171946;;;;;;;;;;;
2024-07-05;12:31:00;п'ятниця;місто;Львів;Шевченківський;вулиця;Клепарівська;28а;;зіткнення лобове;порушення правил маневрування;2;без ушкоджень;легко травмований;;;;;;;;49.851507;24.015016;;;;;;;;;;;
2024-06-28;21:35:00;п'ятниця;місто;Львів;Личаківський;вулиця;Личаківська;117;;наїзд на пішохода - на нерегульованому пішохідному переході;порушення правил проїзду нерегульованих пішохідних переходів;2;без ушкоджень;легко травмований;;;;;;;;49.838325;24.056062;;;;;;;;;;;
2024-06-23;8:56:00;неділя;місто;Львів;Галицький;вулиця;Валова;11;;наїзд на пішохода - пішохід рухався у попутному напрямку;порушення правил під час початку руху;2;без ушкоджень;легко травмований;;;;;;;;49.839826;24.032743;;;;;;;;;;;
2024-01-02;15:01:00;вівторок;місто;Львів;Сихівський;вулиця;Угорська;7;;наїзд на пішохода - на нерегульованому пішохідному переході;порушення правил маневрування;2;без ушкоджень;легко травмований;;;;;;;;49.812166;24.040478;;;;;;;;;;;