accidentDate;accidentTime;accidentDay;settlementType;settlement;district;streetType;streetName;houseNumber;locationComments;accidentType;mainAccidentCause;totalParticipantsAmount;injuryStatusParticipant1;injuryStatusParticipant2;injuryStatusParticipant3;injuryStatusParticipant4;injuryStatusParticipant5;injuryStatusParticipant6;injuryStatusParticipant7;injuryStatusParticipant8;injuryStatusParticipant9;latitude;longitude;injuryStatusParticipant10;injuryStatusParticipant11;injuryStatusParticipant12;injuryStatusParticipant13;injuryStatusParticipant14;injuryStatusParticipant15;injuryStatusParticipant16;injuryStatusParticipant17;injuryStatusParticipant18;injuryStatusParticipant19;injuryStatusParticipant20
2024-01-09;15:01:00;вівторок;місто;Львів;Шевченківський;вулиця;Єрошенка В.;;вул. Єрошенка В. - вул. Батуринська;наїзд на пішохода - на нерегульованому пішохідному переході;порушення правил проїзду пішохідних переходів;2;без ушкоджень;легко травмований;;;;;;;;49.851534;24.019177;;;;;;;;;;;
2024-01-04;9:08:00;четвер;місто;Львів;Личаківський;вулиця;Личаківська;167;;зіткнення з задньою частиною тз;перевищення безпечної швидкості;3;без ушкоджень;без ушкоджень;легко травмований;;;;;;;49.836951;24.062199;;;;;;;;;;;
2024-01-01;17:40:00;понеділок;місто;Львів;Залізничний;вулиця;Кульпарківська;230;;зіткнення лобове;порушення правил маневрування;6;без ушкоджень;легко травмований;легко травмований;легко травмований;легко травмований;легко травмований;;;;49.80293615554017;23.98058956158115;;;;;;;;;;;
2024-01-03;18:25:00;середа;місто;Львів;Шевченківський;вулиця;Варшавська;49;;наїзд на пішохода - на нерегульованому пішохідному переході;порушення правил проїзду пішохідних переходів;2;без ушкоджень;легко травмований;;;;;;;;49.858861;24.010459;;;;;;;;;;;
2024-01-09;22:11:00;вівторок;місто;Львів;Шевченківський;вулиця;Шевченка Т.;313;;наїзд на транспортний засіб, що стоїть - по ходу руху;перевищення безпечної швидкості, керування транспортним засобом у нетверезому стані;1;легко травмований;;;;;;;;;49.866762;23.947836;;;;;;;;;;;
2024-01-02;20:54:00;вівторок;місто;Львів;Шевченківський;вулиця;Липинського В.;11;;наїзд на пішохода - на нерегульованому пішохідному переході;порушення правил проїзду нерегульованих пішохідних переходів;2;без ушкоджень;легко травмований;;;;;;;;49.858215;24.022894;;;;;;;;;;;
2024-01-03;15:50:00;середа;місто;Львів;Сихівський;проспект;Святого Івана Павла ІІ, просп.;4б;;наїзд на пішохода - на нерегульованому пішохідному переході;керування транспортним засобом у нетверезому стані;2;без ушкоджень;легко травмований;;;;;;;;49.799827;24.026504;;;;;;;;;;;
2024-01-03;19:10:00;середа;місто;Львів;Личаківський;вулиця;Хмельницького Б.;;;наїзд на інші види перешкод;порушення правил маневрування;1;легко травмований;;;;;;;;;49.876816;24.063415;;;;;;;;;;;
2024-01-03;18:56:00;середа;місто;Львів;Залізничний;вулиця;Кульпарківська;93;;зіткнення з задньою частиною тз;порушення правил маневрування;2;без ушкоджень;легко травмований;;;;;;;;49.822975;23.989109;;;;;;;;;;;
2024-01-05;15:05:00;п'ятниця;місто;Львів;Франківський;вулиця;Стрийська;106;;зіткнення з задньою частиною тз;перевищення безпечної швидкості, порушення правил маневрування;4;без ушкоджень;без ушкоджень;без ушкоджень;легко травмований;;;;;;49.806287;24.018871;;;;;;;;;;;
2024-03-20;0:34:00;середа;місто;Львів;Галицький;вулиця;Листопадового Чину;;;наїзд на пішохода - пішохід рухався у попутному напрямку;порушення правил проїзду нерегульованих пішохідних переходів;2;без ушкоджень;легко травмований;;;;;;;;49.840197;24.020094;;;;;;;;;;;
2024-02-27;14:50:00;вівторок;місто;Львів;Личаківський;вулиця;Личаківська;98;;зіткнення бокове;порушення правил маневрування;2;без ушкоджень;легко травмований;;;;;;;;49.837958;24.057457;;;;;;;;;;;
2024-02-29;11:44:00;четвер;місто;Львів;Шевченківський;вулиця;Єрошенка В.;20;;наїзд на дерево;перевищення безпечної швидкості, недодержання дистанції;2;без ушкоджень;легко травмований;;;;;;;;49.85036;24.002257;;;;;;;;;;;
2024-02-21;14:15:00;середа;місто;Львів;Личаківський;вулиця;Пасічна;51;;наїзд на пішохода - на нерегульованому пішохідному переході;порушення правил проїзду нерегульованих пішохідних переходів;2;без ушкоджень;легко травмований;;;;;;;;49.827862;24.071335;;;;;;;;;;;
2024-02-21;18:27:00;середа;місто;Львів;Франківський;вулиця;Пулюя І.;36а;;наїзд на пішохода - на нерегульованому пішохідному переході;порушення правил проїзду пішохідних переходів;2;без ушкоджень;легко травмований;;;;;;;;49.802327;23.987988;;;;;;;;;;;
2024-02-24;11:01:00;субота;селище;Брюховичі;Шевченківський;вулиця;Володимира Івасюка;15;;наїзд на пішохода - на нерегульованому пішохідному переході;порушення правил проїзду нерегульованих пішохідних переходів;2;без ушкоджень;легко травмований;;;;;;;;49.90129;23.934424;;;;;;;;;;;
2024-03-07;14:30:00;четвер;місто;Львів;Шевченківський;вулиця;Шевченка Т.;364;;наїзд на пішохода - на нерегульованому пішохідному переході;порушення швидкості руху;2;без ушкоджень;легко травмований;;;;;;;;49.869774;23.952373;;;;;;;;;;;
2024-03-26;8:30:00;вівторок;місто;Львів;Шевченківський;вулиця;Промислова;27;;наїзд на пішохода - пішохід рухався у попутному напрямку;порушення правил маневрування;2;без ушкоджень;легко травмований;;;;;;;;49.85662;24.041905;;;;;;;;;;;
2024-02-21;15:43:00;середа;місто;Львів;Сихівський;вулиця;Зелена;407;;зіткнення бокове;недодержання дистанції;2;без ушкоджень;легко травмований;;;;;;;;49.784039;24.078142;;;;;;;;;;;
2024-03-05;16:30:00;вівторок;місто;Львів;Залізничний;вулиця;Сяйво;;;наїзд на велосипедиста - велосипедист рухався у попутному напрямку;порушення правил маневрування;2;без ушкоджень;легко травмований;;;;;;;;49.8398704191448;23.977961141346388;;;;;;;;;;;
2024-03-21;12:10:00;четвер;місто;Львів;Галицький;вулиця;Городоцька;22;;наїзд на пішохода - на нерегульованому пішохідному переході;порушення правил проїзду пішохідних переходів;2;без ушкоджень;легко травмований;;;;;;;;49.843075;24.021075;;;;;;;;;;;
2024-03-20;16:30:00;середа;місто;Львів;Сихівський;вулиця;Зубрівська;25а;;наїзд на опори (ЛЕП, телефонних та телеграфних ліній, рекламоносіїв, щогли антен моб. зв'язку, тощо);порушення правил маневрування, перевищення безпечної швидкості;1;легко травмований;;;;;;;;;49.795377;24.059871;;;;;;;;;;;
2024-03-13;17:50:00;середа;місто;Львів;Залізничний;вулиця;Виговського І.;53;;зіткнення з задньою частиною тз;недодержання дистанції;2;без ушкоджень;легко травмований;;;;;;;;49.815959;23.974807;;;;;;;;;;;
2024-03-06;9:49:00;середа;місто;Львів;Франківський;вулиця;Рубчака І.;21в;;зіткнення бокове;порушення правил маневрування;3;без ушкоджень;без ушкоджень;легко травмований;;;;;;;49.806048;24.01195;;;;;;;;;;;
2024-03-11;15:05:00;понеділок;місто;Львів;Шевченківський;вулиця;Липинського В.;2;;наїзд на пішохода - на нерегульованому пішохідному переході;порушення правил проїзду пішохідних переходів;2;без ушкоджень;легко травмований;;;;;;;;49.855424;24.016966;;;;;;;;;;;
2024-03-11;11:03:00;понеділок;місто;Львів;Личаківський;вулиця;Хмельницького Б.;;"""Емілі Резорт""";наїзд на пішохода - на нерегульованому пішохідному переході;порушення правил маневрування, порушення правил проїзду пішохідних переходів;2;без ушкоджень;легко травмований;;;;;;;;49.82054;24.112693;;;;;;;;;;;
2024-03-21;14:53:00;четвер;місто;Львів;Франківський;вулиця;Коновальця Є.;97;;наїзд на пішохода - пішохід переходив дорогу поза межами піш. переходу;перехід у невстановленому місці;2;без ушкоджень;легко травмований;;;;;;;;49.826636;23.996855;;;;;;;;;;;
2024-02-20;16:50:00;вівторок;місто;Львів;Галицький;вулиця;Джерельна;;;наїзд на пішохода - на нерегульованому пішохідному переході;порушення правил проїзду пішохідних переходів;2;без ушкоджень;легко травмований;;;;;;;;49.84950733590521;24.02031196470409;;;;;;;;;;;
2024-02-02;21:15:00;п'ятниця;місто;Львів;Галицький;проспект;Чорновола В., просп.;4;;зіткнення лобове;порушення правил маневрування;2;без ушкоджень;легко травмований;;;;;;;;49.848212;24.025818;;;;;;;;;;;
2024-03-18;16:30:00;понеділок;місто;Львів;Шевченківський;вулиця;Грінченка Б.;5;;падіння пасажира;порушення правил перевезення пасажирів;2;без ушкоджень;легко травмований;;;;;;;;49.871427;24.053444;;;;;;;;;;;
2024-03-02;12:05:00;субота;місто;Львів;Франківський;вулиця;Княгині Ольги;57;;наїзд на пішохода - на нерегульованому пішохідному переході;порушення правил проїзду пішохідних переходів, керування транспортним засобом у нетверезому стані;2;без ушкоджень;легко травмований;;;;;;;;49.812778;24.000551;;;;;;;;;;;
2024-03-22;14:01:00;п'ятниця;місто;Львів;Франківський;вулиця;Тролейбусна;2;;наїзд на пішохода - на регульованому пішохідному переході;порушення правил під час руху заднім ходом;2;без ушкоджень;легко травмований;;;;;;;;49.808527;24.007165;;;;;;;;;;;
2024-02-22;7:40:00;четвер;місто;Львів;Галицький;вулиця;Зелена;115б;;зіткнення з задньою частиною тз;недодержання дистанції;4;без ушкоджень;без ушкоджень;без ушкоджень;легко травмований;;;;;;49.821521;24.055139;;;;;;;;;;;
2024-02-25;19:40:00;неділя;місто;Львів;Галицький;вулиця;Гнатюка В., акад.;;вул. Гнатюка В., акад. - просп. Свободи;наїзд на пішохода - пішохід рухався у попутному напрямку;інші порушення правил руху;2;без ушкоджень;легко травмований;;;;;;;;49.841276;24.027325;;;;;;;;;;;
2024-02-27;12:38:00;вівторок;місто;Львів;Шевченківський;проспект;Чорновола В., просп.;;просп. Чорновола В. - вул. Липинського В.;зіткнення з задньою частиною тз;недодержання дистанції;5;без ушкоджень;без ушкоджень;легко травмований;легко травмований;легко травмований;;;;;49.856558;24.02195;;;;;;;;;;;
2024-03-08;14:20:00;п'ятниця;місто;Львів;Сихівський;вулиця;Сихівська;16а;;падіння пасажира;порушення правил маневрування;1;легко травмований;;;;;;;;;49.79544187591453;24.06440763825033;;;;;;;;;;;
2024-03-09;20:37:00;субота;місто;Львів;Залізничний;вулиця;Любінська;102;;наїзд на велосипедиста - велосипедист рухався у попутному напрямку;порушення правил проїзду перехресть;2;без ушкоджень;легко травмований;;;;;;;;49.821830269484295;23.97209682723786;;;;;;;;;;;
2024-02-21;14:31:00;середа;місто;Львів;Сихівський;вулиця;Луганська;;;наїзд на велосипедиста - велосипедист рухався у попутному напрямку;порушення правил маневрування;2;без ушкоджень;легко травмований;;;;;;;;49.808437;24.0457;;;;;;;;;;;
2024-03-01;20:54:00;п'ятниця;місто;Львів;Сихівський;вулиця;Мишуги О.;7;;наїзд на інші види перешкод;перевищення безпечної швидкості;1;легко травмований;;;;;;;;;49.8171303587941;24.03294344215497;;;;;;;;;;;
2024-02-21;12:01:00;середа;місто;Львів;Шевченківський;вулиця;Шевченка Т.;154б;;наїзд на транспортний засіб, що стоїть - по ходу руху;недодержання дистанції, керування транспортним засобом у нетверезому стані;2;без ушкоджень;легко травмований;;;;;;;;49.854178;23.984748;;;;;;;;;;;
2024-02-02;18:30:00;п'ятниця;місто;Львів;Франківський;вулиця;Повстанська;;;падіння пасажира;порушення правил маневрування;2;без ушкоджень;легко травмований;;;;;;;;49.826813;23.999183;;;;;;;;;;;
2024-03-01;13:18:00;п'ятниця;місто;Львів;Шевченківський;вулиця;Липинського В.;60а;;наїзд на пішохода - пішохід рухався у попутному напрямку;порушення правил проїзду нерегульованих пішохідних переходів;2;без ушкоджень;легко травмований;;;;;;;;49.865037;24.051009;;;;;;;;;;;
2024-03-12;12:30:00;вівторок;місто;Львів;Шевченківський;вулиця;Липинського В.;;вул. Липинського В. - вул. Замарстинівська;зіткнення з задньою частиною тз;порушення правил маневрування;4;без ушкоджень;без ушкоджень;легко травмований;легко травмований;;;;;;49.860189;24.026821;;;;;;;;;;;
2024-02-25;18:10:00;неділя;місто;Львів;Залізничний;вулиця;Шевченка Т.;64;;наїзд на пішохода - на нерегульованому пішохідному переході;порушення правил проїзду пішохідних переходів;2;без ушкоджень;легко травмований;;;;;;;;49.845585;24.007705;;;;;;;;;;;
2024-03-26;18:14:00;вівторок;місто;Львів;Галицький;вулиця;Зелена;115б;;наїзд на пішохода - пішохід переходив дорогу поза межами піш. переходу;порушення правил маневрування;2;без ушкоджень;легко травмований;;;;;;;;49.821438;24.055198;;;;;;;;;;;
2024-02-23;22:15:00;п'ятниця;місто;Львів;Сихівський;вулиця;Драгана М.;1;;зіткнення з задньою частиною тз;порушення правил маневрування;5;без ушкоджень;без ушкоджень;легко травмований;легко травмований;легко травмований;;;;;49.784908;24.057972;;;;;;;;;;;
2024-03-13;8:55:00;середа;місто;Львів;Залізничний;вулиця;Сяйво;19;;зіткнення з задньою частиною тз;недодержання дистанції;2;без ушкоджень;легко травмований;;;;;;;;49.840387;23.978101;;;;;;;;;;;
2024-03-13;10:12:00;середа;місто;Львів;Личаківський;вулиця;Личаківська;;вул. Личаківська - вул. Мечникова І.;падіння пасажира;порушення правил маневрування;2;без ушкоджень;легко травмований;;;;;;;;49.838494;24.055016;;;;;;;;;;;
2024-03-05;12:01:00;вівторок;місто;Львів;Галицький;вулиця;Університетська;1;;наїзд на пішохода - на регульованому пішохідному переході;порушення правил маневрування;2;без ушкоджень;легко травмований;;;;;;;;49.840633;24.021317;;;;;;;;;;;
2024-02-24;14:43:00;субота;місто;Львів;Франківський;вулиця;Мельника А.;16а;;зіткнення з задньою частиною тз;порушення правил проїзду перехресть;2;без ушкоджень;легко травмований;;;;;;;;49.830488;24.004295;;;;;;;;;;;
2024-03-26;12:40:00;вівторок;місто;Львів;Галицький;проспект;Чорновола В., просп.;;;зіткнення з задньою частиною тз;недодержання дистанції;2;без ушкоджень;легко травмований;;;;;;;;49.8494;24.025162;;;;;;;;;;;
2024-02-20;11:25:00;вівторок;місто;Львів;Личаківський;вулиця;Личаківська;;"вул. Личаківська - вул. Бобанича Т. ""Хаммера""";зіткнення лобове;порушення правил проїзду перехресть;5;без ушкоджень;без ушкоджень;без ушкоджень;легко травмований;легко травмований;;;;;49.839814;24.039152;;;;;;;;;;;
2024-03-06;11:22:00;середа;місто;Львів;Шевченківський;вулиця;Мазепи І., гетьм.;3;;падіння пасажира;порушення правил маневрування;2;без ушкоджень;легко травмований;;;;;;;;49.87004968482871;24.028714297567458;;;;;;;;;;;
2024-03-27;17:02:00;середа;селище;Рудне;Залізничний;вулиця;Шептицького А.;;вул. Шептицького А. - вул. Озерна;зіткнення бокове;порушення правил маневрування;2;без ушкоджень;помер на місці дтп;;;;;;;;49.833485;23.882164;;;;;;;;;;;
2024-03-07;17:35:00;четвер;місто;Львів;Шевченківський;вулиця;Турянського О.;15;;наїзд на пішохода - пішохід переходив дорогу поза межами піш. переходу;перехід у невстановленому місці, неочікуваний вихід на проїжджу частину;3;без ушкоджень;помер у лікарні протягом 30 діб;легко травмований;;;;;;;49.848765;24.003131;;;;;;;;;;;
2024-03-19;9:51:00;вівторок;місто;Львів;Сихівський;вулиця;Зелена;;вул. Зелена - вул. Бузкова;наїзд на пішохода - на нерегульованому пішохідному переході;порушення правил проїзду пішохідних переходів;2;без ушкоджень;легко травмований;;;;;;;;49.813092;24.060459;;;;;;;;;;;
2024-03-08;9:01:00;п'ятниця;місто;Львів;Залізничний;вулиця;Сяйво;;;падіння пасажира;порушення правил маневрування;1;легко травмований;;;;;;;;;49.833097;23.977854;;;;;;;;;;;
2024-03-25;21:01:00;понеділок;місто;Львів;Шевченківський;вулиця;Варшавська;;вул. Варшавська - вул. Малоголосківська;наїзд на пішохода - на нерегульованому пішохідному переході;порушення правил проїзду перехресть;2;без ушкоджень;легко травмований;;;;;;;;49.864788;24.008105;;;;;;;;;;;
2024-03-21;6:30:00;четвер;місто;Львів;Шевченківський;вулиця;Винниця;60;;зіткнення бокове;порушення правил маневрування;3;без ушкоджень;легко травмований;легко травмований;;;;;;;49.861769;23.99207;;;;;;;;;;;
2024-02-27;9:25:00;вівторок;місто;Львів;Шевченківський;вулиця;Орлика П.;6;;зіткнення лобове;порушення правил маневрування;2;без ушкоджень;легко травмований;;;;;;;;49.874449;24.033494;;;;;;;;;;;
2024-03-12;18:30:00;вівторок;місто;Львів;Франківський;вулиця;Симоненка В.;10;;наїзд на пішохода - на нерегульованому пішохідному переході;порушення правил проїзду пішохідних переходів;2;без ушкоджень;легко травмований;;;;;;;;49.808375;23.986298;;;;;;;;;;;
2024-03-13;15:20:00;середа;місто;Львів;Сихівський;вулиця;Зелена;256а;;зіткнення лобове;порушення правил маневрування;2;без ушкоджень;легко травмований;;;;;;;;49.803175;24.064377;;;;;;;;;;;
2024-03-25;22:49:00;понеділок;місто;Львів;Сихівський;вулиця;Зелена;147;;наїзд на велосипедиста - велосипедист рухався у попутному напрямку;керування транспортним засобом у нетверезому стані, недодержання дистанції;2;без ушкоджень;легко травмований;;;;;;;;49.813547;24.062065;;;;;;;;;;;
2024-03-22;17:55:00;п'ятниця;місто;Львів;Залізничний;вулиця;Широка;65а;;наїзд на пішохода - на регульованому пішохідному переході;порушення правил під час руху заднім ходом;2;без ушкоджень;легко травмований;;;;;;;;49.841968;23.968686;;;;;;;;;;;
2024-03-14;9:55:00;четвер;місто;Львів;Галицький;проспект;Чорновола В., просп.;4;;наїзд на пішохода - на нерегульованому пішохідному переході;порушення правил проїзду пішохідних переходів;3;без ушкоджень;легко травмований;легко травмований;;;;;;;49.848195;24.025796;;;;;;;;;;;
2024-02-19;9:41:00;понеділок;місто;Львів;Франківський;вулиця;Стрийська;;вул. Стрийська - вул. Чмоли І.;зіткнення бокове;невиконання вимог сигналів регулювання, порушення правил маневрування;3;без ушкоджень;без ушкоджень;легко травмований;;;;;;;49.814644;24.019804;;;;;;;;;;;
2024-02-23;20:17:00;п'ятниця;місто;Львів;Сихівський;проспект;Червоної Калини, просп.;36;;падіння пасажира;порушення правил маневрування;2;без ушкоджень;легко травмований;;;;;;;;49.798854;24.048353;;;;;;;;;;;
2024-03-10;17:01:00;неділя;місто;Львів;Галицький;вулиця;Підвальна;6;;наїзд на пішохода - на нерегульованому пішохідному переході;порушення правил проїзду пішохідних переходів;2;без ушкоджень;легко травмований;;;;;;;;49.844033;24.034084;;;;;;;;;;;
2024-03-23;22:45:00;субота;місто;Львів;Франківський;вулиця;Окружна;44;;зіткнення бокове;порушення правил маневрування;3;без ушкоджень;без ушкоджень;легко травмований;;;;;;;49.827408;23.982339;;;;;;;;;;;
2024-03-26;11:52:00;вівторок;місто;Львів;Залізничний;вулиця;Петлюри С.;;вул. Петлюри С. - вул. Кульчицької О.;зіткнення лобове;порушення правил проїзду перехресть;2;без ушкоджень;легко травмований;;;;;;;;49.819504;23.980966;;;;;;;;;;;
2024-03-08;8:54:00;п'ятниця;місто;Львів;Шевченківський;вулиця;Мазепи І., гетьм.;1б;;зіткнення бокове;порушення правил проїзду перехресть;2;без ушкоджень;легко травмований;;;;;;;;49.86932598073427;24.02420818704741;;;;;;;;;;;
2024-03-20;9:30:00;середа;місто;Львів;Галицький;вулиця;Шевченка Т.;26;;наїзд на пішохода - на нерегульованому пішохідному переході;порушення правил проїзду регульованих пішохідних переходів;2;без ушкоджень;легко травмований;;;;;;;;49.843085;24.014949;;;;;;;;;;;
2024-02-19;15:22:00;понеділок;місто;Львів;Франківський;вулиця;Героїв УПА;77;;наїзд на пішохода - стояв на проїжджій частині;порушення правил маневрування, керування транспортним засобом у нетверезому стані;2;без ушкоджень;легко травмований;;;;;;;;49.828201;23.990482;;;;;;;;;;;
2024-03-06;10:25:00;середа;місто;Львів;Личаківський;вулиця;Личаківська;33;;зіткнення з задньою частиною тз;порушення правил маневрування;2;без ушкоджень;легко травмований;;;;;;;;49.840138;24.042833;;;;;;;;;;;
2024-03-20;7:12:00;середа;місто;Львів;Личаківський;вулиця;Глинянський Тракт;89;;зіткнення з задньою частиною тз;недодержання дистанції;3;без ушкоджень;без ушкоджень;легко травмований;;;;;;;49.840211;24.087675;;;;;;;;;;;
2024-03-04;16:01:00;понеділок;місто;Львів;Залізничний;вулиця;Кульпарківська;;;зіткнення бокове;порушення правил маневрування, виїзд на смугу зустрічного руху;2;без ушкоджень;легко травмований;;;;;;;;49.820948;23.988503;;;;;;;;;;;
2024-02-17;18:20:00;субота;місто;Львів;Шевченківський;вулиця;Мазепи І., гетьм.;31;;наїзд на пішохода - на нерегульованому пішохідному переході;перевищення безпечної швидкості;2;без ушкоджень;помер у лікарні протягом 30 діб;;;;;;;;49.8728;24.046063;;;;;;;;;;;
2024-02-21;7:50:00;середа;місто;Львів;Залізничний;вулиця;Городоцька;253;;зіткнення з задньою частиною тз;недодержання дистанції, порушення правил маневрування;2;без ушкоджень;легко травмований;;;;;;;;49.830464;23.967549;;;;;;;;;;;
2024-03-11;14:30:00;понеділок;місто;Львів;Франківський;вулиця;Володимира Великого;58;;наїзд на пішохода - на нерегульованому пішохідному переході;порушення правил проїзду пішохідних переходів;2;без ушкоджень;легко травмований;;;;;;;;49.811841;23.985568;;;;;;;;;;;
2024-03-02;7:58:00;субота;місто;Львів;Личаківський;вулиця;Личаківська;7;;наїзд на пішохода - пішохід на зупинці громадського транспорту;порушення правил зупинки і стоянки транспортних засобів;2;без ушкоджень;легко травмований;;;;;;;;49.83996;24.03821;;;;;;;;;;;
2024-02-23;12:05:00;п'ятниця;місто;Львів;Шевченківський;вулиця;Шевченка Т.;358б;;наїзд на пішохода - пішохід переходив дорогу поза межами піш. переходу;перехід у невстановленому місці;2;без ушкоджень;легко травмований;;;;;;;;49.868585;23.950614;;;;;;;;;;;
2024-02-22;18:07:00;четвер;місто;Львів;Залізничний;вулиця;Кульпарківська;158;;наїзд на пішохода - на нерегульованому пішохідному переході;порушення правил проїзду нерегульованих пішохідних переходів;2;без ушкоджень;легко травмований;;;;;;;;49.815111;23.984495;;;;;;;;;;;
2024-03-19;19:03:00;вівторок;місто;Винники;Личаківський;вулиця;Сухомлинського;14;;наїзд на пішохода - пішохід рухався у попутному напрямку;неочікуваний вихід на проїжджу частину;2;без ушкоджень;легко травмований;;;;;;;;49.819573;24.141287;;;;;;;;;;;
2024-03-09;13:11:00;субота;місто;Львів;Сихівський;вулиця;Зелена;281а;;зіткнення з задньою частиною тз;порушення правил маневрування;2;без ушкоджень;легко травмований;;;;;;;;49.80066;24.06729;;;;;;;;;;;
2024-03-13;9:01:00;середа;місто;Львів;Личаківський;вулиця;Левицького К.;67;;наїзд на пішохода - на нерегульованому пішохідному переході;порушення правил проїзду пішохідних переходів;2;без ушкоджень;легко травмований;;;;;;;;49.832824;24.042726;;;;;;;;;;;
2024-03-06;22:40:00;середа;місто;Львів;Сихівський;вулиця;Сихівська;;вул. Сихівська - вул. Зелена;зіткнення з задньою частиною тз;порушення правил маневрування;2;без ушкоджень;легко травмований;;;;;;;;49.79855423939965;24.070959698895425;;;;;;;;;;;
2024-03-19;12:30:00;вівторок;місто;Львів;Шевченківський;проспект;Чорновола В., просп.;59;;наїзд на пішохода - пішохід рухався у попутному напрямку;порушення правил маневрування;2;без ушкоджень;легко травмований;;;;;;;;49.865013;24.05118;;;;;;;;;;;
2024-02-20;8:15:00;вівторок;місто;Львів;Сихівський;вулиця;Коломийська;16;;наїзд на пішохода - на нерегульованому пішохідному переході;порушення правил проїзду пішохідних переходів;3;без ушкоджень;без ушкоджень;легко травмований;;;;;;;49.787616;24.064286;;;;;;;;;;;
2024-02-03;14:08:00;субота;місто;Львів;Личаківський;вулиця;Хмельницького Б.;;;падіння пасажира;порушення правил перевезення пасажирів;2;без ушкоджень;легко травмований;;;;;;;;49.860535;24.04948;;;;;;;;;;;
2024-03-13;14:44:00;середа;місто;Львів;Франківський;вулиця;Кульпарківська;;вул. Кульпаківська - вул. Робітнича;зіткнення з задньою частиною тз;порушення правил маневрування;2;без ушкоджень;легко травмований;;;;;;;;49.827491;23.990037;;;;;;;;;;;
2024-02-26;19:24:00;понеділок;місто;Львів;Залізничний;вулиця;Широка;86а;;зіткнення з задньою частиною тз;порушення правил маневрування;2;без ушкоджень;легко травмований;;;;;;;;49.841944;23.961788;;;;;;;;;;;
2024-03-26;12:36:00;вівторок;місто;Львів;Залізничний;вулиця;Городоцька;;;наїзд на пішохода - на нерегульованому пішохідному переході;невиконання вимог сигналів регулювання;2;без ушкоджень;легко травмований;;;;;;;;49.831242;23.961493;;;;;;;;;;;
2024-03-21;11:27:00;четвер;місто;Львів;Галицький;вулиця;Городоцька;3;;наїзд на інші види перешкод;порушення правил маневрування;1;легко травмований;;;;;;;;;49.844286;24.025099;;;;;;;;;;;
2024-03-09;14:45:00;субота;місто;Львів;Залізничний;вулиця;Шевченка Т.;94;;зіткнення бокове;порушення правил маневрування;2;без ушкоджень;легко травмований;;;;;;;;49.847233;24.00267;;;;;;;;;;;
2024-06-02;23:30:00;неділя;місто;Львів;Шевченківський;вулиця;Брюховицька;163;;падіння пасажира;порушення правил маневрування;3;без ушкоджень;без ушкоджень;легко травмований;;;;;;;49.864757;23.968944;;;;;;;;;;;
2024-05-11;16:55:00;субота;місто;Львів;Залізничний;вулиця;Левандівська;3;;зіткнення з задньою частиною тз;перевищення безпечної швидкості;1;легко травмований;;;;;;;;;49.848938;23.99531;;;;;;;;;;;
2024-05-28;9:13:00;вівторок;місто;Львів;Личаківський;вулиця;Пасічна;51;;наїзд на пішохода - пішохід рухався у попутному напрямку;порушення правил проїзду нерегульованих пішохідних переходів;2;без ушкоджень;легко травмований;;;;;;;;49.826799;24.072182;;;;;;;;;;;
2024-05-23;23:50:00;четвер;місто;Львів;Залізничний;вулиця;Сяйво;;;наїзд на пішохода - пішохід рухався у попутному напрямку;перехід пішоходів у невстановленому місці;1;легко травмований;;;;;;;;;49.8398704191448;23.977961141346388;;;;;;;;;;;
2024-06-07;7:25:00;п'ятниця;місто;Львів;Шевченківський;вулиця;Липинського В.;26;;наїзд на пішохода - пішохід переходив дорогу поза межами піш. переходу;перехід у невстановленому місці;2;без ушкоджень;помер на місці дтп;;;;;;;;49.861358;24.028258;;;;;;;;;;;
2024-05-04;1:14:00;субота;місто;Винники;Личаківський;вулиця;Личаківська;;;наїзд на інші види перешкод;порушення правил маневрування;1;легко травмований;;;;;;;;;49.81585250620924;24.122647405489975;;;;;;;;;;;
2024-05-14;13:30:00;вівторок;місто;Львів;Личаківський;вулиця;Пекарська;22;;наїзд на пішохода - пішохід на тротуарі чи велосипедній доріжці;порушення швидкості руху;2;без ушкоджень;легко травмований;;;;;;;;49.837913;24.038402;;;;;;;;;;;
2024-05-31;7:14:00;п'ятниця;село;Малехів;Шевченківський;вулиця;Галицька;1;;зіткнення з задньою частиною тз;порушення правил маневрування, перевищення безпечної швидкості;2;без ушкоджень;легко травмований;;;;;;;;49.875427;24.067177;;;;;;;;;;;
2024-05-19;16:35:00;неділя;місто;Львів;Франківський;вулиця;Стрийська;204;;наїзд на пішохода - пішохід на тротуарі чи велосипедній доріжці;порушення швидкості руху;2;без ушкоджень;легко травмований;;;;;;;;49.796215;24.016559;;;;;;;;;;;