accidentDate;accidentTime;accidentDay;settlementType;settlement;district;streetType;streetName;houseNumber;locationComments;accidentType;mainAccidentCause;totalParticipantsAmount;injuryStatusParticipant1;injuryStatusParticipant2;injuryStatusParticipant3;injuryStatusParticipant4;injuryStatusParticipant5;injuryStatusParticipant6;injuryStatusParticipant7;injuryStatusParticipant8;injuryStatusParticipant9;latitude;longitude;injuryStatusParticipant10;injuryStatusParticipant11;injuryStatusParticipant12;injuryStatusParticipant13;injuryStatusParticipant14;injuryStatusParticipant15;injuryStatusParticipant16;injuryStatusParticipant17;injuryStatusParticipant18;injuryStatusParticipant19;injuryStatusParticipant20
2024-05-14;22:55:00;вівторок;місто;Львів;Сихівський;вулиця;Скорини Ф.;16;;зіткнення лобове;керування транспортним засобом у нетверезому стані;4;без ушкоджень;без ушкоджень;легко травмований;легко травмований;;;;;;49.798736;24.022272;;;;;;;;;;;
2024-05-03;20:30:00;п'ятниця;місто;Львів;Залізничний;вулиця;Залізнична;;;падіння пасажира;порушення техніки безпеки пасажиром;2;без ушкоджень;легко травмований;;;;;;;;49.837595;24.001908;;;;;;;;;;;
2024-05-16;19:30:00;четвер;місто;Львів;Личаківський;вулиця;Зелена;83;;наїзд на пішохода - пішохід рухався у попутному напрямку;недодержання дистанції;3;без ушкоджень;без ушкоджень;легко травмований;;;;;;;49.828498;24.045011;;;;;;;;;;;
2024-05-24;13:25:00;п'ятниця;місто;Львів;Франківський;вулиця;Київська;7;;зіткнення бокове;порушення правил маневрування;2;легко травмований;легко травмований;;;;;;;;49.832658;24.010803;;;;;;;;;;;
2024-05-16;22:37:00;четвер;місто;Львів;Сихівський;проспект;Святого Івана Павла ІІ, просп.;35в;;наїзд на інші види перешкод;керування транспортним засобом у нетверезому стані;1;легко травмований;;;;;;;;;49.80148;24.04353;;;;;;;;;;;
2024-05-25;13:55:00;субота;місто;Львів;Личаківський;вулиця;Мучна;62;;зіткнення бокове;порушення правил проїзду перехресть;2;легко травмований;легко травмований;;;;;;;;49.8413;24.057671;;;;;;;;;;;
2024-05-20;8:50:00;понеділок;місто;Львів;Франківський;вулиця;Коновальця Є.;22;;наїзд на велосипедиста - велосипедист рухався у попутному напрямку;порушення правил проїзду пішохідних переходів;2;без ушкоджень;легко травмований;;;;;;;;49.832921;24.006479;;;;;;;;;;;
2024-05-18;11:48:00;субота;місто;Львів;Залізничний;вулиця;Шевченка Т.;80;;наїзд на пішохода - пішохід рухався у попутному напрямку;порушення правил проїзду пішохідних переходів;2;без ушкоджень;легко травмований;;;;;;;;49.846759;24.004558;;;;;;;;;;;
2024-05-28;20:15:00;вівторок;місто;Львів;Шевченківський;вулиця;Липинського В.;29а;;зіткнення бокове;недодержання дистанції;2;без ушкоджень;легко травмований;;;;;;;;49.86418;24.03549;;;;;;;;;;;
2024-05-05;15:20:00;неділя;селище;Рудне;Залізничний;вулиця;Мазепи І.;11;;наїзд на пішохода - пішохід рухався у попутному напрямку;перехід пішоходів у невстановленому місці;2;без ушкоджень;легко травмований;;;;;;;;49.83419;23.891208;;;;;;;;;;;
2024-05-28;13:58:00;вівторок;місто;Львів;Сихівський;вулиця;Зелена;203;;падіння пасажира;порушення правил маневрування;2;без ушкоджень;легко травмований;;;;;;;;49.7984;24.071324;;;;;;;;;;;
2024-06-04;23:12:00;вівторок;місто;Львів;Залізничний;вулиця;Городоцька;242;;наїзд на пішохода - на нерегульованому пішохідному переході;перехід пішоходів у невстановленому місці;2;без ушкоджень;помер на місці дтп;;;;;;;;49.826633;23.945915;;;;;;;;;;;
2024-05-22;15:01:00;середа;місто;Львів;Галицький;вулиця;Коперника М.;40;;перекидання тз;порушення правил маневрування;1;легко травмований;;;;;;;;;49.835841;24.022256;;;;;;;;;;;
2024-06-06;3:12:00;четвер;місто;Львів;Франківський;вулиця;Коновальця Є.;33;;наїзд на пішохода - пішохід на тротуарі чи велосипедній доріжці;інші порушення правил проїзду нерегульованих перехресть;2;без ушкоджень;легко травмований;;;;;;;;49.832087;24.005561;;;;;;;;;;;
2024-05-28;14:20:00;вівторок;місто;Львів;Франківський;вулиця;Наукова;59;;зіткнення бокове;порушення правил маневрування;3;без ушкоджень;без ушкоджень;легко травмований;;;;;;;49.804532;23.984753;;;;;;;;;;;
2024-05-12;12:58:00;неділя;місто;Львів;Шевченківський;вулиця;Миколайчука І.;41;;зіткнення бокове;невиконання вимог сигналів регулювання;3;легко травмований;легко травмований;легко травмований;;;;;;;49.880682;24.033338;;;;;;;;;;;
2024-05-04;21:38:00;субота;село;Підбірці;Личаківський;вулиця;Тракт-Глинянський;;;наїзд на тварин - дика;порушення правил маневрування, перевищення безпечної швидкості;1;легко травмований;;;;;;;;;49.840032;24.167191;;;;;;;;;;;
2024-05-04;13:44:00;субота;місто;Львів;Личаківський;вулиця;Личаківська;117;;наїзд на велосипедиста - велосипедист рухався у попутному напрямку;порушення правил проїзду перехресть;2;без ушкоджень;легко травмований;;;;;;;;49.838315;24.056046;;;;;;;;;;;
2024-05-06;18:15:00;понеділок;місто;Львів;Шевченківський;вулиця;Клепарівська;;вул. Єрошенка В. - вул. Батуринська;зіткнення лобове;порушення правил проїзду перехресть;2;без ушкоджень;легко травмований;;;;;;;;49.854382;24.014338;;;;;;;;;;;
2024-05-05;11:25:00;неділя;село;Малехів;Шевченківський;вулиця;Франка Івана;28;;зіткнення з задньою частиною тз;перевищення безпечної швидкості, недодержання дистанції;4;без ушкоджень;без ушкоджень;без ушкоджень;легко травмований;;;;;;49.881829;24.077471;;;;;;;;;;;
2024-05-21;19:35:00;вівторок;місто;Винники;Личаківський;вулиця;Галицька;57ґ;;зіткнення бокове;недодержання дистанції;2;без ушкоджень;легко травмований;;;;;;;;49.817133;24.143443;;;;;;;;;;;
2024-05-13;17:30:00;понеділок;місто;Львів;Сихівський;вулиця;Сихівська;;;падіння пасажира;порушення техніки безпеки пасажиром;2;без ушкоджень;легко травмований;;;;;;;;49.796232;24.063234;;;;;;;;;;;
2024-05-15;10:01:00;середа;місто;Львів;Залізничний;вулиця;Виговського І.;12;;зіткнення бокове;недодержання дистанції;3;без ушкоджень;без ушкоджень;легко травмований;;;;;;;49.828758;23.967769;;;;;;;;;;;
2024-06-06;8:37:00;четвер;місто;Львів;Личаківський;вулиця;Кукурудзяна;4;;наїзд на велосипедиста - велосипедист рухався у попутному напрямку;виїзд на смугу зустрічного руху;2;без ушкоджень;легко травмований;;;;;;;;49.86262;24.058326;;;;;;;;;;;
2024-05-26;22:35:00;неділя;місто;Винники;Личаківський;вулиця;Забава;80;;перекидання тз;перевищення безпечної швидкості;1;легко травмований;;;;;;;;;49.806602;24.119754;;;;;;;;;;;
2024-06-04;15:01:00;вівторок;місто;Львів;Галицький;вулиця;Бандери С.;14;;наїзд на пішохода - на нерегульованому пішохідному переході;порушення правил проїзду нерегульованих пішохідних переходів;2;без ушкоджень;легко травмований;;;;;;;;49.8346;24.012844;;;;;;;;;;;
2024-05-03;10:26:00;п'ятниця;місто;Львів;Галицький;вулиця;Крушельницької С.;21;;наїзд на пішохода - пішохід на тротуарі чи велосипедній доріжці;порушення швидкості руху;2;без ушкоджень;легко травмований;;;;;;;;49.836868;24.020035;;;;;;;;;;;
2024-04-11;19:01:00;четвер;місто;Львів;Франківський;вулиця;Володимира Великого;58;;наїзд на пішохода - на регульованому пішохідному переході;порушення правил проїзду пішохідних переходів;2;без ушкоджень;легко травмований;;;;;;;;49.811833;23.98618;;;;;;;;;;;
2024-05-18;15:50:00;субота;місто;Львів;Шевченківський;вулиця;Липи Ю.;39;;наїзд на пішохода - пішохід рухався у попутному напрямку;порушення правил маневрування;2;без ушкоджень;легко травмований;;;;;;;;49.863858;24.01356;;;;;;;;;;;
2024-05-26;22:03:00;неділя;місто;Львів;Галицький;проспект;Свободи, просп.;16;;наїзд на пішохода - пішохід рухався у попутному напрямку;порушення швидкості руху;2;без ушкоджень;легко травмований;;;;;;;;49.841636;24.028827;;;;;;;;;;;
2024-06-03;3:47:00;понеділок;місто;Львів;Франківський;вулиця;Княгині Ольги;;;зіткнення бокове;порушення правил маневрування;2;без ушкоджень;легко травмований;;;;;;;;49.81379143241662;24.001095699014908;;;;;;;;;;;
2024-05-29;19:58:00;середа;місто;Львів;Залізничний;вулиця;Левандівська;21;;зіткнення бокове;порушення правил маневрування;2;без ушкоджень;легко травмований;;;;;;;;49.844209;23.983104;;;;;;;;;;;
2024-05-20;13:35:00;понеділок;місто;Львів;Залізничний;вулиця;Городоцька;;;падіння пасажира;порушення техніки безпеки пасажиром;2;без ушкоджень;легко травмований;;;;;;;;49.83073;23.969443;;;;;;;;;;;
2024-06-05;15:42:00;середа;місто;Львів;Залізничний;вулиця;Сяйво;11;;наїзд на дерево;перевищення безпечної швидкості;1;легко травмований;;;;;;;;;49.836547;23.977109;;;;;;;;;;;
2024-05-31;20:01:00;п'ятниця;місто;Львів;Сихівський;проспект;Святого Івана Павла ІІ, просп.;4б;;наїзд на велосипедиста - велосипедист рухався у попутному напрямку;порушення правил маневрування;2;без ушкоджень;легко травмований;;;;;;;;49.799532;24.030683;;;;;;;;;;;
2024-05-11;18:47:00;субота;місто;Львів;Личаківський;вулиця;Яреми Д., патр.;33;;наїзд на пішохода - пішохід переходив дорогу поза межами піш. переходу;неочікуваний вихід на проїжджу частину;2;без ушкоджень;легко травмований;;;;;;;;49.837709;24.042082;;;;;;;;;;;
2024-05-11;10:48:00;субота;місто;Львів;Сихівський;вулиця;Зубрівська;;;зіткнення з задньою частиною тз;порушення правил маневрування;1;легко травмований;;;;;;;;;49.798019957388725;24.062822191024424;;;;;;;;;;;
2024-05-23;12:10:00;четвер;місто;Львів;Галицький;площа;Міцкевича А., пл.;;;зіткнення з задньою частиною тз;порушення правил маневрування;2;без ушкоджень;легко травмований;;;;;;;;49.839698;24.029589;;;;;;;;;;;
2024-05-22;14:18:00;середа;місто;Львів;Шевченківський;проспект;Чорновола В., просп.;59;;наїзд на велосипедиста - велосипедист рухався у попутному напрямку;порушення правил маневрування;2;без ушкоджень;легко травмований;;;;;;;;49.857122;24.020405;;;;;;;;;;;
2024-06-02;23:25:00;неділя;місто;Львів;Личаківський;вулиця;Личаківська;84а;;наїзд на опори (ЛЕП, телефонних та телеграфних ліній, рекламоносіїв, щогли антен моб. зв'язку, тощо);керування транспортним засобом у нетверезому стані;1;легко травмований;;;;;;;;;49.838391;24.055467;;;;;;;;;;;
2024-05-23;13:35:00;четвер;місто;Львів;Сихівський;вулиця;Зелена;208;;наїзд на пішохода - пішохід рухався у попутному напрямку;порушення правил маневрування;2;без ушкоджень;легко травмований;;;;;;;;49.810777;24.060649;;;;;;;;;;;
2024-06-05;10:39:00;середа;місто;Львів;Залізничний;вулиця;Виговського І.;100;;зіткнення лобове;порушення правил маневрування;1;легко травмований;;;;;;;;;49.812179;23.982081;;;;;;;;;;;
2024-06-02;22:43:00;неділя;місто;Львів;Личаківський;вулиця;Хмельницького Б.;163;;наїзд на пішохода - пішохід рухався у попутному напрямку;перехід пішоходів у невстановленому місці;2;без ушкоджень;легко травмований;;;;;;;;49.854493;24.044335;;;;;;;;;;;
2024-05-06;15:20:00;понеділок;місто;Львів;Галицький;площа;Галицька, пл.;;;наїзд на пішохода - пішохід рухався у попутному напрямку;порушення правил маневрування;2;без ушкоджень;легко травмований;;;;;;;;49.839303;24.032449;;;;;;;;;;;
2024-06-02;14:25:00;неділя;місто;Львів;Залізничний;вулиця;Повітряна;63;;наїзд на пішохода - на нерегульованому пішохідному переході;порушення правил маневрування;2;без ушкоджень;легко травмований;;;;;;;;49.844601;23.973375;;;;;;;;;;;
2024-05-13;15:30:00;понеділок;місто;Львів;Личаківський;вулиця;Пасічна;51;;наїзд на пішохода - пішохід рухався у попутному напрямку;порушення правил проїзду пішохідних переходів;2;без ушкоджень;легко травмований;;;;;;;;49.827799;24.071479;;;;;;;;;;;
2024-05-13;18:40:00;понеділок;місто;Львів;Залізничний;вулиця;Патона Є.;1;;зіткнення бокове;порушення правил проїзду перехресть, порушення правил маневрування;2;легко травмований;легко травмований;;;;;;;;49.824425;23.949246;;;;;;;;;;;
2024-05-07;16:30:00;вівторок;місто;Львів;Франківський;вулиця;Княгині Ольги;3;;наїзд на велосипедиста - велосипедист рухався у попутному напрямку;порушення правил проїзду пішохідних переходів;2;без ушкоджень;легко травмований;;;;;;;;49.823729;24.007552;;;;;;;;;;;
2024-05-27;23:54:00;понеділок;місто;Львів;Сихівський;проспект;Червоної Калини, просп.;97;;зіткнення бокове;недодержання дистанції;1;легко травмований;;;;;;;;;49.78709;24.05986;;;;;;;;;;;
2024-06-06;13:10:00;четвер;місто;Львів;Шевченківський;вулиця;Замарстинівська;270;;зіткнення лобове;порушення правил маневрування;2;без ушкоджень;легко травмований;;;;;;;;49.876108;24.007841;;;;;;;;;;;
2024-05-26;0:50:00;неділя;місто;Львів;Галицький;вулиця;Дорошенка П.;38;;зіткнення бокове;порушення правил проїзду перехресть;2;без ушкоджень;легко травмований;;;;;;;;49.838048;24.023103;;;;;;;;;;;
2024-05-26;17:25:00;неділя;селище;Брюховичі;Шевченківський;вулиця;Незалежності України;;вул. Незалежності України - вул. Смолиста;зіткнення бокове;порушення правил проїзду перехресть;2;без ушкоджень;легко травмований;;;;;;;;49.894786;23.946269;;;;;;;;;;;
2024-05-29;16:10:00;середа;місто;Львів;Шевченківський;вулиця;Городоцька;26;;наїзд на пішохода - пішохід рухався у попутному напрямку;порушення правил проїзду пішохідних переходів;2;без ушкоджень;легко травмований;;;;;;;;49.84287688995365;24.019459563001465;;;;;;;;;;;
2024-05-25;13:49:00;субота;селище;Рудне;Залізничний;вулиця;Мазепи І.;7;;наїзд на пішохода - пішохід рухався у попутному напрямку;недотримання безпечної дистанції;2;без ушкоджень;легко травмований;;;;;;;;49.833654;23.891589;;;;;;;;;;;
2024-06-04;1:46:00;вівторок;місто;Львів;Сихівський;вулиця;Стрийська;;;падіння пасажира;порушення правил маневрування;2;без ушкоджень;легко травмований;;;;;;;;49.79807649468763;24.017386260849094;;;;;;;;;;;
2024-05-27;18:50:00;понеділок;місто;Львів;Личаківський;вулиця;Глинянський Тракт;151;;наїзд на пішохода - пішохід рухався у попутному напрямку;неочікуваний вихід на проїжджу частину;2;без ушкоджень;легко травмований;;;;;;;;49.841527;24.098146;;;;;;;;;;;
2024-05-21;18:13:00;вівторок;місто;Львів;Франківський;вулиця;Наукова;49а;;наїзд на пішохода - пішохід рухався у попутному напрямку;порушення правил проїзду пішохідних переходів;3;без ушкоджень;легко травмований;легко травмований;;;;;;;49.804214;23.989259;;;;;;;;;;;
2024-05-08;11:35:00;середа;місто;Львів;Залізничний;вулиця;Сяйво;12;;наїзд на пішохода - пішохід переходив дорогу поза межами піш. переходу;перехід у невстановленому місці;2;без ушкоджень;легко травмований;;;;;;;;49.839557;23.977795;;;;;;;;;;;
2024-05-06;10:40:00;понеділок;місто;Львів;Галицький;вулиця;Франка І.;88;;наїзд на пішохода - на нерегульованому пішохідному переході;порушення правил проїзду пішохідних переходів;2;без ушкоджень;легко травмований;;;;;;;;49.829131;24.032347;;;;;;;;;;;
2024-05-18;20:24:00;субота;місто;Львів;Шевченківський;вулиця;Замарстинівська;;;наїзд на інші види перешкод;перевищення безпечної швидкості;1;легко травмований;;;;;;;;;49.876564;24.006264;;;;;;;;;;;
2024-05-09;9:05:00;четвер;місто;Львів;Франківський;вулиця;Наукова;48;;наїзд на велосипедиста - велосипедист рухався у попутному напрямку;порушення правил маневрування;2;без ушкоджень;легко травмований;;;;;;;;49.806748;23.996201;;;;;;;;;;;
2024-05-29;11:15:00;середа;місто;Львів;Личаківський;площа;Франка І.;35;;наїзд на пішохода - пішохід рухався у попутному напрямку;порушення правил проїзду пішохідних переходів;2;без ушкоджень;легко травмований;;;;;;;;49.833955;24.034427;;;;;;;;;;;
2024-05-17;14:01:00;п'ятниця;місто;Львів;Галицький;вулиця;Франка І.;114;;наїзд на пішохода - пішохід рухався у попутному напрямку;перехід пішоходів у невстановленому місці;2;без ушкоджень;легко травмований;;;;;;;;49.825868;24.033837;;;;;;;;;;;
2024-05-02;20:01:00;четвер;місто;Львів;Галицький;площа;Ринок, пл.;29;;наїзд на пішохода - пішохід рухався у попутному напрямку;порушення швидкості руху;2;без ушкоджень;легко травмований;;;;;;;;49.841715;24.030785;;;;;;;;;;;
2024-06-02;22:25:00;неділя;місто;Львів;Сихівський;вулиця;Сихівська;7;;наїзд на пішохода - на нерегульованому пішохідному переході;порушення правил проїзду пішохідних переходів;2;без ушкоджень;легко травмований;;;;;;;;49.794376;24.063374;;;;;;;;;;;
2024-06-05;18:01:00;середа;селище;Брюховичі;Шевченківський;вулиця;Весняна;4;;зіткнення бокове;порушення правил маневрування;2;без ушкоджень;легко травмований;;;;;;;;49.899399;23.961503;;;;;;;;;;;
2024-05-31;13:01:00;п'ятниця;місто;Львів;Сихівський;вулиця;Зубрівська;22;;наїзд на інші види перешкод;перевищення безпечної швидкості;1;легко травмований;;;;;;;;;49.799023;24.063733;;;;;;;;;;;
2024-05-31;9:49:00;п'ятниця;місто;Львів;Личаківський;вулиця;Мечникова І.;;вул. Мечникова І. - вул. Личаківська, 84;зіткнення з задньою частиною тз;порушення правил маневрування;2;без ушкоджень;легко травмований;;;;;;;;49.838294;24.055123;;;;;;;;;;;
2024-05-18;22:40:00;субота;село;Рясне-Руське;Залізничний;вулиця;Лесі Українки;;вул. Лесі України - вул. Шевченка Т.;зіткнення бокове;порушення правил маневрування;3;без ушкоджень;легко травмований;легко травмований;;;;;;;49.873664;23.911317;;;;;;;;;;;
2024-05-06;18:52:00;понеділок;місто;Львів;Галицький;проспект;Свободи, просп.;;;наїзд на пішохода - на нерегульованому пішохідному переході;порушення швидкості руху;2;без ушкоджень;легко травмований;;;;;;;;49.842197975170905;24.02678592416271;;;;;;;;;;;
2024-05-07;21:30:00;вівторок;місто;Львів;Сихівський;проспект;Червоної Калини, просп.;79;;наїзд на пішохода - пішохід переходив дорогу поза межами піш. переходу;пішоходи невиконання вимог сигналів регулювання;2;без ушкоджень;легко травмований;;;;;;;;49.795048;24.056615;;;;;;;;;;;
2024-06-05;10:59:00;середа;місто;Львів;Шевченківський;вулиця;Хімічна;;вул. Хімічна - просп. Чорновола В.;зіткнення бокове;порушення правил маневрування;7;без ушкоджень;легко травмований;легко травмований;легко травмований;легко травмований;легко травмований;легко травмований;;;49.853763;24.023216;;;;;;;;;;;
2024-06-05;12:20:00;середа;місто;Львів;Сихівський;проспект;Червоної Калини, просп.;;просп. Червоної Калини - вул. Угорська;зіткнення з задньою частиною тз;невиконання вимог сигналів регулювання;4;без ушкоджень;без ушкоджень;легко травмований;легко травмований;;;;;;49.81021;24.046228;;;;;;;;;;;
2024-05-11;22:39:00;субота;місто;Львів;Сихівський;проспект;Святого Івана Павла ІІ, просп.;4б;;зіткнення лобове;порушення правил маневрування;3;без ушкоджень;без ушкоджень;легко травмований;;;;;;;49.800069;24.032582;;;;;;;;;;;
2024-05-24;20:40:00;п'ятниця;місто;Львів;Залізничний;вулиця;Авіаційна;;вул. Авіаційна - вул. Городоцька;зіткнення бокове;порушення правил маневрування;2;без ушкоджень;легко травмований;;;;;;;;49.825304;23.939338;;;;;;;;;;;
2024-05-10;19:08:00;п'ятниця;місто;Львів;Залізничний;вулиця;Чернівецька;11;;наїзд на пішохода - пішохід переходив дорогу поза межами піш. переходу;перехід у невстановленому місці;2;без ушкоджень;легко травмований;;;;;;;;49.83818;23.998438;;;;;;;;;;;
2024-05-10;22:33:00;п'ятниця;місто;Львів;Шевченківський;вулиця;Замарстинівська;120;;перекидання тз;перевищення безпечної швидкості;1;легко травмований;;;;;;;;;49.861261;24.026724;;;;;;;;;;;
2024-05-03;13:47:00;п'ятниця;місто;Львів;Сихівський;проспект;Червоної Калини, просп.;36;;зіткнення бокове;порушення правил маневрування;2;без ушкоджень;легко травмований;;;;;;;;49.798954;24.048171;;;;;;;;;;;
2024-05-31;10:38:00;п'ятниця;місто;Львів;Сихівський;проспект;Червоної Калини, просп.;66а;;наїзд на пішохода - на регульованому пішохідному переході;керування транспортним засобом у нетверезому стані;2;без ушкоджень;легко травмований;;;;;;;;49.790536;24.05824;;;;;;;;;;;
2024-05-19;18:30:00;неділя;місто;Львів;Франківський;вулиця;Окружна;;вул. Окружна - вул. Кульпарківська;зіткнення бокове;керування транспортним засобом у нетверезому стані;2;без ушкоджень;легко травмований;;;;;;;;49.824875;23.989677;;;;;;;;;;;
2024-05-31;14:58:00;п'ятниця;місто;Львів;Сихівський;проспект;Червоної Калини, просп.;103;;зіткнення з задньою частиною тз;недодержання дистанції, перевищення безпечної швидкості;2;без ушкоджень;легко травмований;;;;;;;;49.785843;24.059415;;;;;;;;;;;
2024-06-06;15:36:00;четвер;місто;Львів;Залізничний;вулиця;Шевченка Т.;120;;наїзд на велосипедиста - велосипедист рухався у попутному напрямку;порушення правил маневрування;2;без ушкоджень;легко травмований;;;;;;;;49.848845;23.997359;;;;;;;;;;;
2024-05-07;21:30:00;вівторок;місто;Львів;Галицький;вулиця;Городоцька;83;;падіння пасажира;порушення правил маневрування;2;без ушкоджень;легко травмований;;;;;;;;49.84001;24.014568;;;;;;;;;;;
2024-05-24;17:50:00;п'ятниця;місто;Львів;Галицький;проспект;Свободи, просп.;41;;наїзд на велосипедиста - велосипедист рухався у попутному напрямку;порушення правил проїзду пішохідних переходів;2;без ушкоджень;легко травмований;;;;;;;;49.843452;24.025844;;;;;;;;;;;
2024-05-23;9:53:00;четвер;місто;Львів;Залізничний;вулиця;Городоцька;162;;наїзд на пішохода - пішохід рухався у попутному напрямку;недодержання дистанції;3;без ушкоджень;без ушкоджень;легко травмований;;;;;;;49.831959;23.975092;;;;;;;;;;;
2024-06-02;17:42:00;неділя;місто;Львів;Сихівський;вулиця;Сихівська;18;;падіння пасажира;порушення правил маневрування;2;без ушкоджень;легко травмований;;;;;;;;49.794543;24.063824;;;;;;;;;;;
2024-05-18;0:42:00;субота;місто;Львів;Залізничний;вулиця;Городоцька;300;;зіткнення бокове;недодержання дистанції;2;без ушкоджень;легко травмований;;;;;;;;49.820404;23.912483;;;;;;;;;;;
2024-05-22;9:15:00;середа;місто;Львів;Франківський;вулиця;Молдавська;;вул. Молдавська - вул. Музики Я.;зіткнення бокове;порушення правил проїзду перехресть;2;без ушкоджень;легко травмований;;;;;;;;49.815184;23.995514;;;;;;;;;;;
2024-06-06;11:25:00;четвер;місто;Львів;Сихівський;вулиця;Кавалерідзе І.;1;;наїзд на пішохода - пішохід на тротуарі чи велосипедній доріжці;порушення правил маневрування;2;легко травмований;легко травмований;;;;;;;;49.793995;24.064334;;;;;;;;;;;
2024-05-17;20:35:00;п'ятниця;місто;Львів;Франківський;вулиця;Наукова;41;;наїзд на пішохода - пішохід рухався у попутному напрямку;перевищення безпечної швидкості;2;без ушкоджень;легко травмований;;;;;;;;49.803383;23.989903;;;;;;;;;;;
2024-05-23;18:30:00;четвер;місто;Львів;Франківський;вулиця;Наукова;3а;;зіткнення бокове;перевищення безпечної швидкості;2;без ушкоджень;легко травмований;;;;;;;;49.802008;24.010105;;;;;;;;;;;
2024-05-28;11:59:00;вівторок;місто;Львів;Залізничний;вулиця;Петлюри С.;2;;наїзд на пішохода - пішохід рухався у зустрічному напрямку;перехід пішоходів у невстановленому місці;2;без ушкоджень;легко травмований;;;;;;;;49.82221;23.979163;;;;;;;;;;;
2024-06-02;18:56:00;неділя;місто;Львів;Сихівський;вулиця;Мирного Панаса;;вул. Мирного Панаса - вул. Запорізька;зіткнення з задньою частиною тз;порушення правил проїзду перехресть;2;без ушкоджень;легко травмований;;;;;;;;49.81441;24.03435;;;;;;;;;;;
2024-06-06;22:30:00;четвер;місто;Львів;Залізничний;вулиця;Кульпарківська;224;;перекидання тз;порушення правил маневрування, керування транспортним засобом у нетверезому стані;1;легко травмований;;;;;;;;;49.802791;23.980628;;;;;;;;;;;
2024-06-03;0:52:00;понеділок;місто;Винники;Личаківський;вулиця;Галицька;71;;перекидання тз;перевищення безпечної швидкості;2;легко травмований;легко травмований;;;;;;;;49.817603;24.147638;;;;;;;;;;;
2024-05-27;9:50:00;понеділок;місто;Львів;Шевченківський;вулиця;Замарстинівська;31;;наїзд на пішохода - пішохід рухався у попутному напрямку;порушення правил проїзду пішохідних переходів;2;без ушкоджень;легко травмований;;;;;;;;49.853124;24.02791;;;;;;;;;;;
2024-05-02;22:27:00;четвер;місто;Львів;Сихівський;проспект;Святого Івана Павла ІІ, просп.;23;;наїзд на пішохода - пішохід на тротуарі чи велосипедній доріжці;перехід пішоходів у невстановленому місці;2;без ушкоджень;легко травмований;;;;;;;;49.802084;24.025308;;;;;;;;;;;
2024-05-09;11:55:00;четвер;місто;Львів;Галицький;площа;Князя Ярослава Осмомисла, пл.;;;падіння пасажира;порушення правил перевезення пасажирів;2;без ушкоджень;легко травмований;;;;;;;;49.844889;24.027774;;;;;;;;;;;
2024-07-23;15:15:00;вівторок;місто;Львів;Галицький;вулиця;Стуса В.;53;;зіткнення з задньою частиною тз;недодержання дистанції;2;без ушкоджень;легко травмований;;;;;;;;49.81904;24.041766;;;;;;;;;;;
2024-07-24;17:50:00;середа;місто;Львів;Галицький;вулиця;Валова;2;;наїзд на інші види перешкод;порушення правил маневрування;2;легко травмований;легко травмований;;;;;;;;49.839442;24.030935;;;;;;;;;;;
2024-08-03;18:06:00;субота;місто;Львів;Шевченківський;вулиця;Шевченка Т.;300;;зіткнення з задньою частиною тз;порушення правил проїзду перехресть;3;без ушкоджень;без ушкоджень;легко травмований;;;;;;;49.871973;23.939273;;;;;;;;;;;
2024-08-09;14:15:00;п'ятниця;місто;Львів;Залізничний;вулиця;Городоцька;245;;наїзд на пішохода - пішоходний перехід, тз здійснював поворот вліво (вправо);керування транспортним засобом у стані сп'яніння;2;без ушкоджень;легко травмований;;;;;;;;49.831135;23.97117;;;;;;;;;;;
2024-07-16;13:30:00;вівторок;місто;Львів;Сихівський;вулиця;Вернадського В.;22;;наїзд на пішохода - пішохід рухався у попутному напрямку;недодержання дистанції;2;без ушкоджень;легко травмований;;;;;;;;49.782584;24.056572;;;;;;;;;;;
2024-07-12;10:40:00;п'ятниця;місто;Львів;Франківський;вулиця;Котляревського І.;37;;наїзд на пішохода - на регульованому пішохідному переході;порушення правил маневрування;3;без ушкоджень;легко травмований;легко травмований;;;;;;;49.832169;24.012495;;;;;;;;;;;
2024-07-20;21:40:00;субота;місто;Львів;Залізничний;вулиця;Городоцька;216;;наїзд на пішохода - на нерегульованому пішохідному переході;порушення правил проїзду пішохідних переходів;2;без ушкоджень;помер у лікарні протягом 30 діб;;;;;;;;49.829087;23.959653;;;;;;;;;;;
2024-08-10;17:30:00;субота;місто;Львів;Личаківський;вулиця;Зелена;131;;наїзд на пішохода - пішохід рухався у попутному напрямку;неочікуваний вихід на проїжджу частину;2;без ушкоджень;легко травмований;;;;;;;;49.817673;24.060279;;;;;;;;;;;
2024-08-10;12:10:00;субота;село;Лисиничі;Личаківський;вулиця;Т. Шевченка;;;зіткнення бокове;порушення правил маневрування;2;без ушкоджень;тяжко травмований;;;;;;;;49.837581;24.120612;;;;;;;;;;;
2024-07-14;21:30:00;неділя;місто;Львів;Галицький;вулиця;Підвальна;5;;наїзд на пішохода - стояв на проїжджій частині;недодержання дистанції;2;без ушкоджень;легко травмований;;;;;;;;49.841273;24.035511;;;;;;;;;;;
2024-07-29;21:11:00;понеділок;місто;Львів;Франківський;вулиця;Княгині Ольги;;;наїзд на пішохода - на нерегульованому пішохідному переході;перехід пішоходів у невстановленому місці;2;без ушкоджень;легко травмований;;;;;;;;49.81379143241662;24.001095699014908;;;;;;;;;;;