accidentDate;accidentTime;accidentDay;settlementType;settlement;district;streetType;streetName;houseNumber;locationComments;accidentType;mainAccidentCause;totalParticipantsAmount;injuryStatusParticipant1;injuryStatusParticipant2;injuryStatusParticipant3;injuryStatusParticipant4;injuryStatusParticipant5;injuryStatusParticipant6;injuryStatusParticipant7;injuryStatusParticipant8;injuryStatusParticipant9;latitude;longitude;injuryStatusParticipant10;injuryStatusParticipant11;injuryStatusParticipant12;injuryStatusParticipant13;injuryStatusParticipant14;injuryStatusParticipant15;injuryStatusParticipant16;injuryStatusParticipant17;injuryStatusParticipant18;injuryStatusParticipant19;injuryStatusParticipant20
2024-07-18;9:53:00;четвер;місто;Львів;Сихівський;проспект;Червоної Калини, просп.;60;;зіткнення з задньою частиною тз;перевищення безпечної швидкості;11;без ушкоджень;без ушкоджень;без ушкоджень;помер у лікарні протягом 30 діб;легко травмований;легко травмований;легко травмований;легко травмований;легко травмований;49.796319;24.053954;легко травмований;легко травмований;;;;;;;;;
2024-07-30;22:24:00;вівторок;місто;Львів;Залізничний;вулиця;Шевченка Т.;180;;зіткнення з задньою частиною тз;недодержання дистанції;2;без ушкоджень;легко травмований;;;;;;;;49.854538;23.983347;;;;;;;;;;;
2024-07-12;9:01:00;п'ятниця;місто;Львів;Франківський;вулиця;Наукова;30;;наїзд на велосипедиста - поза межами велосипедної доріжки;порушення правил маневрування;2;без ушкоджень;легко травмований;;;;;;;;49.804669;23.998757;;;;;;;;;;;
2024-07-13;10:12:00;субота;місто;Львів;Личаківський;вулиця;Глинянський Тракт;10;;зіткнення з задньою частиною тз;порушення правил маневрування;2;без ушкоджень;легко травмований;;;;;;;;49.842667;24.106225;;;;;;;;;;;
2024-07-23;15:48:00;вівторок;місто;Львів;Сихівський;вулиця;Зелена;272;;зіткнення з задньою частиною тз;порушення правил маневрування;2;без ушкоджень;легко травмований;;;;;;;;49.802368;24.067011;;;;;;;;;;;
2024-07-24;12:30:00;середа;місто;Львів;Сихівський;вулиця;Кам'янецька;44;;падіння пасажира;порушення техніки безпеки пасажиром;2;без ушкоджень;легко травмований;;;;;;;;49.810722;24.037995;;;;;;;;;;;
2024-07-15;22:15:00;понеділок;місто;Львів;Франківський;вулиця;Городоцька;160;;наїзд на пішохода - на нерегульованому пішохідному переході;перехід у невстановленому місці;2;без ушкоджень;легко травмований;;;;;;;;49.831822;23.97766;;;;;;;;;;;
2024-07-17;18:10:00;середа;місто;Львів;Галицький;вулиця;Митрополита Андрея;38;;наїзд на пішохода - на нерегульованому пішохідному переході;порушення правил проїзду нерегульованих пішохідних переходів;2;без ушкоджень;легко травмований;;;;;;;;49.835654;24.006779;;;;;;;;;;;
2024-07-12;9:15:00;п'ятниця;місто;Львів;Галицький;вулиця;Вітовського Д.;;;наїзд на пішохода - пішоходний перехід, тз здійснював поворот вліво (вправо);порушення правил проїзду пішохідних переходів;2;без ушкоджень;легко травмований;;;;;;;;49.832012;24.023665;;;;;;;;;;;
2024-08-05;13:16:00;понеділок;місто;Львів;Залізничний;вулиця;Городоцька;199;;зіткнення з задньою частиною тз;недодержання дистанції;4;без ушкоджень;без ушкоджень;легко травмований;легко травмований;;;;;;49.829872;23.96358;;;;;;;;;;;
2024-08-06;11:20:00;вівторок;місто;Львів;Франківський;площа;Липнева, пл.;2;;зіткнення з задньою частиною тз;порушення правил маневрування;2;без ушкоджень;легко травмований;;;;;;;;49.834678;24.002504;;;;;;;;;;;
2024-08-05;23:51:00;понеділок;місто;Львів;Галицький;вулиця;Зелена;;вул. Зелена - вул. Липова Алея;наїзд на пішохода - на нерегульованому пішохідному переході;інші порушення правил проїзду нерегульованих перехресть;2;без ушкоджень;легко травмований;;;;;;;;49.820982;24.055617;;;;;;;;;;;
2024-08-06;19:20:00;вівторок;місто;Львів;Залізничний;вулиця;Кульпарківська;200а;;наїзд на пішохода - на нерегульованому пішохідному переході;порушення правил проїзду пішохідних переходів;3;без ушкоджень;легко травмований;легко травмований;;;;;;;49.818002;23.987322;;;;;;;;;;;
2024-07-21;19:40:00;неділя;місто;Львів;Галицький;вулиця;Князя Романа;20;;наїзд на пішохода - пішохід рухався у попутному напрямку;порушення швидкості руху;2;без ушкоджень;легко травмований;;;;;;;;49.83809;24.03277;;;;;;;;;;;
2024-07-20;11:45:00;субота;місто;Львів;Франківський;вулиця;Княгині Ольги;5а;;зіткнення бокове;порушення правил маневрування;2;без ушкоджень;легко травмований;;;;;;;;49.822584;24.006779;;;;;;;;;;;
2024-07-28;14:20:00;неділя;місто;Львів;Личаківський;вулиця;Пасічна;;вул. Пасічна - вул. Китайська;падіння пасажира;порушення техніки безпеки пасажиром;2;без ушкоджень;легко травмований;;;;;;;;49.821742;24.075496;;;;;;;;;;;
2024-07-21;16:59:00;неділя;місто;Львів;Залізничний;вулиця;Городоцька;116;;падіння пасажира;порушення правил маневрування;2;без ушкоджень;легко травмований;;;;;;;;49.838059;24.006581;;;;;;;;;;;
2024-07-21;22:45:00;неділя;місто;Львів;Залізничний;вулиця;Любінська;96;;наїзд на пішохода - на нерегульованому пішохідному переході;порушення правил проїзду пішохідних переходів;2;без ушкоджень;легко травмований;;;;;;;;49.823563;23.976202;;;;;;;;;;;
2024-08-06;15:03:00;вівторок;місто;Львів;Шевченківський;вулиця;Мазепи І., гетьм.;255;;наїзд на пішохода - на нерегульованому пішохідному переході;порушення правил маневрування;2;без ушкоджень;легко травмований;;;;;;;;49.87199552806386;24.04051520090445;;;;;;;;;;;
2024-07-21;19:41:00;неділя;місто;Львів;Галицький;вулиця;Театральна;7;;наїзд на пішохода - на нерегульованому пішохідному переході;порушення правил маневрування;2;без ушкоджень;легко травмований;;;;;;;;49.840567;24.029991;;;;;;;;;;;
2024-07-22;13:46:00;понеділок;місто;Львів;Галицький;вулиця;Стрийська;44;;зіткнення бокове;порушення правил маневрування;2;без ушкоджень;легко травмований;;;;;;;;49.826463;24.027749;;;;;;;;;;;
2024-08-08;2:55:00;четвер;місто;Львів;Франківський;вулиця;Стрийська;;вул. Стрийська - вул. Наукова;наїзд на пішохода - пішохід рухався у попутному напрямку;порушення правил проїзду пішохідних переходів;2;без ушкоджень;легко травмований;;;;;;;;49.801876;24.017894;;;;;;;;;;;
2024-07-16;12:36:00;вівторок;місто;Львів;Галицький;проспект;Свободи, просп.;7;;наїзд на пішохода - на нерегульованому пішохідному переході;порушення правил проїзду нерегульованих пішохідних переходів;2;без ушкоджень;легко травмований;;;;;;;;49.840304;24.028012;;;;;;;;;;;
2024-07-20;16:14:00;субота;місто;Львів;Сихівський;вулиця;Угорська;3;;перекидання тз;порушення правил маневрування;1;легко травмований;;;;;;;;;49.812584;24.039395;;;;;;;;;;;
2024-07-29;23:30:00;понеділок;місто;Львів;Шевченківський;проспект;Чорновола В., просп.;12;;зіткнення лобове;недодержання дистанції;3;без ушкоджень;без ушкоджень;легко травмований;;;;;;;49.856281;24.022771;;;;;;;;;;;
2024-08-01;12:02:00;четвер;місто;Львів;Франківський;вулиця;Володимира Великого;103;;наїзд на пішохода - на нерегульованому пішохідному переході;порушення правил під час руху заднім ходом;2;без ушкоджень;легко травмований;;;;;;;;49.81103;23.994001;;;;;;;;;;;
2024-07-11;11:40:00;четвер;місто;Львів;Сихівський;вулиця;Гориня М.;12;;наїзд на пішохода - на нерегульованому пішохідному переході;порушення правил проїзду пішохідних переходів;2;без ушкоджень;легко травмований;;;;;;;;49.789178;24.058208;;;;;;;;;;;
2024-07-14;18:02:00;неділя;місто;Львів;Галицький;площа;Ринок, пл.;;;перекидання тз;порушення правил маневрування;1;легко травмований;;;;;;;;;49.84134928163099;24.03163611930284;;;;;;;;;;;
2024-07-22;22:15:00;понеділок;місто;Львів;Сихівський;вулиця;Стрийська;;;наїзд на пішохода - на нерегульованому пішохідному переході;перехід пішоходів у невстановленому місці;2;без ушкоджень;легко травмований;;;;;;;;49.79807649468763;24.017386260849094;;;;;;;;;;;
2024-08-12;17:55:00;понеділок;місто;Львів;Франківський;вулиця;Кульпарківська;141;;зіткнення бокове;порушення правил маневрування;2;без ушкоджень;тяжко травмований;;;;;;;;49.805077;23.983211;;;;;;;;;;;
2024-08-04;12:10:00;неділя;місто;Львів;Шевченківський;вулиця;Липинського В.;44;;наїзд на пішохода - пішохід переходив дорогу поза межами піш. переходу;невиконання вимог сигналів регулювання;2;без ушкоджень;легко травмований;;;;;;;;49.863761;24.033864;;;;;;;;;;;
2024-08-03;15:55:00;субота;місто;Львів;Галицький;вулиця;Городоцька;67;;наїзд на пішохода - пішохід на тротуарі чи велосипедній доріжці;порушення правил маневрування;2;легко травмований;легко травмований;;;;;;;;49.841954;24.016679;;;;;;;;;;;
2024-08-05;15:25:00;понеділок;місто;Винники;Личаківський;вулиця;Івасюка В.;;вул. Івасюка В. - вул. Винна гора;зіткнення з задньою частиною тз;порушення правил маневрування;3;легко травмований;легко травмований;легко травмований;;;;;;;49.823345;24.136995;;;;;;;;;;;
2024-08-07;17:34:00;середа;місто;Львів;Франківський;вулиця;Наукова;53;;наїзд на пішохода - пішохід рухався у попутному напрямку;порушення правил під час зміни напрямку руху, не пов’язане з перестроюванням;2;без ушкоджень;легко травмований;;;;;;;;49.804286;23.986689;;;;;;;;;;;
2024-07-29;9:27:00;понеділок;місто;Львів;Залізничний;вулиця;Чернівецька;9;;наїзд на пішохода - пішохід рухався у попутному напрямку;неочікуваний вихід на проїжджу частину;2;без ушкоджень;легко травмований;;;;;;;;49.837474;23.999113;;;;;;;;;;;
2024-08-03;18:52:00;субота;місто;Львів;Франківський;вулиця;Коновальця Є.;78;;наїзд на велосипедиста - велосипедист рухався у попутному напрямку;порушення правил проїзду нерегульованих пішохідних переходів;2;без ушкоджень;легко травмований;;;;;;;;49.829024;24.000556;;;;;;;;;;;
2024-08-06;18:35:00;вівторок;місто;Львів;Залізничний;вулиця;Городоцька;249;;наїзд на пішохода - на нерегульованому пішохідному переході;порушення правил під час перестроювання;2;без ушкоджень;легко травмований;;;;;;;;49.830647;23.968735;;;;;;;;;;;
2024-07-19;16:30:00;п'ятниця;місто;Львів;Франківський;вулиця;Кобилиці Л.;;вул. Кобилиці Л. - вул. Княгині Ольги;зіткнення бокове;порушення правил проїзду перехресть;3;без ушкоджень;легко травмований;легко травмований;;;;;;;49.815849;24.00193;;;;;;;;;;;
2024-08-01;14:59:00;четвер;місто;Львів;Франківський;вулиця;Володимира Великого;105;;наїзд на інші види перешкод;порушення правил маневрування;1;легко травмований;;;;;;;;;49.81111;23.993132;;;;;;;;;;;
2024-07-15;9:10:00;понеділок;місто;Львів;Франківський;вулиця;Кульпарківська;37;;наїзд на пішохода - на нерегульованому пішохідному переході;порушення правил проїзду пішохідних переходів;2;без ушкоджень;легко травмований;;;;;;;;49.830305;23.990546;;;;;;;;;;;
2024-07-17;20:07:00;середа;місто;Львів;Галицький;вулиця;Шевченка Т.;1;;наїзд на пішохода - на нерегульованому пішохідному переході;недодержання дистанції;2;без ушкоджень;легко травмований;;;;;;;;49.842902;24.015985;;;;;;;;;;;
2024-07-16;17:05:00;вівторок;село;Малехів;Шевченківський;вулиця;Дороша Тараса;20;;зіткнення лобове;перевищення безпечної швидкості;2;без ушкоджень;легко травмований;;;;;;;;49.876903;24.066684;;;;;;;;;;;
2024-08-02;15:01:00;п'ятниця;місто;Львів;Сихівський;вулиця;Стрийська;;;наїзд на велосипедиста - велосипедист рухався у попутному напрямку;порушення правил маневрування;2;без ушкоджень;легко травмований;;;;;;;;49.812332;24.019686;;;;;;;;;;;
2024-07-31;12:47:00;середа;місто;Львів;Галицький;вулиця;Вітовського Д.;41;;наїзд на пішохода - на нерегульованому пішохідному переході;порушення правил проїзду пішохідних переходів;2;без ушкоджень;легко травмований;;;;;;;;49.83017;24.023924;;;;;;;;;;;
2024-07-12;9:10:00;п'ятниця;місто;Львів;Личаківський;вулиця;Личаківська;5;;наїзд на пішохода - на регульованому пішохідному переході;порушення правил маневрування;2;без ушкоджень;легко травмований;;;;;;;;49.839792;24.037824;;;;;;;;;;;
2024-07-31;2:52:00;середа;місто;Львів;Сихівський;проспект;Святого Івана Павла ІІ, просп.;8;;зіткнення з задньою частиною тз;порушення правил маневрування;1;легко травмований;;;;;;;;;49.800311;24.029143;;;;;;;;;;;
2024-08-05;11:46:00;понеділок;місто;Львів;Залізничний;вулиця;Кульпарківська;156;;перекидання тз;порушення правил маневрування;1;легко травмований;;;;;;;;;49.816125;23.985558;;;;;;;;;;;
2024-07-25;10:20:00;четвер;місто;Львів;Личаківський;вулиця;Мечникова І.;16;;зіткнення з задньою частиною тз;порушення правил маневрування;2;без ушкоджень;легко травмований;;;;;;;;49.831993;24.049603;;;;;;;;;;;
2024-06-29;18:01:00;субота;місто;Львів;Шевченківський;проспект;Чорновола В., просп.;;просп. Чорновола В. - вул. Липинського В.;наїзд на велосипедиста - на велосипедній доріжці;порушення правил маневрування;2;без ушкоджень;легко травмований;;;;;;;;49.857312;24.022679;;;;;;;;;;;
2024-07-13;17:39:00;субота;місто;Львів;Личаківський;вулиця;Зелена;131;;наїзд на пішохода - на нерегульованому пішохідному переході;порушення правил проїзду пішохідних переходів;2;без ушкоджень;легко травмований;;;;;;;;49.818313;24.058557;;;;;;;;;;;
2024-07-25;10:20:00;четвер;місто;Львів;Сихівський;вулиця;Зелена;;вул. Зелена - вул. Надійна;наїзд на транспортний засіб, що стоїть - по ходу руху;недодержання дистанції;2;без ушкоджень;легко травмований;;;;;;;;49.786431;24.07615;;;;;;;;;;;
2024-07-18;16:23:00;четвер;місто;Львів;Личаківський;вулиця;Глинянський Тракт;147;;наїзд на пішохода - пішохід переходив дорогу поза межами піш. переходу;перехід у невстановленому місці;2;без ушкоджень;тяжко травмований;;;;;;;;49.842432;24.097631;;;;;;;;;;;
2024-08-11;13:20:00;неділя;місто;Львів;Сихівський;вулиця;Зелена;273;;перекидання тз;керування транспортним засобом у нетверезому стані, перевищення безпечної швидкості;1;легко травмований;;;;;;;;;49.801963;24.066179;;;;;;;;;;;
2024-07-20;15:42:00;субота;місто;Львів;Галицький;вулиця;Дорошенка П.;;вул. Дорошенка П. - вул. Словацького Ю.;наїзд на велосипедиста - велосипедист рухався у попутному напрямку;порушення правил маневрування;2;без ушкоджень;легко травмований;;;;;;;;49.838121;24.023615;;;;;;;;;;;
2024-07-25;21:18:00;четвер;місто;Львів;Залізничний;вулиця;Городоцька;88;;зіткнення з задньою частиною тз;порушення правил проїзду перехресть;2;без ушкоджень;легко травмований;;;;;;;;49.837858;24.006109;;;;;;;;;;;
2024-08-06;21:30:00;вівторок;місто;Львів;Личаківський;вулиця;Медової Печери;27;;наїзд на пішохода - пішохід на тротуарі чи велосипедній доріжці;порушення правил маневрування;2;без ушкоджень;легко травмований;;;;;;;;49.824591;24.079274;;;;;;;;;;;
2024-07-28;18:50:00;неділя;місто;Львів;Залізничний;вулиця;Шевченка Т.;31;;наїзд на пішохода - на нерегульованому пішохідному переході;порушення правил проїзду пішохідних переходів;2;без ушкоджень;легко травмований;;;;;;;;49.845919;24.006774;;;;;;;;;;;
2024-07-25;14:05:00;четвер;місто;Львів;Шевченківський;проспект;Чорновола В., просп.;;просп. Чорновола В. - вул. Городоцька;зіткнення бокове;невиконання вимог сигналів регулювання;3;без ушкоджень;без ушкоджень;легко травмований;;;;;;;49.856634;24.02107;;;;;;;;;;;
2024-07-18;3:30:00;четвер;місто;Львів;Галицький;вулиця;Самчука У.;4;;наїзд на пішохода - на нерегульованому пішохідному переході;порушення правил проїзду нерегульованих пішохідних переходів;2;без ушкоджень;легко травмований;;;;;;;;49.826418;24.032732;;;;;;;;;;;
2024-07-16;14:23:00;вівторок;місто;Львів;Галицький;вулиця;Листопадового Чину;;вул. Листопадового Чину - вул. Університетська;наїзд на пішохода - пішохід рухався у попутному напрямку;порушення правил проїзду перехресть;2;без ушкоджень;легко травмований;;;;;;;;49.84074;24.021161;;;;;;;;;;;
2024-07-11;7:45:00;четвер;місто;Львів;Залізничний;вулиця;Кульпарківська;126;;падіння пасажира;порушення техніки безпеки пасажиром;2;без ушкоджень;легко травмований;;;;;;;;49.818455;23.987564;;;;;;;;;;;
2024-07-31;18:55:00;середа;місто;Львів;Франківський;вулиця;Княгині Ольги;3;;наїзд на пішохода - на нерегульованому пішохідному переході;порушення правил проїзду пішохідних переходів;2;без ушкоджень;легко травмований;;;;;;;;49.82383;24.007632;;;;;;;;;;;
2024-07-17;23:35:00;середа;місто;Винники;Личаківський;вулиця;Галицька;12;;зіткнення бокове;порушення правил маневрування;3;без ушкоджень;легко травмований;легко травмований;;;;;;;49.817738;24.130778;;;;;;;;;;;
2024-08-12;17:30:00;понеділок;місто;Львів;Шевченківський;вулиця;Хмельницького Б.;58;;наїзд на пішохода - пішохід рухався у попутному напрямку;порушення правил маневрування;2;без ушкоджень;легко травмований;;;;;;;;49.85234440822805;24.033352356795053;;;;;;;;;;;
2024-07-16;9:50:00;вівторок;місто;Львів;Сихівський;вулиця;Зелена;347;;зіткнення бокове;порушення правил маневрування;2;без ушкоджень;легко травмований;;;;;;;;49.794324;24.07421;;;;;;;;;;;
2024-07-18;14:01:00;четвер;місто;Львів;Залізничний;вулиця;Шевченка Т.;62;;наїзд на пішохода - на нерегульованому пішохідному переході;порушення правил проїзду пішохідних переходів;2;без ушкоджень;легко травмований;;;;;;;;49.847358;24.002182;;;;;;;;;;;
2024-07-15;20:40:00;понеділок;місто;Львів;Залізничний;вулиця;Любінська;;;падіння пасажира;порушення правил маневрування;2;без ушкоджень;тяжко травмований;;;;;;;;49.82316307532578;23.975172897171188;;;;;;;;;;;
2024-08-13;0:01:00;вівторок;місто;Львів;Сихівський;проспект;Червоної Калини, просп.;35а;;наїзд на інші види перешкод;перевищення безпечної швидкості;1;легко травмований;;;;;;;;;49.800457;24.04764;;;;;;;;;;;
2024-08-02;21:28:00;п'ятниця;місто;Львів;Шевченківський;вулиця;Шевченка Т.;321;;перекидання тз;порушення правил маневрування;1;легко травмований;;;;;;;;;49.869525;23.933721;;;;;;;;;;;
2024-07-13;23:12:00;субота;місто;Львів;Франківський;вулиця;Наукова;7г;;наїзд на пішохода - на нерегульованому пішохідному переході;порушення правил проїзду пішохідних переходів;2;без ушкоджень;помер на місці дтп;;;;;;;;49.803258;24.003641;;;;;;;;;;;
2024-08-06;17:13:00;вівторок;місто;Львів;Шевченківський;вулиця;Миколайчука І.;6;;наїзд на пішохода - стояв на проїжджій частині;перехід пішоходів у невстановленому місці;2;без ушкоджень;легко травмований;;;;;;;;49.874864;24.041369;;;;;;;;;;;
2024-07-17;8:25:00;середа;місто;Львів;Залізничний;вулиця;Левандівська;14;;наїзд на пішохода - на нерегульованому пішохідному переході;порушення правил проїзду нерегульованих пішохідних переходів;2;без ушкоджень;помер по дорозі в лікарню;;;;;;;;49.844902;23.984989;;;;;;;;;;;
2024-07-27;22:30:00;субота;місто;Львів;Личаківський;вулиця;Хмельницького Б.;230а;;перекидання тз;порушення правил маневрування;2;легко травмований;легко травмований;;;;;;;;49.87225;24.062231;;;;;;;;;;;
2024-08-03;21:35:00;субота;місто;Львів;Залізничний;вулиця;Виговського І.;34;;наїзд на пішохода - пішохід на тротуарі чи велосипедній доріжці;порушення правил під час перестроювання;2;без ушкоджень;легко травмований;;;;;;;;49.824609;23.967587;;;;;;;;;;;
2024-07-12;18:01:00;п'ятниця;місто;Львів;Сихівський;вулиця;Коломийська;;вул. Коломийська - вул. Трильовського К.;зіткнення з задньою частиною тз;порушення правил проїзду перехресть;2;без ушкоджень;легко травмований;;;;;;;;49.78772;24.063567;;;;;;;;;;;
2024-07-17;13:30:00;середа;місто;Львів;Галицький;вулиця;Меретина Б.;5;;наїзд на пішохода - на нерегульованому пішохідному переході;порушення правил маневрування;2;легко травмований;легко травмований;;;;;;;;49.837803;24.00745;;;;;;;;;;;
2024-08-05;21:14:00;понеділок;місто;Львів;Залізничний;вулиця;Городоцька;112;;наїзд на пішохода - на нерегульованому пішохідному переході;порушення правил проїзду пішохідних переходів;2;без ушкоджень;легко травмований;;;;;;;;49.836896;23.996732;;;;;;;;;;;
2024-08-05;13:40:00;понеділок;місто;Львів;Залізничний;вулиця;Городоцька;282а;;наїзд на пішохода - на нерегульованому пішохідному переході;порушення правил проїзду пішохідних переходів;2;без ушкоджень;легко травмований;;;;;;;;49.823356;23.92819;;;;;;;;;;;
2024-09-09;9:45:00;понеділок;місто;Львів;Сихівський;вулиця;Стрийська;45а;;зіткнення бокове;порушення правил надання безперешкодного проїзду;2;без ушкоджень;легко травмований;;;;;;;;49.806814;24.019026;;;;;;;;;;;
2024-08-14;11:01:00;середа;місто;Львів;Сихівський;вулиця;Запорізька;27;;наїзд на пішохода - пішохід рухався у попутному напрямку;порушення правил проїзду пішохідних переходів;2;без ушкоджень;тяжко травмований;;;;;;;;49.814419;24.034846;;;;;;;;;;;
2024-08-15;17:43:00;четвер;селище;Брюховичі;Шевченківський;вулиця;Володимира Івасюка;3;;наїзд на велосипедиста - велосипедист рухався у попутному напрямку;перевищення безпечної швидкості;2;без ушкоджень;легко травмований;;;;;;;;49.901863;23.938522;;;;;;;;;;;
2024-09-08;19:30:00;неділя;місто;Львів;Залізничний;вулиця;Північна;2;;зіткнення бокове;порушення правил маневрування;3;без ушкоджень;без ушкоджень;легко травмований;;;;;;;49.833557;23.933271;;;;;;;;;;;
2024-08-29;20:01:00;четвер;місто;Львів;Франківський;вулиця;Володимира Великого;58;;падіння пасажира;порушення правил перевезення пасажирів;2;без ушкоджень;легко травмований;;;;;;;;49.811816;23.986158;;;;;;;;;;;
2024-09-04;20:25:00;середа;місто;Львів;Франківський;вулиця;Сахарова А., акад.;23;;наїзд на інші види перешкод;порушення правил проїзду пішохідних переходів;2;без ушкоджень;легко травмований;;;;;;;;49.824636;24.012031;;;;;;;;;;;
2024-08-31;18:01:00;субота;місто;Дубляни;Шевченківський;вулиця;Київська;16;;зіткнення бокове;порушення правил маневрування;2;без ушкоджень;легко травмований;;;;;;;;49.891631;24.091494;;;;;;;;;;;
2024-08-31;14:20:00;субота;місто;Львів;Личаківський;вулиця;Пасічна;93;;зіткнення бокове;недодержання дистанції;2;без ушкоджень;легко травмований;;;;;;;;49.811761;24.080084;;;;;;;;;;;
2024-08-28;16:55:00;середа;місто;Львів;Франківський;вулиця;Рубчака І.;17а;;наїзд на пішохода - пішохід рухався у попутному напрямку;порушення правил маневрування;2;без ушкоджень;легко травмований;;;;;;;;49.806692;24.011929;;;;;;;;;;;
2024-09-10;9:45:00;вівторок;місто;Львів;Сихівський;вулиця;Зелена;;Обїзна;зіткнення бокове;перевищення безпечної швидкості;2;без ушкоджень;легко травмований;;;;;;;;49.780266;24.089799;;;;;;;;;;;
2024-09-01;19:31:00;неділя;місто;Львів;Личаківський;площа;Петрушевича Є., пл.;;пл. Петрушевича Є. - вул. Зелена;зіткнення бокове;проїзд перехрестя на заборонений сигнал світлофора чи жест регулювальника;2;без ушкоджень;легко травмований;;;;;;;;49.834246;24.035522;;;;;;;;;;;
2024-08-22;20:26:00;четвер;місто;Львів;Личаківський;вулиця;Личаківська;;вул. Личаківська - вул. Долішня;наїзд на велосипедиста - велосипедист рухався у попутному напрямку;порушення правил проїзду перехресть;2;без ушкоджень;легко травмований;;;;;;;;49.836055;24.06501;;;;;;;;;;;
2024-08-27;21:40:00;вівторок;місто;Львів;Шевченківський;вулиця;Єрошенка В.;17а;;наїзд на інші види перешкод;перевищення безпечної швидкості;1;легко травмований;;;;;;;;;49.852304;24.003201;;;;;;;;;;;
2024-08-27;9:40:00;вівторок;місто;Львів;Шевченківський;вулиця;Мазепи І., гетьм.;46;;зіткнення бокове;керування транспортним засобом у нетверезому стані;4;без ушкоджень;без ушкоджень;легко травмований;легко травмований;;;;;;49.872997;24.048439;;;;;;;;;;;
2024-08-16;19:17:00;п'ятниця;місто;Львів;Франківський;вулиця;Наукова;96;;наїзд на пішохода - на нерегульованому пішохідному переході;порушення правил маневрування;2;без ушкоджень;легко травмований;;;;;;;;49.80505;23.988611;;;;;;;;;;;
2024-08-27;14:30:00;вівторок;місто;Винники;Личаківський;вулиця;Галицька;85;;наїзд на пішохода - пішохід рухався у попутному напрямку;неочікуваний вихід на проїжджу частину;2;без ушкоджень;легко травмований;;;;;;;;49.817936;24.15134;;;;;;;;;;;
2024-09-07;13:46:00;субота;місто;Львів;Шевченківський;вулиця;Ковалика, проф.;1;;наїзд на велосипедиста - велосипедист рухався у попутному напрямку;перевищення безпечної швидкості;2;без ушкоджень;легко травмований;;;;;;;;49.867679;23.952239;;;;;;;;;;;
2024-09-10;15:30:00;вівторок;місто;Львів;Галицький;вулиця;Коперника М.;45;;наїзд на пішохода - пішохід рухався у попутному напрямку;порушення правил проїзду пішохідних переходів;2;без ушкоджень;легко травмований;;;;;;;;49.832436;24.018667;;;;;;;;;;;
2024-08-18;11:15:00;неділя;місто;Львів;Личаківський;вулиця;Личаківська;217;;наїзд на інші види перешкод;перевищення безпечної швидкості;2;без ушкоджень;легко травмований;;;;;;;;49.835806;24.074129;;;;;;;;;;;
2024-09-09;14:50:00;понеділок;місто;Львів;Шевченківський;вулиця;Мазепи І., гетьм.;24;;падіння пасажира;порушення правил проїзду перехресть;3;без ушкоджень;без ушкоджень;легко травмований;;;;;;;49.871195;24.040237;;;;;;;;;;;
2024-08-22;15:16:00;четвер;місто;Львів;Личаківський;вулиця;Вахнянина А.;17;;перекидання тз;перевищення безпечної швидкості;1;легко травмований;;;;;;;;;49.829401;24.055467;;;;;;;;;;;
2024-08-30;22:10:00;п'ятниця;місто;Львів;Галицький;проспект;Свободи, просп.;11;;наїзд на пішохода - пішохід рухався у попутному напрямку;порушення правил проїзду пішохідних переходів;2;без ушкоджень;легко травмований;;;;;;;;49.84056;24.027448;;;;;;;;;;;
2024-08-19;14:08:00;понеділок;місто;Львів;Шевченківський;вулиця;Прилбицька;;5 км колії Ж/Д 7 пікет;наїзд на транспортний засіб, що стоїть - по ходу руху;порушення правил проїзду залізничних переїздів;2;без ушкоджень;помер на місці дтп;;;;;;;;49.875413;23.949369;;;;;;;;;;;
2024-08-17;13:38:00;субота;місто;Львів;Сихівський;вулиця;Мирного Панаса;22а;;зіткнення бокове;порушення правил обгону;2;без ушкоджень;легко травмований;;;;;;;;49.815354;24.030318;;;;;;;;;;;
2024-08-23;22:45:00;п'ятниця;місто;Львів;Галицький;вулиця;Городоцька;;вул. Городоцька - вул. Шпитальна;зіткнення бокове;порушення правил проїзду перехресть;2;без ушкоджень;легко травмований;;;;;;;;49.844258;24.024691;;;;;;;;;;;
2024-08-18;16:30:00;неділя;місто;Львів;Сихівський;вулиця;Угорська;12;;наїзд на пішохода - пішохід рухався у попутному напрямку;порушення правил під час зміни напрямку руху, не пов’язане з перестроюванням;2;без ушкоджень;легко травмований;;;;;;;;49.812058;24.040757;;;;;;;;;;;
2024-08-24;23:10:00;субота;місто;Львів;Сихівський;проспект;Червоної Калини, просп.;36;;перекидання тз;перевищення безпечної швидкості;1;легко травмований;;;;;;;;;49.798504;24.047726;;;;;;;;;;;
2024-08-10;21:30:00;субота;місто;Львів;Галицький;вулиця;Стуса В.;4;;наїзд на пішохода - пішохід на тротуарі чи велосипедній доріжці;інші порушення правил руху;2;без ушкоджень;легко травмований;;;;;;;;49.821923;24.039084;;;;;;;;;;;