accidentDate;accidentTime;accidentDay;settlementType;settlement;district;streetType;streetName;houseNumber;locationComments;accidentType;mainAccidentCause;totalParticipantsAmount;injuryStatusParticipant1;injuryStatusParticipant2;injuryStatusParticipant3;injuryStatusParticipant4;injuryStatusParticipant5;injuryStatusParticipant6;injuryStatusParticipant7;injuryStatusParticipant8;injuryStatusParticipant9;latitude;longitude;injuryStatusParticipant10;injuryStatusParticipant11;injuryStatusParticipant12;injuryStatusParticipant13;injuryStatusParticipant14;injuryStatusParticipant15;injuryStatusParticipant16;injuryStatusParticipant17;injuryStatusParticipant18;injuryStatusParticipant19;injuryStatusParticipant20
2024-08-26;20:14:00;понеділок;місто;Львів;Личаківський;вулиця;Ковельська;62;;наїзд на пішохода - пішохід рухався у попутному напрямку;неочікуваний вихід на проїжджу частину;2;без ушкоджень;легко травмований;;;;;;;;49.858602;24.05905;;;;;;;;;;;
2024-08-26;18:30:00;понеділок;місто;Львів;Сихівський;вулиця;Сихівська;;;наїзд на пішохода - пішохід рухався у попутному напрямку;порушення правил проїзду пішохідних переходів;2;без ушкоджень;легко травмований;;;;;;;;49.794383;24.063363;;;;;;;;;;;
2024-08-26;8:37:00;понеділок;місто;Львів;Галицький;вулиця;Городоцька;8;;падіння пасажира;порушення правил перевезення пасажирів;3;легко травмований;легко травмований;легко травмований;;;;;;;49.843971;24.023999;;;;;;;;;;;
2024-09-02;21:15:00;понеділок;місто;Львів;Личаківський;вулиця;Зелена;10;;наїзд на пішохода - пішохід рухався у попутному напрямку;порушення правил проїзду пішохідних переходів;2;без ушкоджень;легко травмований;;;;;;;;49.833464;24.036402;;;;;;;;;;;
2024-08-17;19:01:00;субота;місто;Львів;Шевченківський;вулиця;Миколайчука І.;11;;зіткнення бокове;порушення правил проїзду перехресть;3;без ушкоджень;без ушкоджень;легко травмований;;;;;;;49.875911;24.039883;;;;;;;;;;;
2024-09-04;17:33:00;середа;місто;Львів;Галицький;вулиця;Вітовського Д.;41;;наїзд на пішохода - пішохід рухався у попутному напрямку;порушення правил маневрування;2;без ушкоджень;легко травмований;;;;;;;;49.830007;24.023838;;;;;;;;;;;
2024-08-28;12:15:00;середа;місто;Львів;Сихівський;вулиця;Козельницька;41;;наїзд на інші види перешкод;порушення правил маневрування;2;без ушкоджень;легко травмований;;;;;;;;49.811304;24.025024;;;;;;;;;;;
2024-08-27;3:30:00;вівторок;місто;Львів;Сихівський;вулиця;Сихівська;16а;;перекидання тз;перевищення безпечної швидкості;1;легко травмований;;;;;;;;;49.795228;24.064178;;;;;;;;;;;
2024-08-18;11:55:00;неділя;місто;Львів;Залізничний;вулиця;Рудненська;10;;зіткнення бокове;порушення правил маневрування;2;без ушкоджень;тяжко травмований;;;;;;;;49.836716;23.968257;;;;;;;;;;;
2024-08-29;2:01:00;четвер;місто;Львів;Галицький;проспект;Свободи, просп.;16;;наїзд на інші види перешкод;перевищення безпечної швидкості;2;легко травмований;легко травмований;;;;;;;;49.841664;24.028805;;;;;;;;;;;
2024-09-05;18:01:00;четвер;місто;Львів;Сихівський;вулиця;Довженка О.;;;наїзд на пішохода - пішохід рухався у попутному напрямку;порушення правил проїзду пішохідних переходів;2;без ушкоджень;легко травмований;;;;;;;;49.800007;24.054351;;;;;;;;;;;
2024-09-10;17:05:00;вівторок;місто;Львів;Личаківський;вулиця;Глинянський Тракт;18;;наїзд на велосипедиста - на велосипедній доріжці;порушення правил маневрування;2;без ушкоджень;легко травмований;;;;;;;;49.836775;24.072928;;;;;;;;;;;
2024-09-10;12:11:00;вівторок;місто;Львів;Личаківський;вулиця;Хмельницького Б.;176;;зіткнення бокове;перевищення безпечної швидкості;2;без ушкоджень;легко травмований;;;;;;;;49.861448;24.051036;;;;;;;;;;;
2024-08-17;9:37:00;субота;місто;Львів;Шевченківський;вулиця;Липинського В.;;вул. Липинського В. - просп. Чорновола В.;зіткнення бокове;порушення правил маневрування;3;без ушкоджень;легко травмований;легко травмований;;;;;;;49.857049;24.021692;;;;;;;;;;;
2024-08-21;18:35:00;середа;місто;Львів;Франківський;вулиця;Музики Я.;;вул. Музики Я. - вул. Молдавська;зіткнення бокове;порушення правил проїзду перехресть;3;без ушкоджень;без ушкоджень;легко травмований;;;;;;;49.815226;23.995525;;;;;;;;;;;
2024-09-08;16:09:00;неділя;місто;Львів;Франківський;вулиця;Стрийська;260;;наїзд на пішохода - пішохід рухався у попутному напрямку;перехід у невстановленому місці;2;без ушкоджень;легко травмований;;;;;;;;49.792042;24.015394;;;;;;;;;;;
2024-09-06;19:27:00;п'ятниця;місто;Львів;Франківський;вулиця;Володимира Великого;123б;;зіткнення бокове;порушення правил маневрування;2;легко травмований;легко травмований;;;;;;;;49.811446;23.989291;;;;;;;;;;;
2024-09-08;13:30:00;неділя;місто;Львів;Шевченківський;вулиця;Підзамче;1;;зіткнення бокове;порушення правил проїзду перехресть;2;без ушкоджень;легко травмований;;;;;;;;49.852915414785066;24.035068089115;;;;;;;;;;;
2024-09-07;13:30:00;субота;місто;Львів;Залізничний;вулиця;Виговського І.;;вул. Виговського І. - вул. Любінська;падіння пасажира;порушення правил перевезення пасажирів;2;без ушкоджень;легко травмований;;;;;;;;49.82063478504707;23.96902497255449;;;;;;;;;;;
2024-09-09;15:17:00;понеділок;місто;Львів;Шевченківський;вулиця;Грінченка Б.;11;;зіткнення бокове;порушення правил маневрування;2;без ушкоджень;легко травмований;;;;;;;;49.872506;24.056963;;;;;;;;;;;
2024-08-29;13:30:00;четвер;місто;Львів;Личаківський;вулиця;Личаківська;8;;наїзд на пішохода - пішохід рухався у попутному напрямку;інші порушення правил руху;2;без ушкоджень;легко травмований;;;;;;;;49.839643;24.038687;;;;;;;;;;;
2024-09-10;1:02:00;вівторок;місто;Львів;Шевченківський;вулиця;Липинського В.;30;;зіткнення бокове;недодержання дистанції;2;без ушкоджень;легко травмований;;;;;;;;49.861977;24.029267;;;;;;;;;;;
2024-08-15;14:50:00;четвер;місто;Львів;Шевченківський;вулиця;Шевченка Т.;106;;наїзд на пішохода - пішохід рухався у попутному напрямку;перехід у невстановленому місці;2;без ушкоджень;легко травмований;;;;;;;;49.847783;24.00186;;;;;;;;;;;
2024-08-31;18:15:00;субота;місто;Львів;Личаківський;вулиця;Зелена;20;;зіткнення бокове;порушення правил зупинки і стоянки транспортних засобів;3;без ушкоджень;легко травмований;легко травмований;;;;;;;49.833339;24.038724;;;;;;;;;;;
2024-08-24;19:40:00;субота;місто;Львів;Франківський;вулиця;Наукова;74;;наїзд на пішохода - пішохід рухався у попутному напрямку;невиконання вимог сигналів регулювання;3;без ушкоджень;помер на місці дтп;легко травмований;;;;;;;49.805294;23.991989;;;;;;;;;;;
2024-09-13;9:30:00;п'ятниця;село;Малехів;Шевченківський;вулиця;Галицька;1;;зіткнення лобове;порушення правил маневрування;3;без ушкоджень;без ушкоджень;легко травмований;;;;;;;49.87526;24.06598;;;;;;;;;;;
2024-08-25;20:01:00;неділя;місто;Львів;Залізничний;вулиця;Кульпарківська;226;;зіткнення бокове;недодержання дистанції;2;без ушкоджень;легко травмований;;;;;;;;49.804871;23.980467;;;;;;;;;;;
2024-08-14;7:59:00;середа;місто;Львів;Франківський;вулиця;Антоновича В.;;вул. Антоновича В. - вул. Кульпарківська;зіткнення бокове;невиконання вимог сигналів регулювання;2;без ушкоджень;легко травмований;;;;;;;;49.825484;23.989871;;;;;;;;;;;
2024-09-05;16:10:00;четвер;місто;Львів;Личаківський;вулиця;Личаківська;24;;наїзд на пішохода - пішохід рухався у попутному напрямку;перехід у невстановленому місці;2;без ушкоджень;легко травмований;;;;;;;;49.839813;24.041712;;;;;;;;;;;
2024-09-02;15:01:00;понеділок;місто;Львів;Залізничний;вулиця;Левандівська;23;;зіткнення бокове;порушення правил маневрування;2;без ушкоджень;легко травмований;;;;;;;;49.843871;23.982929;;;;;;;;;;;
2024-09-10;19:55:00;вівторок;місто;Львів;Залізничний;вулиця;Повітряна;15;;наїзд на пішохода - пішохід рухався у попутному напрямку;порушення правил проїзду пішохідних переходів;2;без ушкоджень;легко травмований;;;;;;;;49.845718;23.983192;;;;;;;;;;;
2024-08-14;8:40:00;середа;місто;Львів;Франківський;вулиця;Стрийська;350;;зіткнення бокове;порушення правил маневрування;3;без ушкоджень;без ушкоджень;легко травмований;;;;;;;49.778365;24.01393;;;;;;;;;;;
2024-09-11;16:05:00;середа;місто;Львів;Сихівський;вулиця;Сумська;9;;зіткнення бокове;порушення правил маневрування;2;без ушкоджень;легко травмований;;;;;;;;49.812408;24.038113;;;;;;;;;;;
2024-08-27;18:04:00;вівторок;місто;Львів;Сихівський;вулиця;Персенківка;;вул. Персенківка - вул. Стрийська;зіткнення бокове;порушення правил маневрування;2;без ушкоджень;легко травмований;;;;;;;;49.811259;24.019525;;;;;;;;;;;
2024-09-08;17:10:00;неділя;село;Рясне-Руське;Залізничний;площа;Незалежності;1;;наїзд на пішохода - пішохід рухався у попутному напрямку;порушення правил маневрування, керування транспортним засобом у нетверезому стані;2;легко травмований;легко травмований;;;;;;;;49.87364;23.911679;;;;;;;;;;;
2024-09-01;13:15:00;неділя;місто;Львів;Галицький;вулиця;Городоцька;;;падіння пасажира;порушення правил маневрування;2;без ушкоджень;легко травмований;;;;;;;;49.841331;24.015062;;;;;;;;;;;
2024-08-29;17:45:00;четвер;місто;Львів;Шевченківський;проспект;Чорновола В., просп.;67;;зіткнення бокове;недодержання дистанції;2;без ушкоджень;легко травмований;;;;;;;;49.85957;24.019192;;;;;;;;;;;
2024-08-14;9:35:00;середа;селище;Брюховичі;Шевченківський;вулиця;Володимира Івасюка;1а;;наїзд на транспортний засіб, що стоїть - по ходу руху;перевищення безпечної швидкості;2;без ушкоджень;легко травмований;;;;;;;;49.901946;23.940759;;;;;;;;;;;
2024-08-25;21:30:00;неділя;місто;Львів;Сихівський;проспект;Червоної Калини, просп.;;просп. Червоної Калини - вул. Коломийська;падіння пасажира;порушення правил маневрування;2;без ушкоджень;легко травмований;;;;;;;;49.787966;24.059232;;;;;;;;;;;
2024-08-22;13:20:00;четвер;місто;Львів;Сихівський;проспект;Червоної Калини, просп.;71;;зіткнення бокове;порушення правил маневрування;2;без ушкоджень;легко травмований;;;;;;;;49.796953;24.058192;;;;;;;;;;;
2024-09-04;0:08:00;середа;місто;Львів;Личаківський;вулиця;Зелена;;;падіння пасажира;порушення правил перевезення пасажирів;2;без ушкоджень;легко травмований;;;;;;;;49.83270428334588;24.040560182675502;;;;;;;;;;;
2024-08-23;11:30:00;п'ятниця;місто;Львів;Личаківський;вулиця;Зелена;64;;наїзд на транспортний засіб, що стоїть - по ходу руху;порушення правил маневрування;1;легко травмований;;;;;;;;;49.829042;24.044995;;;;;;;;;;;
2024-09-10;20:45:00;вівторок;місто;Львів;Шевченківський;вулиця;Мурована;5;;наїзд на пішохода - пішохід рухався у попутному напрямку;порушення правил проїзду пішохідних переходів;2;без ушкоджень;легко травмований;;;;;;;;49.876423;24.061813;;;;;;;;;;;
2024-08-19;23:05:00;понеділок;місто;Львів;Залізничний;площа;Двірцева, пл.;1;;наїзд на пішохода - пішохід рухався у попутному напрямку;неочікуваний вихід на проїжджу частину;2;без ушкоджень;легко травмований;;;;;;;;49.839792;23.994446;;;;;;;;;;;
2024-08-28;17:20:00;середа;місто;Львів;Сихівський;вулиця;Хоткевича Г.;36;;перекидання тз;перевищення безпечної швидкості;1;легко травмований;;;;;;;;;49.794913;24.0433;;;;;;;;;;;
2024-08-15;20:44:00;четвер;місто;Львів;Личаківський;вулиця;Левицького К.;29;;наїзд на пішохода - пішохід рухався у попутному напрямку;виїзд на смугу зустрічного руху;2;без ушкоджень;легко травмований;;;;;;;;49.834685;24.039851;;;;;;;;;;;
2024-08-02;23:01:00;п'ятниця;місто;Львів;Сихівський;вулиця;Стрийська;45;;перекидання тз;порушення правил маневрування;1;легко травмований;;;;;;;;;49.806744;24.019251;;;;;;;;;;;
2024-08-15;16:40:00;четвер;місто;Львів;Шевченківський;вулиця;Окуневського Т.;;вул. Окуневського Т. - вул. Липинського В.;наїзд на пішохода - пішохід рухався у попутному напрямку;порушення правил проїзду пішохідних переходів;2;без ушкоджень;легко травмований;;;;;;;;49.856247;24.019868;;;;;;;;;;;
2024-09-07;16:50:00;субота;селище;Брюховичі;Шевченківський;вулиця;Незалежності України;45;;зіткнення бокове;порушення правил маневрування, виїзд на смугу зустрічного руху;2;без ушкоджень;легко травмований;;;;;;;;49.895094;23.946365;;;;;;;;;;;
2024-08-28;16:32:00;середа;місто;Львів;Личаківський;вулиця;Пасічна;59;;наїзд на пішохода - пішохід рухався у попутному напрямку;порушення правил проїзду нерегульованих пішохідних переходів;2;без ушкоджень;легко травмований;;;;;;;;49.825986;24.073995;;;;;;;;;;;
2024-09-06;23:45:00;п'ятниця;місто;Львів;Галицький;проспект;Свободи, просп.;13;;наїзд на пішохода - пішохід рухався у попутному напрямку;порушення правил проїзду перехресть;2;без ушкоджень;легко травмований;;;;;;;;49.840764;24.026982;;;;;;;;;;;
2024-08-29;9:55:00;четвер;місто;Львів;Личаківський;вулиця;Франка І.;25;;зіткнення бокове;перевищення безпечної швидкості;2;без ушкоджень;легко травмований;;;;;;;;49.835083;24.035237;;;;;;;;;;;
2024-08-14;21:38:00;середа;місто;Львів;Сихівський;вулиця;Зелена;293;;зіткнення лобове;порушення правил маневрування;3;легко травмований;легко травмований;легко травмований;;;;;;;49.799093;24.069908;;;;;;;;;;;
2024-09-13;17:15:00;п'ятниця;місто;Львів;Франківський;вулиця;Янева В.;;вул. Янева В. - вул. Володимира Великого;зіткнення бокове;порушення правил маневрування;2;без ушкоджень;легко травмований;;;;;;;;49.809036;24.011736;;;;;;;;;;;
2024-08-31;16:26:00;субота;місто;Львів;Залізничний;вулиця;Шевченка Т.;31;;зіткнення бокове;порушення правил маневрування;2;легко травмований;легко травмований;;;;;;;;49.845552;24.006726;;;;;;;;;;;
2024-09-11;15:25:00;середа;місто;Львів;Галицький;вулиця;Коперника М.;2;;перекидання тз;перевищення безпечної швидкості;1;легко травмований;;;;;;;;;49.839256;24.028253;;;;;;;;;;;
2024-08-29;20:40:00;четвер;місто;Львів;Шевченківський;проспект;Чорновола В., просп.;93;;наїзд на пішохода - пішохід рухався у попутному напрямку;порушення правил проїзду пішохідних переходів;2;без ушкоджень;легко травмований;;;;;;;;49.862402;24.018393;;;;;;;;;;;
2024-08-23;15:36:00;п'ятниця;місто;Львів;Галицький;вулиця;Городоцька;42;;зіткнення бокове;порушення правил маневрування;3;без ушкоджень;без ушкоджень;легко травмований;;;;;;;49.840373;24.012428;;;;;;;;;;;
2024-09-13;13:30:00;п'ятниця;місто;Львів;Залізничний;вулиця;Повітряна;10;;наїзд на пішохода - на регульованому пішохідному переході;порушення правил під час руху заднім ходом;2;без ушкоджень;легко травмований;;;;;;;;49.845867;23.982441;;;;;;;;;;;
2024-09-08;9:30:00;неділя;місто;Львів;Залізничний;вулиця;Виговського І.;32;;падіння пасажира;порушення правил маневрування;2;без ушкоджень;легко травмований;;;;;;;;49.825263;23.966702;;;;;;;;;;;
2024-08-22;16:45:00;четвер;місто;Львів;Сихівський;вулиця;Зелена;283;;зіткнення бокове;порушення правил маневрування;2;без ушкоджень;легко травмований;;;;;;;;49.800401;24.067365;;;;;;;;;;;
2024-08-27;21:01:00;вівторок;селище;Брюховичі;Шевченківський;вулиця;;;Ліс;перекидання тз;перевищення безпечної швидкості;1;легко травмований;;;;;;;;;49.8967231779228;23.965981444382425;;;;;;;;;;;
2024-09-06;16:50:00;п'ятниця;місто;Львів;Личаківський;вулиця;Пасічна;59;;падіння пасажира;порушення правил маневрування;2;без ушкоджень;легко травмований;;;;;;;;49.825868;24.073647;;;;;;;;;;;
2024-08-19;14:20:00;понеділок;місто;Львів;Залізничний;вулиця;Садова;2а;;зіткнення бокове;порушення правил проїзду перехресть;2;без ушкоджень;легко травмований;;;;;;;;49.822702;23.983186;;;;;;;;;;;
2024-09-18;12:05:00;середа;місто;Львів;Залізничний;вулиця;Городоцька;245;;наїзд на пішохода - пішохід рухався у попутному напрямку;порушення правил проїзду пішохідних переходів;2;без ушкоджень;легко травмований;;;;;;;;49.830879;23.971599;;;;;;;;;;;
2024-09-22;11:10:00;неділя;місто;Львів;Личаківський;вулиця;Личаківська;227;;зіткнення бокове;виїзд на смугу зустрічного руху;4;без ушкоджень;легко травмований;легко травмований;легко травмований;;;;;;49.83583;24.075739;;;;;;;;;;;
2024-10-07;22:10:00;понеділок;місто;Львів;Галицький;вулиця;Городоцька;7;;зіткнення бокове;порушення правил маневрування;3;без ушкоджень;без ушкоджень;легко травмований;;;;;;;49.844099;24.024541;;;;;;;;;;;
2024-09-15;23:06:00;неділя;місто;Львів;Личаківський;вулиця;Кордуби М.;12;;наїзд на пішохода - на нерегульованому пішохідному переході;порушення правил проїзду пішохідних переходів;2;без ушкоджень;легко травмований;;;;;;;;49.85083;24.049914;;;;;;;;;;;
2024-10-07;15:42:00;понеділок;місто;Львів;Франківський;вулиця;Окружна;;вул. Окружна - вул. Сулими І.;зіткнення з задньою частиною тз;порушення правил проїзду перехресть;2;без ушкоджень;легко травмований;;;;;;;;49.829747;23.979646;;;;;;;;;;;
2024-09-26;13:18:00;четвер;місто;Львів;Франківський;вулиця;Тобілевича І.;11;;наїзд на пішохода - пішохід рухався у попутному напрямку;неочікуваний вихід на проїжджу частину;2;без ушкоджень;легко травмований;;;;;;;;49.835996;24.0034;;;;;;;;;;;
2024-10-07;9:15:00;понеділок;місто;Львів;Сихівський;вулиця;Зелена;278;;наїзд на пішохода - на регульованому пішохідному переході;порушення правил маневрування;2;без ушкоджень;легко травмований;;;;;;;;49.79778;24.071404;;;;;;;;;;;
2024-10-07;13:20:00;понеділок;місто;Львів;Франківський;вулиця;Володимира Великого;24а;;падіння пасажира;порушення правил маневрування;2;без ушкоджень;легко травмований;;;;;;;;49.810642;23.997767;;;;;;;;;;;
2024-09-23;15:01:00;понеділок;місто;Львів;Шевченківський;вулиця;Шевченка Т.;;;падіння пасажира;порушення правил перевезення пасажирів;2;без ушкоджень;легко травмований;;;;;;;;49.862963;23.963284;;;;;;;;;;;
2024-10-09;9:31:00;середа;місто;Львів;Сихівський;вулиця;Зелена;212;;зіткнення лобове;порушення правил маневрування;2;без ушкоджень;легко травмований;;;;;;;;49.80879;24.061303;;;;;;;;;;;
2024-09-27;22:01:00;п'ятниця;місто;Львів;Франківський;вулиця;Боберського І.;;вул. Боберського І. - вул. Зерова М.;зіткнення бокове;керування транспортним засобом у нетверезому стані;2;без ушкоджень;легко травмований;;;;;;;;49.832848;23.992285;;;;;;;;;;;
2024-09-24;1:35:00;вівторок;місто;Львів;Залізничний;вулиця;Городоцька;;вул. Городоцька - вул. Збиральна;наїзд на інші види перешкод;перевищення безпечної швидкості;2;легко травмований;легко травмований;;;;;;;;49.827408;23.928738;;;;;;;;;;;
2024-09-26;8:01:00;четвер;місто;Львів;Шевченківський;вулиця;Шевченка Т.;313;;наїзд на пішохода - пішохід рухався у попутному напрямку;порушення правил проїзду пішохідних переходів;2;без ушкоджень;легко травмований;;;;;;;;49.869882;23.943227;;;;;;;;;;;
2024-09-20;9:06:00;п'ятниця;місто;Львів;Личаківський;вулиця;Личаківська;86;;наїзд на пішохода - на регульованому пішохідному переході;порушення правил проїзду регульованих пішохідних переходів;3;без ушкоджень;без ушкоджень;легко травмований;;;;;;;49.837079;24.061314;;;;;;;;;;;
2024-09-27;20:40:00;п'ятниця;місто;Львів;Галицький;вулиця;Городоцька;105;;наїзд на пішохода - пішохід рухався у попутному напрямку;неочікуваний вихід на проїжджу частину;2;без ушкоджень;тяжко травмований;;;;;;;;49.838481;24.00833;;;;;;;;;;;
2024-09-27;8:58:00;п'ятниця;місто;Львів;Личаківський;вулиця;Личаківська;15;;наїзд на пішохода - на нерегульованому пішохідному переході;порушення правил проїзду пішохідних переходів;2;без ушкоджень;легко травмований;;;;;;;;49.839899;24.039577;;;;;;;;;;;
2024-09-16;21:41:00;понеділок;місто;Дубляни;Шевченківський;вулиця;Володимира Великого;;;зіткнення бокове;інші порушення правил проїзду регульованих перехресть;2;без ушкоджень;легко травмований;;;;;;;;49.889568;24.089713;;;;;;;;;;;
2024-09-16;19:30:00;понеділок;місто;Львів;Франківський;вулиця;Княгині Ольги;100;;перекидання тз;перевищення безпечної швидкості;1;легко травмований;;;;;;;;;49.816136;24.002042;;;;;;;;;;;
2024-09-30;19:38:00;понеділок;місто;Львів;Залізничний;вулиця;Городоцька;;Міст;наїзд на пішохода - на регульованому пішохідному переході;перехід пішоходів у невстановленому місці;2;без ушкоджень;легко травмований;;;;;;;;49.825387;23.939359;;;;;;;;;;;
2024-09-28;19:53:00;субота;місто;Львів;Личаківський;вулиця;Личаківська;15;;зіткнення бокове;перевищення безпечної швидкості;2;без ушкоджень;легко травмований;;;;;;;;49.839986;24.039593;;;;;;;;;;;
2024-09-15;23:39:00;неділя;місто;Львів;Залізничний;вулиця;Виговського І.;72;;наїзд на дорожний знак, бордюрний камінь;порушення правил маневрування;2;легко травмований;легко травмований;;;;;;;;49.822555;23.967611;;;;;;;;;;;
2024-10-11;16:15:00;п'ятниця;місто;Львів;Шевченківський;проспект;Чорновола В., просп.;63;;наїзд на пішохода - пішохід рухався у попутному напрямку;порушення правил маневрування;2;без ушкоджень;легко травмований;;;;;;;;49.857478;24.02092;;;;;;;;;;;
2024-09-30;12:01:00;понеділок;місто;Львів;Личаківський;вулиця;Ковельська;;вул. Ковельська - вул. Горіхова;наїзд на пішохода - на нерегульованому пішохідному переході;порушення правил проїзду пішохідних переходів;2;без ушкоджень;легко травмований;;;;;;;;49.85662;24.056969;;;;;;;;;;;
2024-09-30;11:40:00;понеділок;місто;Львів;Шевченківський;проспект;Чорновола В., просп.;45а;;наїзд на пішохода - пішохід рухався у зустрічному напрямку;порушення правил маневрування;2;без ушкоджень;легко травмований;;;;;;;;49.852435;24.023613;;;;;;;;;;;
2024-10-12;16:55:00;субота;місто;Львів;Залізничний;вулиця;Курмановича В., ген.;1;;наїзд на інші види перешкод;перевищення безпечної швидкості;1;легко травмований;;;;;;;;;49.829651;23.949718;;;;;;;;;;;
2024-09-15;20:09:00;неділя;місто;Львів;Залізничний;вулиця;Виговського І.;1;;наїзд на інші види перешкод;перевищення безпечної швидкості;1;легко травмований;;;;;;;;;49.829938;23.96822;;;;;;;;;;;
2024-10-06;16:45:00;неділя;місто;Львів;Шевченківський;вулиця;Шевченка Т.;386;;зіткнення лобове;інші порушення правил проїзду регульованих перехресть;3;без ушкоджень;легко травмований;легко травмований;;;;;;;49.870722;23.945198;;;;;;;;;;;
2024-10-03;20:45:00;четвер;місто;Львів;Сихівський;проспект;Червоної Калини, просп.;34а;;зіткнення бокове;порушення правил маневрування;2;без ушкоджень;легко травмований;;;;;;;;49.804006;24.046106;;;;;;;;;;;
2024-09-08;12:10:00;неділя;місто;Львів;Шевченківський;вулиця;Тунельна;11;;наїзд на пішохода - на нерегульованому пішохідному переході;порушення правил проїзду пішохідних переходів;2;без ушкоджень;легко травмований;;;;;;;;49.862461;24.003523;;;;;;;;;;;
2024-09-20;20:59:00;п'ятниця;місто;Львів;Шевченківський;вулиця;о. Омеляна Ковча;;;наїзд на інші види перешкод;керування транспортним засобом у нетверезому стані, перевищення безпечної швидкості, порушення правил маневрування;1;легко травмований;;;;;;;;;49.858176;23.985472;;;;;;;;;;;
2024-09-21;13:55:00;субота;місто;Львів;Личаківський;вулиця;Глинянський Тракт;139;;перекидання тз;перевищення безпечної швидкості;1;легко травмований;;;;;;;;;49.841266;24.095533;;;;;;;;;;;
2024-10-09;15:21:00;середа;місто;Львів;Шевченківський;вулиця;Мазепи І., гетьм.;15;;наїзд на пішохода - на регульованому пішохідному переході;порушення правил проїзду регульованих пішохідних переходів;2;без ушкоджень;легко травмований;;;;;;;;49.871254;24.036605;;;;;;;;;;;
2024-09-23;23:26:00;понеділок;місто;Львів;Залізничний;вулиця;Патона Є.;34;;перекидання тз;перевищення безпечної швидкості;1;легко травмований;;;;;;;;;49.82562927278846;23.947401493777654;;;;;;;;;;;
2024-09-14;20:21:00;субота;місто;Львів;Сихівський;вулиця;Максимовича М.;4;;наїзд на пішохода - на регульованому пішохідному переході;порушення правил проїзду нерегульованих пішохідних переходів;2;без ушкоджень;легко травмований;;;;;;;;49.793609;24.021507;;;;;;;;;;;
2024-09-14;20:20:00;субота;місто;Винники;Личаківський;вулиця;Франка І.;35;;наїзд на інші види перешкод;перевищення безпечної швидкості;2;без ушкоджень;легко травмований;;;;;;;;49.814647;24.140391;;;;;;;;;;;
2024-10-10;12:21:00;четвер;місто;Дубляни;Шевченківський;вулиця;Данила Галицького;126;;зіткнення лобове;перевищення безпечної швидкості;3;без ушкоджень;легко травмований;легко травмований;;;;;;;49.907218;24.093263;;;;;;;;;;;
2024-10-04;6:35:00;п'ятниця;місто;Львів;Личаківський;вулиця;Хмельницького Б.;225;;наїзд на пішохода - на нерегульованому пішохідному переході;порушення правил маневрування, порушення правил проїзду пішохідних переходів;2;без ушкоджень;тяжко травмований;;;;;;;;49.86399;24.052339;;;;;;;;;;;
2024-09-26;9:04:00;четвер;місто;Львів;Шевченківський;вулиця;Ряснянська;;вул. Ряснянська - вул. Алмазова;зіткнення бокове;порушення правил проїзду перехресть;2;без ушкоджень;легко травмований;;;;;;;;49.871766;23.954852;;;;;;;;;;;
2024-10-10;21:52:00;четвер;місто;Львів;Залізничний;вулиця;Городоцька;124;;перекидання тз;перевищення безпечної швидкості;1;легко травмований;;;;;;;;;49.834824;23.991705;;;;;;;;;;;
2024-10-02;12:07:00;середа;село;Малехів;Шевченківський;вулиця;Стуса Василя;1;;зіткнення бокове;порушення правил маневрування;2;без ушкоджень;легко травмований;;;;;;;;49.883659;24.075492;;;;;;;;;;;
2024-10-11;13:24:00;п'ятниця;місто;Львів;Галицький;проспект;Свободи, просп.;35;;зіткнення бокове;недодержання дистанції;4;без ушкоджень;без ушкоджень;без ушкоджень;легко травмований;;;;;;49.842919;24.026343;;;;;;;;;;;
2024-10-10;10:50:00;четвер;місто;Львів;Личаківський;вулиця;Хмельницького Б.;120;;наїзд на пішохода - на нерегульованому пішохідному переході;порушення правил проїзду пішохідних переходів;2;без ушкоджень;легко травмований;;;;;;;;49.854739;24.044545;;;;;;;;;;;
2024-09-20;13:51:00;п'ятниця;місто;Львів;Шевченківський;вулиця;Мазепи І., гетьм.;14;;падіння пасажира;порушення техніки безпеки пасажиром;2;без ушкоджень;легко травмований;;;;;;;;49.870881;24.034175;;;;;;;;;;;
2024-10-05;4:52:00;субота;місто;Львів;Галицький;проспект;Свободи, просп.;;просп. Свободи - вул. Беринди П.;зіткнення бокове;порушення правил маневрування;2;без ушкоджень;легко травмований;;;;;;;;49.84066;24.028725;;;;;;;;;;;
2024-09-16;20:11:00;понеділок;місто;Львів;Франківський;вулиця;Наукова;7г;;зіткнення бокове;порушення правил маневрування;3;без ушкоджень;без ушкоджень;легко травмований;;;;;;;49.802707;24.003593;;;;;;;;;;;
2024-09-19;17:01:00;четвер;місто;Львів;Шевченківський;вулиця;Яблонської С.;8;;наїзд на пішохода - пішохід рухався у попутному напрямку;порушення правил проїзду перехресть;2;без ушкоджень;легко травмований;;;;;;;;49.853812;24.028988;;;;;;;;;;;
2024-10-04;21:20:00;п'ятниця;місто;Львів;Сихівський;вулиця;Стрийська;;вул. Стрийська - вул. Максимовича М.;зіткнення з задньою частиною тз;керування транспортним засобом у нетверезому стані, недодержання дистанції;2;без ушкоджень;легко травмований;;;;;;;;49.794217;24.016414;;;;;;;;;;;