accidentDate;accidentTime;accidentDay;settlementType;settlement;district;streetType;streetName;houseNumber;locationComments;accidentType;mainAccidentCause;totalParticipantsAmount;injuryStatusParticipant1;injuryStatusParticipant2;injuryStatusParticipant3;injuryStatusParticipant4;injuryStatusParticipant5;injuryStatusParticipant6;injuryStatusParticipant7;injuryStatusParticipant8;injuryStatusParticipant9;latitude;longitude;injuryStatusParticipant10;injuryStatusParticipant11;injuryStatusParticipant12;injuryStatusParticipant13;injuryStatusParticipant14;injuryStatusParticipant15;injuryStatusParticipant16;injuryStatusParticipant17;injuryStatusParticipant18;injuryStatusParticipant19;injuryStatusParticipant20
2024-10-07;22:25:00;понеділок;місто;Львів;Галицький;площа;Франка І.;16;;наїзд на пішохода - пішохід на тротуарі чи велосипедній доріжці;виїзд на смугу зустрічного руху;2;без ушкоджень;легко травмований;;;;;;;;49.835394;24.034899;;;;;;;;;;;
2024-10-09;18:01:00;середа;місто;Львів;Шевченківський;вулиця;Шевченка Т.;60;;наїзд на пішохода - стояв на проїжджій частині;порушення правил під час зміни напрямку руху, не пов’язане з перестроюванням;2;без ушкоджень;легко травмований;;;;;;;;49.84494;24.009719;;;;;;;;;;;
2024-10-11;17:09:00;п'ятниця;місто;Львів;Шевченківський;вулиця;Брюховицька;;;наїзд на інші види перешкод;порушення правил маневрування;2;без ушкоджень;легко травмований;;;;;;;;49.866593;23.967941;;;;;;;;;;;
2024-09-27;18:20:00;п'ятниця;місто;Львів;Сихівський;вулиця;Дністерська;1а;;наїзд на пішохода - пішохід рухався у зустрічному напрямку;неочікуваний вихід на проїжджу частину;2;без ушкоджень;тяжко травмований;;;;;;;;49.81808;24.05746;;;;;;;;;;;
2024-10-07;19:01:00;понеділок;місто;Дубляни;Шевченківський;вулиця;Львівська;17а;;наїзд на пішохода - пішохід на тротуарі чи велосипедній доріжці;порушення правил маневрування;2;без ушкоджень;легко травмований;;;;;;;;49.889934444948295;24.09068151472904;;;;;;;;;;;
2024-09-20;23:30:00;п'ятниця;місто;Львів;Сихівський;вулиця;Бережанська;57;;наїзд на інші види перешкод;порушення швидкості руху;1;легко травмований;;;;;;;;;49.802624;24.050193;;;;;;;;;;;
2024-10-08;18:10:00;вівторок;місто;Львів;Шевченківський;проспект;Чорновола В., просп.;43а;;зіткнення бокове;порушення правил маневрування;3;без ушкоджень;без ушкоджень;легко травмований;;;;;;;49.854202;24.022878;;;;;;;;;;;
2024-09-17;23:37:00;вівторок;місто;Львів;Шевченківський;вулиця;Промислова;29;;зіткнення бокове;керування транспортним засобом у нетверезому стані;3;без ушкоджень;помер на місці дтп;тяжко травмований;;;;;;;49.85966;24.043037;;;;;;;;;;;
2024-10-03;7:57:00;четвер;місто;Львів;Шевченківський;вулиця;Замарстинівська;67;;наїзд на пішохода - на регульованому пішохідному переході;перевищення безпечної швидкості;2;без ушкоджень;легко травмований;;;;;;;;49.855738;24.028285;;;;;;;;;;;
2024-10-11;9:47:00;п'ятниця;місто;Винники;Личаківський;вулиця;Франка І.;124а;;наїзд на пішохода - пішохід переходив дорогу поза межами піш. переходу;перехід пішоходів у невстановленому місці;2;без ушкоджень;легко травмований;;;;;;;;49.808541;24.139393;;;;;;;;;;;
2024-09-17;19:45:00;вівторок;місто;Львів;Франківський;вулиця;Наукова;;вул. Наукова - вул. Стрийська, 148;наїзд на пішохода - пішохід рухався у попутному напрямку;порушення правил проїзду пішохідних переходів;2;легко травмований;легко травмований;;;;;;;;49.80232;24.014761;;;;;;;;;;;
2024-09-24;13:50:00;вівторок;місто;Львів;Франківський;вулиця;Кульпарківська;19;;наїзд на пішохода - пішохід рухався у попутному напрямку;керування транспортним засобом у стані сп'яніння;2;без ушкоджень;легко травмований;;;;;;;;49.833087;23.99096;;;;;;;;;;;
2024-09-24;8:45:00;вівторок;місто;Львів;Залізничний;вулиця;Патона Є.;31;;наїзд на пішохода - пішохід рухався у попутному напрямку;перехід у невстановленому місці;2;без ушкоджень;легко травмований;;;;;;;;49.823082;23.960667;;;;;;;;;;;
2024-09-20;16:40:00;п'ятниця;місто;Львів;Залізничний;вулиця;Городоцька;228;;зіткнення бокове;порушення правил маневрування;2;без ушкоджень;легко травмований;;;;;;;;49.830858;23.969679;;;;;;;;;;;
2024-09-18;12:40:00;середа;місто;Львів;Шевченківський;вулиця;Хвильового М.;19а;;зіткнення бокове;порушення правил проїзду перехресть;3;без ушкоджень;легко травмований;легко травмований;;;;;;;49.868965;24.033692;;;;;;;;;;;
2024-09-15;13:24:00;неділя;місто;Львів;Шевченківський;вулиця;Городоцька;26;;падіння пасажира;порушення правил перевезення пасажирів;2;без ушкоджень;легко травмований;;;;;;;;49.842902;24.019353;;;;;;;;;;;
2024-10-08;23:50:00;вівторок;місто;Львів;Галицький;вулиця;Городоцька;4;;зіткнення бокове;порушення правил проїзду перехресть;3;без ушкоджень;без ушкоджень;легко травмований;;;;;;;49.844224;24.024761;;;;;;;;;;;
2024-09-25;23:28:00;середа;місто;Львів;Залізничний;вулиця;Любінська;102;;наїзд на пішохода - пішохід рухався у попутному напрямку;перехід у невстановленому місці;2;без ушкоджень;тяжко травмований;;;;;;;;49.82212;23.971809;;;;;;;;;;;
2024-09-25;17:45:00;середа;місто;Львів;Франківський;вулиця;Пулюя І.;36;;наїзд на пішохода - пішохід на тротуарі чи велосипедній доріжці;інші порушення правил руху;2;без ушкоджень;легко травмований;;;;;;;;49.800952;23.990675;;;;;;;;;;;
2024-09-14;20:15:00;субота;місто;Львів;Франківський;вулиця;Тролейбусна;1;;падіння пасажира;перевищення безпечної швидкості;2;без ушкоджень;легко травмований;;;;;;;;49.807506;24.007444;;;;;;;;;;;
2024-10-05;6:06:00;субота;місто;Львів;Залізничний;вулиця;Виговського І.;;вул. Виговського І. - вул. Городоцька;зіткнення бокове;невиконання вимог сигналів регулювання;3;без ушкоджень;легко травмований;легко травмований;;;;;;;49.830578;23.968241;;;;;;;;;;;
2024-10-08;10:50:00;вівторок;місто;Львів;Галицький;вулиця;Шпитальна;17;;наїзд на пішохода - пішохід рухався у попутному напрямку;порушення правил маневрування;2;без ушкоджень;легко травмований;;;;;;;;49.844691;24.021724;;;;;;;;;;;
2024-09-11;22:01:00;середа;місто;Львів;Галицький;проспект;Чорновола В., просп.;1;;наїзд на пішохода - на регульованому пішохідному переході;порушення правил маневрування;2;без ушкоджень;легко травмований;;;;;;;;49.846645;24.025319;;;;;;;;;;;
2024-09-29;12:02:00;неділя;місто;Львів;Франківський;вулиця;Наукова;;вул. Наукова - вул. Стрийська, 148;зіткнення бокове;недодержання дистанції;3;без ушкоджень;без ушкоджень;легко травмований;;;;;;;49.801901;24.017932;;;;;;;;;;;
2024-10-02;17:55:00;середа;місто;Львів;Шевченківський;вулиця;Миколайчука І.;30;;наїзд на пішохода - на регульованому пішохідному переході;порушення правил проїзду пішохідних переходів;2;без ушкоджень;легко травмований;;;;;;;;49.879101;24.036226;;;;;;;;;;;
2024-09-14;9:57:00;субота;місто;Львів;Сихівський;вулиця;Липова Алея;1;;падіння пасажира;порушення правил перевезення пасажирів;2;без ушкоджень;легко травмований;;;;;;;;49.820767;24.05529;;;;;;;;;;;
2024-10-13;17:34:00;неділя;місто;Львів;Галицький;площа;Галицька;;;наїзд на пішохода - пішохід рухався у попутному напрямку;порушення правил проїзду пішохідних переходів;2;без ушкоджень;легко травмований;;;;;;;;49.839487;24.032491;;;;;;;;;;;
2024-10-05;16:51:00;субота;місто;Львів;Франківський;вулиця;Трускавецька;;вул. Трускавецька - вул. Кульпарківська;зіткнення бокове;перевищення безпечної швидкості, недодержання дистанції;3;без ушкоджень;без ушкоджень;легко травмований;;;;;;;49.801184;23.980687;;;;;;;;;;;
2024-10-02;8:30:00;середа;місто;Львів;Личаківський;вулиця;Палія С.;11б;;наїзд на пішохода - на регульованому пішохідному переході;порушення правил маневрування;2;без ушкоджень;легко травмований;;;;;;;;49.834457;24.03704;;;;;;;;;;;
2024-10-12;15:01:00;субота;місто;Львів;Франківський;вулиця;Кульпарківська;59;;наїзд на пішохода - пішохід рухався у попутному напрямку;порушення правил проїзду пішохідних переходів;2;без ушкоджень;легко травмований;;;;;;;;49.82681;23.989956;;;;;;;;;;;
2024-10-09;8:50:00;середа;місто;Львів;Залізничний;вулиця;Авіаційна;7;;зіткнення лобове;недодержання дистанції;2;без ушкоджень;легко травмований;;;;;;;;49.814789;23.930368;;;;;;;;;;;
2024-10-10;9:35:00;четвер;місто;Львів;Галицький;вулиця;Городоцька;25;;падіння пасажира;порушення техніки безпеки пасажиром;2;без ушкоджень;легко травмований;;;;;;;;49.843217;24.022454;;;;;;;;;;;
2024-09-17;13:50:00;вівторок;місто;Львів;Залізничний;вулиця;Повітряна;34;;наїзд на велосипедиста - велосипедист рухався у попутному напрямку;порушення правил маневрування;2;без ушкоджень;легко травмований;;;;;;;;49.844991;23.975832;;;;;;;;;;;
2024-10-03;13:56:00;четвер;місто;Львів;Залізничний;вулиця;Любінська;92;;наїзд на пішохода - на нерегульованому пішохідному переході;порушення правил проїзду нерегульованих пішохідних переходів;2;без ушкоджень;легко травмований;;;;;;;;49.82495;23.97841;;;;;;;;;;;
2024-10-13;16:14:00;неділя;місто;Львів;Галицький;площа;Соборна, пл.;7;;наїзд на пішохода - пішохід рухався у попутному напрямку;порушення правил проїзду нерегульованих пішохідних переходів;2;без ушкоджень;легко травмований;;;;;;;;49.838339;24.035484;;;;;;;;;;;
2024-10-02;15:11:00;середа;місто;Львів;Галицький;вулиця;Стрийська;3;;перекидання тз;порушення правил маневрування;1;легко травмований;;;;;;;;;49.828955;24.031836;;;;;;;;;;;
2024-09-17;12:30:00;вівторок;місто;Львів;Залізничний;вулиця;Городоцька;153;;падіння пасажира;порушення правил маневрування;2;без ушкоджень;легко травмований;;;;;;;;49.836419;24.000428;;;;;;;;;;;
2024-09-19;13:50:00;четвер;місто;Львів;Галицький;вулиця;Франка І.;16;;наїзд на пішохода - пішохід рухався у попутному напрямку;неочікуваний вихід на проїжджу частину;2;без ушкоджень;легко травмований;;;;;;;;49.835374;24.034749;;;;;;;;;;;
2024-09-05;12:20:00;четвер;місто;Львів;Шевченківський;вулиця;Грінченка Б.;6б;;наїзд на пішохода - на нерегульованому пішохідному переході;порушення правил проїзду пішохідних переходів;2;без ушкоджень;легко травмований;;;;;;;;49.872737;24.050494;;;;;;;;;;;
2024-10-22;15:55:00;вівторок;місто;Львів;Сихівський;вулиця;Вашингтона Дж.;6а;;наїзд на пішохода - пішохід рухався у попутному напрямку;порушення правил проїзду пішохідних переходів;2;без ушкоджень;легко травмований;;;;;;;;49.815772;24.068636;;;;;;;;;;;
2024-10-20;20:27:00;неділя;місто;Львів;Галицький;вулиця;Бандери С.;9;;наїзд на пішохода - пішохід рухався у попутному напрямку;невиконання вимог сигналів регулювання;2;без ушкоджень;легко травмований;;;;;;;;49.834481;24.017374;;;;;;;;;;;
2024-11-04;14:50:00;понеділок;місто;Львів;Шевченківський;вулиця;Шевченка Т.;322;;зіткнення бокове;порушення правил маневрування;4;без ушкоджень;без ушкоджень;легко травмований;легко травмований;;;;;;49.864937;23.958929;;;;;;;;;;;
2024-11-11;18:10:00;понеділок;місто;Львів;Франківський;вулиця;Стрийська;88;;зіткнення бокове;недодержання дистанції;4;без ушкоджень;без ушкоджень;без ушкоджень;легко травмований;;;;;;49.817202;24.019809;;;;;;;;;;;
2024-10-23;17:40:00;середа;місто;Львів;Франківський;вулиця;Кульпарківська;123;;наїзд на пішохода - пішохід рухався у попутному напрямку;перехід пішоходів у невстановленому місці;2;без ушкоджень;легко травмований;;;;;;;;49.809628;23.983675;;;;;;;;;;;
2024-10-17;21:01:00;четвер;місто;Львів;Личаківський;вулиця;Пасічна;2;;наїзд на пішохода - пішохід рухався у попутному напрямку;перехід у невстановленому місці;2;без ушкоджень;легко травмований;;;;;;;;49.835102;24.068128;;;;;;;;;;;
2024-10-28;16:43:00;понеділок;місто;Львів;Шевченківський;проспект;Чорновола В., просп.;12;;наїзд на велосипедиста - велосипедист рухався у попутному напрямку;порушення правил маневрування;2;без ушкоджень;легко травмований;;;;;;;;49.85635;24.022422;;;;;;;;;;;
2024-11-05;10:42:00;вівторок;місто;Винники;Личаківський;вулиця;О. Любич-Парахоняк;10;;наїзд на велосипедиста - велосипедист рухався у попутному напрямку;недодержання дистанції;2;без ушкоджень;легко травмований;;;;;;;;49.821515;24.140707;;;;;;;;;;;
2024-10-29;18:32:00;вівторок;місто;Львів;Залізничний;вулиця;Виговського І.;;;падіння пасажира;порушення правил маневрування;2;без ушкоджень;легко травмований;;;;;;;;49.813924;23.976245;;;;;;;;;;;
2024-11-01;15:30:00;п'ятниця;місто;Львів;Шевченківський;вулиця;Липинського В.;13;;зіткнення бокове;порушення правил маневрування;2;без ушкоджень;легко травмований;;;;;;;;49.857927;24.023843;;;;;;;;;;;
2024-10-28;12:01:00;понеділок;місто;Львів;Франківський;вулиця;Героїв УПА;73;;наїзд на пішохода - на нерегульованому пішохідному переході;порушення правил проїзду пішохідних переходів;2;без ушкоджень;легко травмований;;;;;;;;49.828702;23.991582;;;;;;;;;;;
2024-11-01;8:40:00;п'ятниця;місто;Львів;Сихівський;вулиця;Сихівська;24;;наїзд на пішохода - пішохід рухався у попутному напрямку;перехід у невстановленому місці;2;без ушкоджень;легко травмований;;;;;;;;49.795547;24.062365;;;;;;;;;;;
2024-11-14;8:30:00;четвер;місто;Львів;Личаківський;вулиця;Ніщинського П.;;вул. Ніщинського П. - вул. Казахська;наїзд на пішохода - на регульованому пішохідному переході;перевищення безпечної швидкості;2;без ушкоджень;легко травмований;;;;;;;;49.838294;24.067322;;;;;;;;;;;
2024-11-04;9:01:00;понеділок;місто;Львів;Личаківський;вулиця;Мечникова І.;;;наїзд на пішохода - пішохід рухався у попутному напрямку;порушення правил проїзду пішохідних переходів;2;без ушкоджень;легко травмований;;;;;;;;49.834052;24.052291;;;;;;;;;;;
2024-11-13;10:27:00;середа;місто;Львів;Личаківський;вулиця;Личаківська;28;;падіння пасажира;порушення техніки безпеки пасажиром;2;без ушкоджень;легко травмований;;;;;;;;49.839986;24.043204;;;;;;;;;;;
2024-11-06;17:01:00;середа;місто;Львів;Личаківський;вулиця;Личаківська;232;;зіткнення бокове;порушення швидкості руху;2;без ушкоджень;легко травмований;;;;;;;;49.836142;24.066474;;;;;;;;;;;
2024-11-05;0:06:00;вівторок;місто;Львів;Франківський;вулиця;Володимира Великого;35а;;перекидання тз;перевищення безпечної швидкості;1;легко травмований;;;;;;;;;49.809604;24.005261;;;;;;;;;;;
2024-10-21;18:01:00;понеділок;місто;Львів;Залізничний;вулиця;Городоцька;104;;наїзд на велосипедиста - велосипедист рухався у попутному напрямку;порушення правил проїзду пішохідних переходів;2;без ушкоджень;легко травмований;;;;;;;;49.837277;24.003941;;;;;;;;;;;
2024-11-05;20:01:00;вівторок;місто;Львів;Шевченківський;вулиця;Промислова;52;;наїзд на пішохода - пішохід рухався у попутному напрямку;порушення правил проїзду пішохідних переходів;2;без ушкоджень;легко травмований;;;;;;;;49.860922;24.043751;;;;;;;;;;;
2024-10-23;18:05:00;середа;місто;Львів;Франківський;вулиця;Княгині Ольги;59;;наїзд на пішохода - пішохід рухався у попутному напрямку;порушення правил проїзду пішохідних переходів;3;без ушкоджень;легко травмований;тяжко травмований;;;;;;;49.811871;24.000782;;;;;;;;;;;
2024-10-19;15:40:00;субота;місто;Львів;Личаківський;вулиця;Личаківська;175;;зіткнення бокове;виїзд на смугу зустрічного руху;4;без ушкоджень;легко травмований;легко травмований;легко травмований;;;;;;49.836342;24.067279;;;;;;;;;;;
2024-10-21;16:42:00;понеділок;місто;Львів;Шевченківський;вулиця;Шевченка Т.;;вул. Шевченка Т. - вул. Томашівська;зіткнення бокове;порушення правил проїзду перехресть;2;без ушкоджень;легко травмований;;;;;;;;49.867927816401725;23.95288637432045;;;;;;;;;;;
2024-11-08;20:15:00;п'ятниця;місто;Львів;Галицький;вулиця;Городоцька;21;;падіння пасажира;порушення правил маневрування;2;без ушкоджень;легко травмований;;;;;;;;49.843075;24.023157;;;;;;;;;;;
2024-10-20;19:24:00;неділя;місто;Львів;Франківський;вулиця;Стрийська;48г;;зіткнення бокове;недодержання дистанції;2;без ушкоджень;легко травмований;;;;;;;;49.82247;24.019037;;;;;;;;;;;
2024-11-09;22:01:00;субота;місто;Львів;Залізничний;вулиця;Патона Є.;;вул. Патона Є. - вул. Городоцька;наїзд на транспортний засіб, що стоїть - по ходу руху;порушення правил проїзду перехресть;3;без ушкоджень;без ушкоджень;легко травмований;;;;;;;49.826716;23.947577;;;;;;;;;;;
2024-11-01;16:55:00;п'ятниця;місто;Львів;Шевченківський;вулиця;Лінкольна А.;39;;зіткнення бокове;порушення правил проїзду перехресть;2;без ушкоджень;легко травмований;;;;;;;;49.866735;24.038166;;;;;;;;;;;
2024-10-21;11:39:00;понеділок;місто;Дубляни;Шевченківський;вулиця;Зелена;3а;;наїзд на пішохода - пішохід на зупинці громадського транспорту;порушення правил перевезення пасажирів;2;без ушкоджень;легко травмований;;;;;;;;49.903266;24.087052;;;;;;;;;;;
2024-10-25;19:01:00;п'ятниця;місто;Львів;Галицький;вулиця;Медова;;вул. Медова - вул. Замарстинівська;зіткнення бокове;порушення правил маневрування;3;без ушкоджень;легко травмований;легко травмований;;;;;;;49.848001;24.02777;;;;;;;;;;;
2024-10-19;12:05:00;субота;місто;Львів;Шевченківський;вулиця;Шевченка Т.;297;;наїзд на пішохода - пішохід рухався у попутному напрямку;порушення правил проїзду пішохідних переходів;2;без ушкоджень;помер у лікарні протягом 30 діб;;;;;;;;49.865311;23.957727;;;;;;;;;;;
2024-10-23;16:33:00;середа;місто;Львів;Личаківський;вулиця;Лисенка М.;23;;зіткнення бокове;порушення правил маневрування;2;без ушкоджень;легко травмований;;;;;;;;49.843386;24.042512;;;;;;;;;;;
2024-10-18;14:31:00;п'ятниця;місто;Львів;Личаківський;вулиця;Опришківська;1;;наїзд на пішохода - пішохід рухався у зустрічному напрямку;перевищення безпечної швидкості;2;без ушкоджень;легко травмований;;;;;;;;49.85281950387943;24.04160780647226;;;;;;;;;;;
2024-10-17;19:01:00;четвер;селище;Брюховичі;Шевченківський;вулиця;Лікарська;;;зіткнення бокове;порушення правил маневрування;2;без ушкоджень;легко травмований;;;;;;;;49.907985;23.948264;;;;;;;;;;;
2024-10-16;9:29:00;середа;місто;Львів;Сихівський;вулиця;Пасічна;;вул. Пасічна - вул. Зелена;наїзд на пішохода - пішохід рухався у попутному напрямку;порушення правил маневрування;2;без ушкоджень;легко травмований;;;;;;;;49.806239;24.062161;;;;;;;;;;;
2024-10-15;15:35:00;вівторок;місто;Львів;Франківський;вулиця;Княгині Ольги;;вул. Княгині Ольги - вул. Сахарова А., акад.;наїзд на пішохода - пішохід рухався у попутному напрямку;невиконання вимог сигналів регулювання;2;без ушкоджень;легко травмований;;;;;;;;49.826508;24.010309;;;;;;;;;;;
2024-11-05;10:35:00;вівторок;місто;Львів;Сихівський;вулиця;Зелена;299;;зіткнення бокове;недодержання дистанції;2;без ушкоджень;легко травмований;;;;;;;;49.798421;24.071184;;;;;;;;;;;
2024-10-28;14:05:00;понеділок;місто;Львів;Сихівський;вулиця;Бережанська;77;;наїзд на інші види перешкод;перевищення безпечної швидкості;1;легко травмований;;;;;;;;;49.80261;24.049791;;;;;;;;;;;
2024-11-06;11:46:00;середа;місто;Львів;Шевченківський;вулиця;Липинського В.;54;;зіткнення бокове;порушення правил маневрування;4;без ушкоджень;без ушкоджень;легко травмований;легко травмований;;;;;;49.864498;24.041584;;;;;;;;;;;
2024-11-05;19:01:00;вівторок;місто;Львів;Шевченківський;вулиця;Торф'яна;23;;перекидання тз;перевищення безпечної швидкості;1;легко травмований;;;;;;;;;49.862063;24.021424;;;;;;;;;;;
2024-10-29;14:13:00;вівторок;місто;Львів;Сихівський;проспект;Червоної Калини, просп.;72;;наїзд на пішохода - пішохід рухався у попутному напрямку;перехід пішоходів у невстановленому місці;2;без ушкоджень;легко травмований;;;;;;;;49.789639;24.055139;;;;;;;;;;;
2024-10-29;15:26:00;вівторок;місто;Львів;Шевченківський;вулиця;Під Голоском;8;;наїзд на пішохода - пішохід рухався у попутному напрямку;порушення правил маневрування;2;без ушкоджень;легко травмований;;;;;;;;49.868822;24.013235;;;;;;;;;;;
2024-11-13;4:14:00;середа;місто;Львів;Франківський;вулиця;Кульпарківська;145;;зіткнення бокове;керування транспортним засобом у нетверезому стані;3;без ушкоджень;легко травмований;легко травмований;;;;;;;49.803511;23.981609;;;;;;;;;;;
2024-11-11;14:50:00;понеділок;місто;Львів;Франківський;вулиця;Пулюя І.;42;;зіткнення бокове;порушення правил маневрування;2;легко травмований;легко травмований;;;;;;;;49.800284;23.987017;;;;;;;;;;;
2024-11-07;20:17:00;четвер;місто;Львів;Залізничний;вулиця;Виговського І.;38;;наїзд на велосипедиста - велосипедист рухався у попутному напрямку;перевищення безпечної швидкості;2;без ушкоджень;легко травмований;;;;;;;;49.817635;23.968863;;;;;;;;;;;
2024-10-30;19:20:00;середа;місто;Львів;Шевченківський;вулиця;Миколайчука І.;5;;наїзд на пішохода - пішохід рухався у попутному напрямку;порушення правил маневрування;2;без ушкоджень;легко травмований;;;;;;;;49.869532;24.042399;;;;;;;;;;;
2024-10-23;22:15:00;середа;місто;Львів;Шевченківський;вулиця;Шевченка Т.;322/5;;зіткнення бокове;недодержання дистанції;2;без ушкоджень;легко травмований;;;;;;;;49.864743;23.959299;;;;;;;;;;;
2024-10-21;10:39:00;понеділок;місто;Львів;Шевченківський;проспект;Чорновола В., просп.;59;;наїзд на пішохода - пішохід рухався у попутному напрямку;порушення правил проїзду пішохідних переходів;1;помер у лікарні протягом 30 діб;;;;;;;;;49.857153;24.020378;;;;;;;;;;;
2024-11-04;19:40:00;понеділок;місто;Львів;Шевченківський;вулиця;Жовківська;35;;наїзд на пішохода - пішохід рухався у попутному напрямку;перехід у невстановленому місці;2;без ушкоджень;легко травмований;;;;;;;;49.856067;24.035699;;;;;;;;;;;
2024-11-04;16:30:00;понеділок;місто;Львів;Сихівський;вулиця;Угорська;12;;наїзд на пішохода - пішохід рухався у попутному напрямку;порушення правил проїзду пішохідних переходів;2;без ушкоджень;легко травмований;;;;;;;;49.811376;24.040382;;;;;;;;;;;
2024-11-02;10:20:00;субота;місто;Львів;Залізничний;вулиця;Виговського І.;55;;наїзд на пішохода - пішохід рухався у попутному напрямку;порушення правил проїзду пішохідних переходів;2;без ушкоджень;легко травмований;;;;;;;;49.815253;23.974952;;;;;;;;;;;
2024-10-25;13:01:00;п'ятниця;місто;Львів;Франківський;вулиця;Окружна;64;;падіння пасажира;порушення правил маневрування;1;легко травмований;;;;;;;;;49.826377;23.98442;;;;;;;;;;;
2024-10-24;10:14:00;четвер;місто;Львів;Шевченківський;вулиця;Лінкольна А.;;вул. Лінкольна А. - вул. Миколайчука І.;зіткнення бокове;невиконання вимог сигналів регулювання;2;без ушкоджень;легко травмований;;;;;;;;49.866759;24.044051;;;;;;;;;;;
2024-11-06;17:20:00;середа;місто;Львів;Личаківський;вулиця;Пасічна;42;;наїзд на пішохода - пішохід рухався у попутному напрямку;порушення правил проїзду пішохідних переходів;2;без ушкоджень;легко травмований;;;;;;;;49.830066;24.069961;;;;;;;;;;;
2024-11-06;18:30:00;середа;місто;Львів;Личаківський;вулиця;Вагилевича І.;8;;падіння пасажира;порушення техніки безпеки пасажиром;2;без ушкоджень;легко травмований;;;;;;;;49.833028;24.040704;;;;;;;;;;;
2024-11-12;13:01:00;вівторок;місто;Львів;Галицький;площа;Вічева, пл.;;;падіння пасажира;порушення правил маневрування;4;без ушкоджень;без ушкоджень;легко травмований;легко травмований;;;;;;49.843462;24.028183;;;;;;;;;;;
2024-11-01;16:01:00;п'ятниця;місто;Львів;Залізничний;вулиця;Рудненська;18;;наїзд на пішохода - пішохід рухався у попутному напрямку;перевищення безпечної швидкості;3;без ушкоджень;легко травмований;легко травмований;;;;;;;49.835948;23.965302;;;;;;;;;;;
2024-11-08;20:01:00;п'ятниця;місто;Львів;Шевченківський;вулиця;Шевченка Т.;358;;наїзд на велосипедиста - велосипедист рухався у попутному напрямку;порушення правил маневрування;2;без ушкоджень;легко травмований;;;;;;;;49.873304;23.918781;;;;;;;;;;;
2024-11-07;16:10:00;четвер;місто;Львів;Залізничний;вулиця;Городоцька;284/1;;наїзд на пішохода - пішохід рухався у попутному напрямку;порушення правил проїзду регульованих пішохідних переходів;2;без ушкоджень;легко травмований;;;;;;;;49.824031;23.932085;;;;;;;;;;;
2024-11-09;19:35:00;субота;місто;Дубляни;Шевченківський;вулиця;Львівська;7;;наїзд на пішохода - пішохід рухався у попутному напрямку;перехід у невстановленому місці;2;без ушкоджень;легко травмований;;;;;;;;49.890408;24.092567;;;;;;;;;;;
2024-11-14;12:25:00;четвер;місто;Львів;Сихівський;вулиця;Хоткевича Г.;10;;зіткнення бокове;ненадання переваги в русі при виїзді на дорогу з прилеглої території;2;без ушкоджень;легко травмований;;;;;;;;49.795007;24.050341;;;;;;;;;;;
2024-11-02;8:15:00;субота;місто;Львів;Шевченківський;вулиця;Шевченка Т.;388;;зіткнення бокове;виїзд на смугу зустрічного руху;2;без ушкоджень;легко травмований;;;;;;;;49.873425;23.919296;;;;;;;;;;;
2024-11-11;14:35:00;понеділок;місто;Львів;Личаківський;вулиця;Кукурудзяна;4;;наїзд на пішохода - пішохід рухався у попутному напрямку;неочікуваний вихід на проїжджу частину;2;без ушкоджень;тяжко травмований;;;;;;;;49.862292;24.062591;;;;;;;;;;;
2024-10-17;13:45:00;четвер;місто;Львів;Шевченківський;вулиця;Липинського В.;29в;;зіткнення бокове;порушення правил маневрування;4;помер на місці дтп;легко травмований;легко травмований;легко травмований;;;;;;49.864104;24.035039;;;;;;;;;;;
2024-10-15;8:01:00;вівторок;село;Малехів;Шевченківський;вулиця;Жовківська;;;зіткнення бокове;порушення правил обгону;3;без ушкоджень;легко травмований;легко травмований;;;;;;;49.885966;24.059429;;;;;;;;;;;
2024-10-16;19:40:00;середа;місто;Львів;Франківський;вулиця;Здоров'я;3;;перекидання тз;перевищення безпечної швидкості;1;легко травмований;;;;;;;;;49.832571;24.010658;;;;;;;;;;;
2024-11-09;12:01:00;субота;місто;Львів;Франківський;вулиця;Пулюя І.;20;;зіткнення бокове;порушення правил маневрування;2;без ушкоджень;легко травмований;;;;;;;;49.801977;23.985445;;;;;;;;;;;
2024-11-07;15:10:00;четвер;місто;Львів;Залізничний;вулиця;Любінська;97;;наїзд на пішохода - пішохід рухався у попутному напрямку;порушення правил проїзду пішохідних переходів;2;без ушкоджень;легко травмований;;;;;;;;49.820857;23.97242;;;;;;;;;;;
2024-10-24;18:13:00;четвер;місто;Львів;Личаківський;вулиця;Медової Печери;1;;наїзд на пішохода - пішохід рухався у попутному напрямку;порушення правил проїзду пішохідних переходів;2;без ушкоджень;тяжко травмований;;;;;;;;49.825498;24.077418;;;;;;;;;;;
2024-11-01;18:29:00;п'ятниця;місто;Львів;Залізничний;вулиця;Каховська;15;;зіткнення бокове;недодержання дистанції, перевищення безпечної швидкості;4;без ушкоджень;без ушкоджень;легко травмований;легко травмований;;;;;;49.82475;23.954937;;;;;;;;;;;
2024-10-21;22:20:00;понеділок;місто;Львів;Залізничний;вулиця;Любінська;98;;наїзд на пішохода - пішохід рухався у попутному напрямку;перехід у невстановленому місці;2;без ушкоджень;легко травмований;;;;;;;;49.823075;23.974496;;;;;;;;;;;