accidentDate;accidentTime;accidentDay;settlementType;settlement;district;streetType;streetName;houseNumber;locationComments;accidentType;mainAccidentCause;totalParticipantsAmount;injuryStatusParticipant1;injuryStatusParticipant2;injuryStatusParticipant3;injuryStatusParticipant4;injuryStatusParticipant5;injuryStatusParticipant6;injuryStatusParticipant7;injuryStatusParticipant8;injuryStatusParticipant9;latitude;longitude;injuryStatusParticipant10;injuryStatusParticipant11;injuryStatusParticipant12;injuryStatusParticipant13;injuryStatusParticipant14;injuryStatusParticipant15;injuryStatusParticipant16;injuryStatusParticipant17;injuryStatusParticipant18;injuryStatusParticipant19;injuryStatusParticipant20
2024-10-17;19:25:00;четвер;місто;Львів;Шевченківський;вулиця;Тунельна;15;;наїзд на пішохода - пішохід рухався у попутному напрямку;порушення правил проїзду пішохідних переходів;3;без ушкоджень;легко травмований;легко травмований;;;;;;;49.863039;24.004194;;;;;;;;;;;
2024-10-25;16:43:00;п'ятниця;місто;Львів;Сихівський;вулиця;Гашека Я.;17;;наїзд на пішохода - на нерегульованому пішохідному переході;порушення правил під час руху заднім ходом;2;без ушкоджень;легко травмований;;;;;;;;49.79716;24.02084;;;;;;;;;;;
2024-11-03;17:30:00;неділя;місто;Львів;Сихівський;вулиця;Сихівська;46;;наїзд на пішохода - пішохід рухався у попутному напрямку;порушення правил проїзду пішохідних переходів;3;без ушкоджень;без ушкоджень;легко травмований;;;;;;;49.794345;24.064854;;;;;;;;;;;
2024-11-07;12:20:00;четвер;місто;Львів;Сихівський;вулиця;Коломийська;1;;наїзд на пішохода - пішохід рухався у попутному напрямку;порушення правил маневрування;2;без ушкоджень;легко травмований;;;;;;;;49.78834;24.060246;;;;;;;;;;;
2024-11-15;20:05:00;п'ятниця;місто;Львів;Шевченківський;вулиця;Липинського В.;12;;зіткнення бокове;недодержання дистанції;3;без ушкоджень;без ушкоджень;легко травмований;;;;;;;49.856765;24.02357;;;;;;;;;;;
2024-10-17;18:14:00;четвер;місто;Львів;Франківський;вулиця;Чупринки Т., ген.;16;;зіткнення бокове;неочікуваний вихід на проїжджу частину;2;без ушкоджень;легко травмований;;;;;;;;49.833595;24.014268;;;;;;;;;;;
2024-10-28;22:16:00;понеділок;місто;Львів;Франківський;вулиця;Сахарова А., акад.;52;;зіткнення бокове;порушення правил проїзду перехресть;2;без ушкоджень;легко травмований;;;;;;;;49.827162;24.010583;;;;;;;;;;;
2024-10-25;1:36:00;п'ятниця;місто;Львів;Сихівський;проспект;Червоної Калини, просп.;84;;перекидання тз;перевищення безпечної швидкості;1;легко травмований;;;;;;;;;49.786993;24.058288;;;;;;;;;;;
2024-11-18;16:30:00;понеділок;місто;Львів;Франківський;вулиця;Коновальця Є.;97;;наїзд на пішохода - пішохід рухався у попутному напрямку;порушення правил проїзду нерегульованих пішохідних переходів;2;без ушкоджень;легко травмований;;;;;;;;49.826277;23.997198;;;;;;;;;;;
2024-12-10;17:43:00;вівторок;місто;Львів;Шевченківський;проспект;Чорновола В., просп.;;;падіння пасажира;порушення техніки безпеки пасажиром;2;без ушкоджень;легко травмований;;;;;;;;49.859152;24.020169;;;;;;;;;;;
2024-11-23;17:53:00;субота;місто;Винники;Личаківський;вулиця;Галицька;89;;наїзд на пішохода - пішохід рухався у попутному напрямку;перехід у невстановленому місці;2;без ушкоджень;помер по дорозі в лікарню;;;;;;;;49.817981;24.151812;;;;;;;;;;;
2024-12-04;7:30:00;середа;місто;Львів;Франківський;вулиця;Володимира Великого;3;;наїзд на пішохода - пішохід рухався у попутному напрямку;пішоходи невиконання вимог сигналів регулювання;2;без ушкоджень;легко травмований;;;;;;;;49.807631;24.016864;;;;;;;;;;;
2024-12-06;12:46:00;п'ятниця;місто;Львів;Галицький;проспект;Шевченка Т., просп.;;;наїзд на пішохода - на нерегульованому пішохідному переході;порушення правил маневрування;2;без ушкоджень;легко травмований;;;;;;;;49.838304;24.032078;;;;;;;;;;;
2024-12-09;9:40:00;понеділок;місто;Львів;Сихівський;вулиця;Зелена;269;;зіткнення бокове;порушення правил маневрування;4;без ушкоджень;без ушкоджень;без ушкоджень;легко травмований;;;;;;49.803711;24.069237;;;;;;;;;;;
2024-11-22;20:30:00;п'ятниця;місто;Дубляни;Шевченківський;вулиця;Київська;;вул. Київська - вул. Володимира Великого;наїзд на пішохода - пішохід рухався у попутному напрямку;порушення правил проїзду пішохідних переходів;2;без ушкоджень;легко травмований;;;;;;;;49.891787;24.090464;;;;;;;;;;;
2024-12-08;20:42:00;неділя;місто;Львів;Залізничний;вулиця;Ряшівська;;вул. Ряшівська - вул. Городоцька;наїзд на пішохода - пішохід рухався у попутному напрямку;порушення правил проїзду пішохідних переходів;2;без ушкоджень;легко травмований;;;;;;;;49.82792;23.9538;;;;;;;;;;;
2024-11-26;8:30:00;вівторок;місто;Львів;Франківський;вулиця;Стрийська;230;;наїзд на інші види перешкод;перевтома, сон за кермом;1;легко травмований;;;;;;;;;49.795557;24.015502;;;;;;;;;;;
2024-12-13;17:02:00;п'ятниця;місто;Львів;Галицький;вулиця;Хмельницького Б.;;вул. Хмельницького Б. - вул. Гонти І.;зіткнення лобове;інші порушення правил проїзду нерегульованих перехресть;2;без ушкоджень;легко травмований;;;;;;;;49.84478;24.029347;;;;;;;;;;;
2024-11-16;17:35:00;субота;місто;Львів;Сихівський;вулиця;Пасічна;167;;наїзд на велосипедиста - велосипедист рухався у попутному напрямку;порушення правил проїзду пішохідних переходів;2;без ушкоджень;легко травмований;;;;;;;;49.805103;24.075524;;;;;;;;;;;
2024-11-28;8:51:00;четвер;місто;Львів;Залізничний;вулиця;Садова;;вул. Садова - вул. Кульпарківська;зіткнення бокове;порушення правил маневрування;3;без ушкоджень;без ушкоджень;легко травмований;;;;;;;49.821386;23.988626;;;;;;;;;;;
2024-12-12;17:13:00;четвер;місто;Львів;Залізничний;вулиця;Городоцька;274;;наїзд на пішохода - пішохід рухався у попутному напрямку;перехід у невстановленому місці;2;без ушкоджень;тяжко травмований;;;;;;;;49.824352;23.932831;;;;;;;;;;;
2024-11-28;17:15:00;четвер;місто;Львів;Сихівський;вулиця;Карманського П.;;вул. Карманського П. - вул. Франка І.;наїзд на пішохода - пішохід рухався у попутному напрямку;неочікуваний вихід на проїжджу частину;2;без ушкоджень;легко травмований;;;;;;;;49.820334;24.027389;;;;;;;;;;;
2024-12-01;15:30:00;неділя;місто;Львів;Шевченківський;вулиця;Грінченка Б.;5;;наїзд на пішохода - пішохід рухався у попутному напрямку;порушення правил маневрування;2;без ушкоджень;легко травмований;;;;;;;;49.871033;24.053299;;;;;;;;;;;
2024-11-18;16:45:00;понеділок;місто;Львів;Шевченківський;вулиця;Тунельна;15;;наїзд на пішохода - пішохід рухався у попутному напрямку;порушення правил проїзду пішохідних переходів;2;без ушкоджень;легко травмований;;;;;;;;49.863104;24.004167;;;;;;;;;;;
2024-12-01;17:20:00;неділя;селище;Рудне;Залізничний;вулиця;Мазепи І.;23;;наїзд на пішохода - пішохід рухався у попутному напрямку;перехід у невстановленому місці;2;без ушкоджень;легко травмований;;;;;;;;49.835706;23.891691;;;;;;;;;;;
2024-11-28;10:20:00;четвер;місто;Львів;Франківський;вулиця;Княгині Ольги;102;;наїзд на пішохода - пішохід рухався у попутному напрямку;порушення правил проїзду нерегульованих пішохідних переходів;2;без ушкоджень;легко травмований;;;;;;;;49.81247;23.999864;;;;;;;;;;;
2024-12-08;17:30:00;неділя;місто;Львів;Залізничний;вулиця;Любінська;101;;падіння пасажира;порушення правил перевезення пасажирів;2;без ушкоджень;легко травмований;;;;;;;;49.821054;23.970103;;;;;;;;;;;
2024-11-24;17:42:00;неділя;місто;Львів;Галицький;проспект;Чорновола В., просп.;2;;наїзд на пішохода - пішохід рухався у попутному напрямку;порушення правил проїзду нерегульованих пішохідних переходів;2;без ушкоджень;легко травмований;;;;;;;;49.844445;24.025093;;;;;;;;;;;
2024-11-19;18:01:00;вівторок;місто;Львів;Галицький;вулиця;Замарстинівська;1;;падіння пасажира;порушення техніки безпеки пасажиром;2;без ушкоджень;легко травмований;;;;;;;;49.84789;24.027958;;;;;;;;;;;
2024-12-04;13:13:00;середа;місто;Львів;Франківський;вулиця;Володимира Великого;12;;зіткнення бокове;порушення правил маневрування;2;без ушкоджень;легко травмований;;;;;;;;49.810338;24.006624;;;;;;;;;;;
2024-12-04;13:50:00;середа;місто;Львів;Шевченківський;вулиця;Винниця;60;;наїзд на інші види перешкод;порушення швидкості руху;1;легко травмований;;;;;;;;;49.862579;23.992193;;;;;;;;;;;
2024-12-03;21:23:00;вівторок;місто;Львів;Шевченківський;вулиця;Орлика П.;;вул. Орлика П. - вул. Мазепи І., гетьм.;наїзд на пішохода - пішохід рухався у попутному напрямку;неочікуваний вихід на проїжджу частину;2;без ушкоджень;легко травмований;;;;;;;;49.870812;24.033258;;;;;;;;;;;
2024-11-22;23:50:00;п'ятниця;місто;Львів;Личаківський;вулиця;Пасічна;27;;зіткнення бокове;перевищення безпечної швидкості;2;легко травмований;легко травмований;;;;;;;;49.832595;24.06773;;;;;;;;;;;
2024-12-06;10:01:00;п'ятниця;місто;Львів;Залізничний;вулиця;Городоцька;302;;зіткнення бокове;порушення швидкості руху;3;без ушкоджень;без ушкоджень;легко травмований;;;;;;;49.82301266620026;23.911298875369987;;;;;;;;;;;
2024-12-05;18:51:00;четвер;місто;Львів;Галицький;вулиця;Томашівського С.;;;наїзд на пішохода - пішохід рухався у попутному напрямку;неочікуваний вихід на проїжджу частину;2;без ушкоджень;легко травмований;;;;;;;;49.836412;24.028779;;;;;;;;;;;
2024-11-18;23:56:00;понеділок;місто;Львів;Залізничний;вулиця;Городоцька;179;;перекидання тз;перевищення безпечної швидкості;1;легко травмований;;;;;;;;;49.835332;23.994752;;;;;;;;;;;
2024-11-28;18:26:00;четвер;місто;Львів;Залізничний;вулиця;Головатого А.;;вул. Головатого А. - вул. Виговського І.;наїзд на пішохода - пішохід рухався у попутному напрямку;порушення правил проїзду пішохідних переходів;2;без ушкоджень;легко травмований;;;;;;;;49.826038;23.967791;;;;;;;;;;;
2024-11-22;13:55:00;п'ятниця;місто;Львів;Залізничний;вулиця;Городоцька;155;;наїзд на пішохода - на регульованому пішохідному переході;порушення правил маневрування;2;без ушкоджень;легко травмований;;;;;;;;49.836128;23.999376;;;;;;;;;;;
2024-12-16;16:10:00;понеділок;місто;Львів;Шевченківський;вулиця;Тунельна;15;;наїзд на пішохода - пішохід рухався у попутному напрямку;неочікуваний вихід на проїжджу частину;2;без ушкоджень;легко травмований;;;;;;;;49.86308;24.004177;;;;;;;;;;;
2024-12-09;17:19:00;понеділок;місто;Львів;Залізничний;вулиця;Левандівська;13;;зіткнення бокове;перевищення безпечної швидкості;2;без ушкоджень;легко травмований;;;;;;;;49.84441;23.984399;;;;;;;;;;;
2024-12-14;17:31:00;субота;місто;Львів;Галицький;вулиця;Підвальна;13;;наїзд на пішохода - на нерегульованому пішохідному переході;порушення правил проїзду пішохідних переходів;2;без ушкоджень;тяжко травмований;;;;;;;;49.843058;24.034948;;;;;;;;;;;
2024-12-09;23:02:00;понеділок;місто;Львів;Сихівський;вулиця;Зелена;273;;зіткнення бокове;порушення правил під час зміни напрямку руху, не пов’язане з перестроюванням;2;без ушкоджень;легко травмований;;;;;;;;49.801921;24.066292;;;;;;;;;;;
2024-11-18;17:59:00;понеділок;місто;Львів;Сихівський;вулиця;Коломийська;23;;наїзд на пішохода - пішохід рухався у попутному напрямку;неочікуваний вихід на проїжджу частину;2;без ушкоджень;легко травмований;;;;;;;;49.789248;24.067612;;;;;;;;;;;
2024-12-10;7:30:00;вівторок;місто;Львів;Сихівський;вулиця;Пасічна;164;;наїзд на пішохода - пішохід рухався у попутному напрямку;порушення правил проїзду нерегульованих пішохідних переходів;2;без ушкоджень;легко травмований;;;;;;;;49.806962;24.064634;;;;;;;;;;;
2024-11-21;19:15:00;четвер;місто;Львів;Личаківський;вулиця;Поліська;2;;наїзд на інші види перешкод;перевтома, сон за кермом;1;легко травмований;;;;;;;;;49.874348;24.064404;;;;;;;;;;;
2024-11-23;10:01:00;субота;місто;Львів;Залізничний;вулиця;Городоцька;106;;наїзд на пішохода - на нерегульованому пішохідному переході;порушення правил проїзду пішохідних переходів;2;без ушкоджень;легко травмований;;;;;;;;49.837124;24.003861;;;;;;;;;;;
2024-12-16;16:08:00;понеділок;місто;Львів;Галицький;площа;Данила Галицького, пл.;4;;зіткнення бокове;порушення правил проїзду перехресть;2;без ушкоджень;легко травмований;;;;;;;;49.844493;24.033043;;;;;;;;;;;
2024-11-17;13:15:00;неділя;місто;Львів;Сихівський;проспект;Червоної Калини, просп.;;;падіння пасажира;порушення техніки безпеки пасажиром;2;без ушкоджень;легко травмований;;;;;;;;49.797985;24.049973;;;;;;;;;;;
2024-12-10;7:50:00;вівторок;місто;Львів;Личаківський;вулиця;Вашингтона Дж.;7а;;наїзд на пішохода - пішохід рухався у попутному напрямку;порушення правил проїзду пішохідних переходів;2;без ушкоджень;легко травмований;;;;;;;;49.816274;24.069908;;;;;;;;;;;
2024-11-18;21:55:00;понеділок;місто;Львів;Галицький;вулиця;Газова;18;;наїзд на пішохода - на регульованому пішохідному переході;порушення правил проїзду пішохідних переходів;2;без ушкоджень;тяжко травмований;;;;;;;;49.848883;24.022545;;;;;;;;;;;
2024-11-25;10:59:00;понеділок;місто;Львів;Залізничний;вулиця;Городоцька;291;;зіткнення бокове;невиконання вимог сигналів регулювання;3;без ушкоджень;легко травмований;легко травмований;;;;;;;49.828851;23.960141;;;;;;;;;;;
2024-12-04;10:46:00;середа;місто;Львів;Шевченківський;вулиця;Замарстинівська;107;;зіткнення бокове;порушення правил проїзду перехресть;2;без ушкоджень;легко травмований;;;;;;;;49.860528;24.026638;;;;;;;;;;;
2024-12-05;14:29:00;четвер;місто;Львів;Залізничний;вулиця;Шевченка Т.;19;;наїзд на пішохода - пішохід рухався у попутному напрямку;неочікуваний вихід на проїжджу частину;2;без ушкоджень;легко травмований;;;;;;;;49.845088;24.008045;;;;;;;;;;;
2024-11-17;16:35:00;неділя;місто;Львів;Сихівський;вулиця;Демнянська;4а;;зіткнення бокове;порушення правил маневрування;2;без ушкоджень;легко травмований;;;;;;;;49.799242;24.02975;;;;;;;;;;;
2024-11-17;16:30:00;неділя;село;Великі Грибовичі;Шевченківський;вулиця;Львівська;2;;зіткнення бокове;порушення правил проїзду перехресть;2;без ушкоджень;легко травмований;;;;;;;;49.909483965277445;24.054462943523927;;;;;;;;;;;
2024-11-19;20:10:00;вівторок;місто;Львів;Шевченківський;вулиця;Мазепи І., гетьм.;;вул. Мазепи І., гетьм. - вул. Миколайчука І.;зіткнення бокове;керування транспортним засобом у стані сп'яніння;4;без ушкоджень;легко травмований;легко травмований;легко травмований;;;;;;49.872222;24.042184;;;;;;;;;;;
2024-12-12;14:30:00;четвер;місто;Львів;Галицький;площа;Франка І.;88;;наїзд на пішохода - пішохід рухався у попутному напрямку;порушення правил проїзду зупинок громадського транспорту;2;без ушкоджень;легко травмований;;;;;;;;49.828903;24.032341;;;;;;;;;;;
2024-11-20;17:03:00;середа;місто;Львів;Личаківський;вулиця;Богданівська;100;;наїзд на пішохода - пішохід рухався у попутному напрямку;неочікуваний вихід на проїжджу частину;2;без ушкоджень;помер у лікарні протягом 30 діб;;;;;;;;49.853341;24.077858;;;;;;;;;;;
2024-11-27;15:30:00;середа;місто;Львів;Личаківський;вулиця;Тершаковців;2;;наїзд на пішохода - пішохід рухався у попутному напрямку;неочікуваний вихід на проїжджу частину;2;без ушкоджень;легко травмований;;;;;;;;49.835664;24.041101;;;;;;;;;;;
2024-11-19;15:20:00;вівторок;місто;Львів;Сихівський;вулиця;Пасічна;;вул. Пасічна - вул. Зелена;наїзд на пішохода - пішохід рухався у попутному напрямку;порушення правил проїзду пішохідних переходів;2;без ушкоджень;легко травмований;;;;;;;;49.807167;24.061818;;;;;;;;;;;
2024-11-30;6:25:00;субота;місто;Львів;Залізничний;вулиця;Хотинська;;вул. Хотинська - вул. Городоцька;наїзд на пішохода - пішохід рухався у попутному напрямку;порушення правил проїзду пішохідних переходів;2;без ушкоджень;легко травмований;;;;;;;;49.837488;24.005063;;;;;;;;;;;
2024-12-12;12:38:00;четвер;місто;Львів;Залізничний;вулиця;Патона Є.;2;;наїзд на пішохода - пішохід рухався у попутному напрямку;порушення правил маневрування;2;без ушкоджень;легко травмований;;;;;;;;49.823415;23.961471;;;;;;;;;;;
2024-12-12;16:15:00;четвер;місто;Львів;Сихівський;вулиця;Чукаріна В.;6;;зіткнення бокове;порушення вимог дорожніх знаків пріоритету при проїзді перехрестя;2;без ушкоджень;легко травмований;;;;;;;;49.798864;24.045274;;;;;;;;;;;
2024-12-12;20:20:00;четвер;місто;Львів;Шевченківський;вулиця;Хмельницького Б.;64;;зіткнення бокове;порушення швидкості руху;3;без ушкоджень;легко травмований;легко травмований;;;;;;;49.852408;24.034127;;;;;;;;;;;
2024-12-13;10:49:00;п'ятниця;місто;Львів;Галицький;вулиця;Замарстинівська;5;;наїзд на пішохода - пішохід рухався у зустрічному напрямку;порушення правил проїзду нерегульованих пішохідних переходів;2;без ушкоджень;легко травмований;;;;;;;;49.847825;24.02769;;;;;;;;;;;
2024-11-22;17:11:00;п'ятниця;місто;Львів;Галицький;вулиця;Дорошенка П.;;вул. Дорошенка П. - вул. Бандери С.;зіткнення бокове;порушення правил проїзду перехресть;2;без ушкоджень;легко травмований;;;;;;;;49.834758;24.018087;;;;;;;;;;;
2024-11-24;20:20:00;неділя;місто;Львів;Шевченківський;вулиця;Мазепи І., гетьм.;12;;наїзд на пішохода - пішохід рухався у попутному напрямку;порушення ПДР пішоходами у стані сп'яніння;2;без ушкоджень;легко травмований;;;;;;;;49.870241;24.032668;;;;;;;;;;;
2024-12-14;18:58:00;субота;місто;Львів;Франківський;вулиця;Героїв УПА;73;;падіння пасажира;порушення техніки безпеки пасажиром;2;без ушкоджень;помер у лікарні протягом 30 діб;;;;;;;;49.828626;23.991362;;;;;;;;;;;
2024-12-01;11:01:00;неділя;місто;Львів;Франківський;вулиця;Горбачевського І.;;;наїзд на велосипедиста - велосипедист рухався у попутному напрямку;порушення правил маневрування;2;без ушкоджень;легко травмований;;;;;;;;49.828993;24.009;;;;;;;;;;;
2024-12-12;20:58:00;четвер;місто;Львів;Франківський;вулиця;Сахарова А., акад.;7а;;наїзд на інші види перешкод;порушення швидкості руху;1;легко травмований;;;;;;;;;49.826747;24.010872;;;;;;;;;;;
2024-12-06;23:30:00;п'ятниця;місто;Львів;Личаківський;вулиця;Погулянка;41;;перекидання тз;перевищення безпечної швидкості;2;легко травмований;легко травмований;;;;;;;;49.828408;24.055139;;;;;;;;;;;
2024-11-27;17:23:00;середа;місто;Львів;Шевченківський;вулиця;Липинського В.;28;;наїзд на пішохода - на нерегульованому пішохідному переході;неочікуваний вихід на проїжджу частину;2;без ушкоджень;легко травмований;;;;;;;;49.86216;24.029288;;;;;;;;;;;
2024-12-05;21:50:00;четвер;місто;Львів;Шевченківський;вулиця;Шевченка Т.;120;;наїзд на велосипедиста - велосипедист рухався у попутному напрямку;невиконання вимог сигналів регулювання;2;без ушкоджень;легко травмований;;;;;;;;49.849035;23.997477;;;;;;;;;;;
2024-11-18;17:14:00;понеділок;місто;Львів;Личаківський;вулиця;Богданівська;42;;наїзд на пішохода - пішохід рухався у попутному напрямку;порушення правил проїзду пішохідних переходів;2;без ушкоджень;легко травмований;;;;;;;;49.85529;24.07763;;;;;;;;;;;
2024-11-28;11:10:00;четвер;місто;Львів;Залізничний;вулиця;Кульпарківська;140;;наїзд на пішохода - на нерегульованому пішохідному переході;порушення правил проїзду нерегульованих пішохідних переходів;2;без ушкоджень;легко травмований;;;;;;;;49.817884;23.987253;;;;;;;;;;;
2024-12-09;19:01:00;понеділок;місто;Львів;Сихівський;вулиця;Вашингтона Дж.;6а;;наїзд на пішохода - пішохід рухався у попутному напрямку;порушення правил проїзду нерегульованих пішохідних переходів;2;без ушкоджень;легко травмований;;;;;;;;49.81454;24.070718;;;;;;;;;;;
2024-11-23;23:05:00;субота;місто;Львів;Галицький;вулиця;Городоцька;2;;наїзд на пішохода - пішохід рухався у попутному напрямку;порушення правил проїзду нерегульованих пішохідних переходів;2;без ушкоджень;легко травмований;;;;;;;;49.844479;24.025126;;;;;;;;;;;
2024-12-17;18:40:00;вівторок;місто;Львів;Франківський;вулиця;Копистинського Т.;;вул. Копистинського Т. - вул. Кульпарківська;зіткнення бокове;порушення правил проїзду перехресть;4;без ушкоджень;без ушкоджень;без ушкоджень;легко травмований;;;;;;49.828848;23.990176;;;;;;;;;;;
2024-12-16;7:30:00;понеділок;місто;Львів;Шевченківський;вулиця;Шевченка Т.;321;;зіткнення бокове;перевищення безпечної швидкості;2;без ушкоджень;легко травмований;;;;;;;;49.872361;23.93569;;;;;;;;;;;
2024-12-14;17:58:00;субота;місто;Львів;Личаківський;вулиця;Вашингтона Дж.;13;;наїзд на пішохода - на нерегульованому пішохідному переході;порушення правил проїзду нерегульованих пішохідних переходів;2;без ушкоджень;тяжко травмований;;;;;;;;49.815239;24.072713;;;;;;;;;;;
2024-12-07;15:10:00;субота;місто;Львів;Шевченківський;вулиця;Величковського І.;1;;падіння пасажира;порушення правил маневрування;2;легко травмований;легко травмований;;;;;;;;49.874072;23.931677;;;;;;;;;;;
2024-11-22;9:02:00;п'ятниця;місто;Львів;Шевченківський;вулиця;Варшавська;113;;наїзд на пішохода - на регульованому пішохідному переході;перехід пішоходів у невстановленому місці;2;без ушкоджень;легко травмований;;;;;;;;49.861147;24.00804;;;;;;;;;;;
2024-12-26;14:15:00;четвер;місто;Львів;Франківський;вулиця;Стрийська;200а;;падіння пасажира;порушення техніки безпеки пасажиром;2;без ушкоджень;легко травмований;;;;;;;;49.799477;24.017288;;;;;;;;;;;
2024-12-23;15:53:00;понеділок;місто;Львів;Сихівський;вулиця;Кос-Анатольського А.;1;;наїзд на пішохода - пішохід рухався у попутному напрямку;порушення правил проїзду пішохідних переходів;2;без ушкоджень;легко травмований;;;;;;;;49.790363;24.061169;;;;;;;;;;;
2024-12-26;7:15:00;четвер;місто;Львів;Шевченківський;вулиця;Шевченка Т.;132;;наїзд на пішохода - пішохід рухався у попутному напрямку;перехід у невстановленому місці;2;без ушкоджень;помер у лікарні протягом 30 діб;;;;;;;;49.851263;23.991635;;;;;;;;;;;
2024-12-25;20:19:00;середа;село;Гряда;Шевченківський;вулиця;Центральна;;;наїзд на пішохода - пішохід рухався у попутному напрямку;неочікуваний вихід на проїжджу частину;2;без ушкоджень;легко травмований;;;;;;;;49.935146;24.052076;;;;;;;;;;;
2024-12-31;17:01:00;вівторок;місто;Львів;Личаківський;вулиця;Мечникова І.;;вул. Мечникова І. - вул. Шімзерів;наїзд на пішохода - пішохід рухався у попутному напрямку;інші порушення правил проїзду нерегульованих перехресть;2;без ушкоджень;легко травмований;;;;;;;;49.834599;24.052495;;;;;;;;;;;
2024-12-21;19:30:00;субота;місто;Львів;Шевченківський;вулиця;Липинського В.;;вул. Липинського В. - вул. Замарстинівська;зіткнення бокове;інші порушення правил проїзду регульованих перехресть;3;легко травмований;легко травмований;легко травмований;;;;;;;49.86012;24.026842;;;;;;;;;;;
2024-12-29;20:46:00;неділя;місто;Львів;Сихівський;проспект;Червоної Калини, просп.;46;;наїзд на пішохода - пішохід рухався у попутному напрямку;перехід пішоходів у невстановленому місці;3;без ушкоджень;легко травмований;легко травмований;;;;;;;49.796648;24.051143;;;;;;;;;;;
2024-12-28;7:50:00;субота;місто;Львів;Галицький;вулиця;Городоцька;67;;наїзд на пішохода - пішохід рухався у попутному напрямку;неочікуваний вихід на проїжджу частину;2;без ушкоджень;легко травмований;;;;;;;;49.841605;24.016156;;;;;;;;;;;
2024-12-31;12:21:00;вівторок;місто;Львів;Залізничний;вулиця;Левандівська;12;;наїзд на пішохода - пішохід рухався у попутному напрямку;інші порушення правил проїзду нерегульованих перехресть;2;без ушкоджень;легко травмований;;;;;;;;49.844936;23.985016;;;;;;;;;;;
2024-12-19;17:46:00;четвер;селище;Брюховичі;Шевченківський;вулиця;Львівська;8;;наїзд на пішохода - на нерегульованому пішохідному переході;порушення правил проїзду пішохідних переходів;2;без ушкоджень;тяжко травмований;;;;;;;;49.901349;23.960118;;;;;;;;;;;
2024-12-20;12:24:00;п'ятниця;місто;Львів;Личаківський;вулиця;Хмельницького Б.;;;наїзд на пішохода - на нерегульованому пішохідному переході;порушення правил проїзду нерегульованих пішохідних переходів;2;без ушкоджень;легко травмований;;;;;;;;49.87561;24.062327;;;;;;;;;;;
2024-12-21;19:09:00;субота;місто;Львів;Шевченківський;проспект;Чорновола В., просп.;69а;;зіткнення бокове;порушення правил маневрування;2;без ушкоджень;легко травмований;;;;;;;;49.860072;24.019643;;;;;;;;;;;
2024-12-27;8:55:00;п'ятниця;місто;Львів;Галицький;вулиця;Коперника М.;23;;зіткнення;порушення правил маневрування;2;без ушкоджень;легко травмований;;;;;;;;49.835637;24.021934;;;;;;;;;;;
2024-12-20;13:22:00;п'ятниця;місто;Львів;Личаківський;вулиця;Богданівська;;;падіння пасажира;порушення правил перевезення пасажирів;2;без ушкоджень;тяжко травмований;;;;;;;;49.857091;24.073963;;;;;;;;;;;
2024-12-27;19:30:00;п'ятниця;місто;Львів;Сихівський;вулиця;Пирогівка;26;;перекидання тз;перевищення безпечної швидкості;1;легко травмований;;;;;;;;;49.806685;24.075835;;;;;;;;;;;
2024-12-30;9:38:00;понеділок;місто;Львів;Залізничний;вулиця;Сяйво;12;;зіткнення бокове;порушення правил під час зміни напрямку руху, не пов’язане з перестроюванням;3;без ушкоджень;легко травмований;легко травмований;;;;;;;49.839283;23.97868;;;;;;;;;;;
2024-12-27;19:54:00;п'ятниця;місто;Львів;Шевченківський;вулиця;Липинського В.;60а;;наїзд на пішохода - на регульованому пішохідному переході;порушення правил проїзду регульованих пішохідних переходів;2;без ушкоджень;легко травмований;;;;;;;;49.865017;24.050934;;;;;;;;;;;
2024-12-27;17:37:00;п'ятниця;місто;Львів;Франківський;вулиця;Тролейбусна;7;;наїзд на пішохода;порушення правил проїзду нерегульованих пішохідних переходів;2;без ушкоджень;легко травмований;;;;;;;;49.805636;24.006983;;;;;;;;;;;
2024-12-17;17:45:00;вівторок;місто;Львів;Личаківський;вулиця;Пасічна;84д;;зіткнення бокове;недодержання дистанції;4;без ушкоджень;без ушкоджень;без ушкоджень;легко травмований;;;;;;49.820833;24.075181;;;;;;;;;;;
2024-12-29;18:10:00;неділя;місто;Львів;Шевченківський;вулиця;Хмельницького Б.;275а;;наїзд на пішохода - пішохід рухався у попутному напрямку;порушення правил проїзду нерегульованих пішохідних переходів;2;без ушкоджень;легко травмований;;;;;;;;49.853895;24.042463;;;;;;;;;;;
2024-12-27;11:10:00;п'ятниця;місто;Львів;Сихівський;вулиця;Сихівська;22;;наїзд на пішохода;порушення правил проїзду регульованих пішохідних переходів;2;без ушкоджень;легко травмований;;;;;;;;49.79455;24.063975;;;;;;;;;;;
2024-12-31;0:01:00;вівторок;місто;Львів;Шевченківський;вулиця;Липинського В.;60;;наїзд на інші види перешкод;порушення швидкості руху;1;легко травмований;;;;;;;;;49.864647;24.050462;;;;;;;;;;;
2024-12-31;18:30:00;вівторок;місто;Львів;Галицький;вулиця;Кривоноса М.;9;;наїзд на пішохода - на нерегульованому пішохідному переході;порушення правил проїзду нерегульованих пішохідних переходів;2;без ушкоджень;легко травмований;;;;;;;;49.845068;24.03955;;;;;;;;;;;
2024-12-28;20:05:00;субота;місто;Львів;Залізничний;вулиця;Левандівська;12;;зіткнення бокове;порушення правил проїзду перехресть;3;без ушкоджень;без ушкоджень;легко травмований;;;;;;;49.8455;23.986663;;;;;;;;;;;